<?xml version="1.0" encoding="UTF-8"?>
<export version="D">
  <design>
    <source>/Users/usb/Desktop/Kicad/pulse delay/pulse delay.sch</source>
    <date>Tuesday, June 15, 2021 at 10:59:31 AM</date>
    <tool>Eeschema (5.1.2-1)-1</tool>
    <sheet number="1" name="/" tstamps="/">
      <title_block>
        <title>pulse delays</title>
        <company/>
        <rev>v02</rev>
        <date>2021</date>
        <source>pulse delay.sch</source>
        <comment number="1" value=""/>
        <comment number="2" value=""/>
        <comment number="3" value="redrawn by : matt hartman"/>
        <comment number="4" value="(c) yves usson"/>
      </title_block>
    </sheet>
  </design>
  <components>
    <comp ref="JK1">
      <value>IN1</value>
      <footprint>Footprints2:BananaFoFanna4</footprint>
      <datasheet>~</datasheet>
      <libsource lib="Connector" part="Conn_01x01_Female" description="Generic connector, single row, 01x01, script generated (kicad-library-utils/schlib/autogen/connector/)"/>
      <sheetpath names="/" tstamps="/"/>
      <tstamp>60AAC3A3</tstamp>
    </comp>
    <comp ref="JK3">
      <value>IN2</value>
      <footprint>Footprints2:BananaFoFanna4</footprint>
      <datasheet>~</datasheet>
      <libsource lib="Connector" part="Conn_01x01_Female" description="Generic connector, single row, 01x01, script generated (kicad-library-utils/schlib/autogen/connector/)"/>
      <sheetpath names="/" tstamps="/"/>
      <tstamp>60AAD496</tstamp>
    </comp>
    <comp ref="SW1">
      <value>SW_SPDT</value>
      <footprint>w_switch:switch_100sp5</footprint>
      <datasheet>~</datasheet>
      <libsource lib="Switch" part="SW_SPDT" description="Switch, single pole double throw"/>
      <sheetpath names="/" tstamps="/"/>
      <tstamp>60AADBD7</tstamp>
    </comp>
    <comp ref="D3">
      <value>1N4148</value>
      <footprint>Diode_THT:D_DO-35_SOD27_P7.62mm_Horizontal</footprint>
      <datasheet>~</datasheet>
      <libsource lib="Device" part="D" description="Diode"/>
      <sheetpath names="/" tstamps="/"/>
      <tstamp>60AAEF1B</tstamp>
    </comp>
    <comp ref="D4">
      <value>1N4148</value>
      <footprint>Diode_THT:D_DO-35_SOD27_P7.62mm_Horizontal</footprint>
      <datasheet>~</datasheet>
      <libsource lib="Device" part="D" description="Diode"/>
      <sheetpath names="/" tstamps="/"/>
      <tstamp>60AB0FDC</tstamp>
    </comp>
    <comp ref="R18">
      <value>100k</value>
      <footprint>Resistor_THT:R_Axial_DIN0207_L6.3mm_D2.5mm_P10.16mm_Horizontal</footprint>
      <datasheet>~</datasheet>
      <libsource lib="Device" part="R" description="Resistor"/>
      <sheetpath names="/" tstamps="/"/>
      <tstamp>60AB164B</tstamp>
    </comp>
    <comp ref="D2">
      <value>1N4148</value>
      <footprint>Diode_THT:D_DO-35_SOD27_P7.62mm_Horizontal</footprint>
      <datasheet>~</datasheet>
      <libsource lib="Device" part="D" description="Diode"/>
      <sheetpath names="/" tstamps="/"/>
      <tstamp>60AB24FB</tstamp>
    </comp>
    <comp ref="R17">
      <value>100k</value>
      <footprint>Resistor_THT:R_Axial_DIN0207_L6.3mm_D2.5mm_P10.16mm_Horizontal</footprint>
      <datasheet>~</datasheet>
      <libsource lib="Device" part="R" description="Resistor"/>
      <sheetpath names="/" tstamps="/"/>
      <tstamp>60AB2E11</tstamp>
    </comp>
    <comp ref="D1">
      <value>1N4148</value>
      <footprint>Diode_THT:D_DO-35_SOD27_P7.62mm_Horizontal</footprint>
      <datasheet>~</datasheet>
      <libsource lib="Device" part="D" description="Diode"/>
      <sheetpath names="/" tstamps="/"/>
      <tstamp>60AB39A8</tstamp>
    </comp>
    <comp ref="C5">
      <value>10n</value>
      <footprint>Capacitor_THT:C_Disc_D5.0mm_W2.5mm_P2.50mm</footprint>
      <datasheet>~</datasheet>
      <libsource lib="Device" part="C" description="Unpolarized capacitor"/>
      <sheetpath names="/" tstamps="/"/>
      <tstamp>60AB97D3</tstamp>
    </comp>
    <comp ref="C9">
      <value>10n</value>
      <footprint>Capacitor_THT:C_Disc_D5.0mm_W2.5mm_P2.50mm</footprint>
      <datasheet>~</datasheet>
      <libsource lib="Device" part="C" description="Unpolarized capacitor"/>
      <sheetpath names="/" tstamps="/"/>
      <tstamp>60ABA65E</tstamp>
    </comp>
    <comp ref="R3">
      <value>22k</value>
      <footprint>Resistor_THT:R_Axial_DIN0207_L6.3mm_D2.5mm_P10.16mm_Horizontal</footprint>
      <datasheet>~</datasheet>
      <libsource lib="Device" part="R" description="Resistor"/>
      <sheetpath names="/" tstamps="/"/>
      <tstamp>60ABE5A7</tstamp>
    </comp>
    <comp ref="R10">
      <value>22k</value>
      <footprint>Resistor_THT:R_Axial_DIN0207_L6.3mm_D2.5mm_P10.16mm_Horizontal</footprint>
      <datasheet>~</datasheet>
      <libsource lib="Device" part="R" description="Resistor"/>
      <sheetpath names="/" tstamps="/"/>
      <tstamp>60ABEB00</tstamp>
    </comp>
    <comp ref="R8">
      <value>10k</value>
      <footprint>Resistor_THT:R_Axial_DIN0207_L6.3mm_D2.5mm_P10.16mm_Horizontal</footprint>
      <datasheet>~</datasheet>
      <libsource lib="Device" part="R" description="Resistor"/>
      <sheetpath names="/" tstamps="/"/>
      <tstamp>60AC1E27</tstamp>
    </comp>
    <comp ref="R7">
      <value>4k7</value>
      <footprint>Resistor_THT:R_Axial_DIN0207_L6.3mm_D2.5mm_P10.16mm_Horizontal</footprint>
      <datasheet>~</datasheet>
      <libsource lib="Device" part="R" description="Resistor"/>
      <sheetpath names="/" tstamps="/"/>
      <tstamp>60AC2BCD</tstamp>
    </comp>
    <comp ref="LD1">
      <value>LED</value>
      <footprint>Footprints2:LED-3MMcenter</footprint>
      <datasheet>~</datasheet>
      <libsource lib="Device" part="LED" description="Light emitting diode"/>
      <sheetpath names="/" tstamps="/"/>
      <tstamp>60AC49F3</tstamp>
    </comp>
    <comp ref="R9">
      <value>1k</value>
      <footprint>Resistor_THT:R_Axial_DIN0207_L6.3mm_D2.5mm_P10.16mm_Horizontal</footprint>
      <datasheet>~</datasheet>
      <libsource lib="Device" part="R" description="Resistor"/>
      <sheetpath names="/" tstamps="/"/>
      <tstamp>60AC5F3B</tstamp>
    </comp>
    <comp ref="JK4">
      <value>OUT2</value>
      <footprint>Footprints2:BananaFoFanna4</footprint>
      <datasheet>~</datasheet>
      <libsource lib="Connector" part="Conn_01x01_Female" description="Generic connector, single row, 01x01, script generated (kicad-library-utils/schlib/autogen/connector/)"/>
      <sheetpath names="/" tstamps="/"/>
      <tstamp>60AD0A69</tstamp>
    </comp>
    <comp ref="R15">
      <value>10k</value>
      <footprint>Resistor_THT:R_Axial_DIN0207_L6.3mm_D2.5mm_P10.16mm_Horizontal</footprint>
      <datasheet>~</datasheet>
      <libsource lib="Device" part="R" description="Resistor"/>
      <sheetpath names="/" tstamps="/"/>
      <tstamp>60AD0A73</tstamp>
    </comp>
    <comp ref="R14">
      <value>4k7</value>
      <footprint>Resistor_THT:R_Axial_DIN0207_L6.3mm_D2.5mm_P10.16mm_Horizontal</footprint>
      <datasheet>~</datasheet>
      <libsource lib="Device" part="R" description="Resistor"/>
      <sheetpath names="/" tstamps="/"/>
      <tstamp>60AD0A87</tstamp>
    </comp>
    <comp ref="LD2">
      <value>LED</value>
      <footprint>Footprints2:LED-3MMcenter</footprint>
      <datasheet>~</datasheet>
      <libsource lib="Device" part="LED" description="Light emitting diode"/>
      <sheetpath names="/" tstamps="/"/>
      <tstamp>60AD0A95</tstamp>
    </comp>
    <comp ref="R16">
      <value>1k</value>
      <footprint>Resistor_THT:R_Axial_DIN0207_L6.3mm_D2.5mm_P10.16mm_Horizontal</footprint>
      <datasheet>~</datasheet>
      <libsource lib="Device" part="R" description="Resistor"/>
      <sheetpath names="/" tstamps="/"/>
      <tstamp>60AD0A9F</tstamp>
    </comp>
    <comp ref="P1">
      <value>A1M</value>
      <footprint>Footprints2:Potentiometer_Alpha_RD901F-40-00D_Single_Vertical_Center</footprint>
      <datasheet>~</datasheet>
      <libsource lib="Device" part="R_POT" description="Potentiometer"/>
      <sheetpath names="/" tstamps="/"/>
      <tstamp>60AEA9D6</tstamp>
    </comp>
    <comp ref="R5">
      <value>10k</value>
      <footprint>Resistor_THT:R_Axial_DIN0207_L6.3mm_D2.5mm_P10.16mm_Horizontal</footprint>
      <datasheet>~</datasheet>
      <libsource lib="Device" part="R" description="Resistor"/>
      <sheetpath names="/" tstamps="/"/>
      <tstamp>60AF15BF</tstamp>
    </comp>
    <comp ref="P2">
      <value>A1M</value>
      <footprint>Footprints2:Potentiometer_Alpha_RD901F-40-00D_Single_Vertical_Center</footprint>
      <datasheet>~</datasheet>
      <libsource lib="Device" part="R_POT" description="Potentiometer"/>
      <sheetpath names="/" tstamps="/"/>
      <tstamp>60AF3748</tstamp>
    </comp>
    <comp ref="R6">
      <value>10k</value>
      <footprint>Resistor_THT:R_Axial_DIN0207_L6.3mm_D2.5mm_P10.16mm_Horizontal</footprint>
      <datasheet>~</datasheet>
      <libsource lib="Device" part="R" description="Resistor"/>
      <sheetpath names="/" tstamps="/"/>
      <tstamp>60AF3756</tstamp>
    </comp>
    <comp ref="P3">
      <value>A1M</value>
      <footprint>Footprints2:Potentiometer_Alpha_RD901F-40-00D_Single_Vertical_Center</footprint>
      <datasheet>~</datasheet>
      <libsource lib="Device" part="R_POT" description="Potentiometer"/>
      <sheetpath names="/" tstamps="/"/>
      <tstamp>60AF5E04</tstamp>
    </comp>
    <comp ref="R12">
      <value>10k</value>
      <footprint>Resistor_THT:R_Axial_DIN0207_L6.3mm_D2.5mm_P10.16mm_Horizontal</footprint>
      <datasheet>~</datasheet>
      <libsource lib="Device" part="R" description="Resistor"/>
      <sheetpath names="/" tstamps="/"/>
      <tstamp>60AF5E12</tstamp>
    </comp>
    <comp ref="P4">
      <value>A1M</value>
      <footprint>Footprints2:Potentiometer_Alpha_RD901F-40-00D_Single_Vertical_Center</footprint>
      <datasheet>~</datasheet>
      <libsource lib="Device" part="R_POT" description="Potentiometer"/>
      <sheetpath names="/" tstamps="/"/>
      <tstamp>60AF5E1D</tstamp>
    </comp>
    <comp ref="R13">
      <value>10k</value>
      <footprint>Resistor_THT:R_Axial_DIN0207_L6.3mm_D2.5mm_P10.16mm_Horizontal</footprint>
      <datasheet>~</datasheet>
      <libsource lib="Device" part="R" description="Resistor"/>
      <sheetpath names="/" tstamps="/"/>
      <tstamp>60AF5E2B</tstamp>
    </comp>
    <comp ref="J2">
      <value>POTS A</value>
      <footprint>Connector_PinSocket_2.54mm:PinSocket_1x06_P2.54mm_Vertical</footprint>
      <datasheet>~</datasheet>
      <libsource lib="Connector" part="Conn_01x06_Female" description="Generic connector, single row, 01x06, script generated (kicad-library-utils/schlib/autogen/connector/)"/>
      <sheetpath names="/" tstamps="/"/>
      <tstamp>60B0570C</tstamp>
    </comp>
    <comp ref="Q1">
      <value>BC547</value>
      <footprint>Package_TO_SOT_THT:TO-92_Inline_Wide</footprint>
      <datasheet>http://www.fairchildsemi.com/ds/BC/BC547.pdf</datasheet>
      <libsource lib="Transistor_BJT" part="BC547" description="0.1A Ic, 45V Vce, Small Signal NPN Transistor, TO-92"/>
      <sheetpath names="/" tstamps="/"/>
      <tstamp>60B434A8</tstamp>
    </comp>
    <comp ref="R4">
      <value>22k</value>
      <footprint>Resistor_THT:R_Axial_DIN0207_L6.3mm_D2.5mm_P10.16mm_Horizontal</footprint>
      <datasheet>~</datasheet>
      <libsource lib="Device" part="R" description="Resistor"/>
      <sheetpath names="/" tstamps="/"/>
      <tstamp>60B44DFF</tstamp>
    </comp>
    <comp ref="U1">
      <value>4538</value>
      <footprint>Package_DIP:DIP-16_W7.62mm_Socket_LongPads</footprint>
      <datasheet>https://assets.nexperia.com/documents/data-sheet/HEF4538B.pdf</datasheet>
      <libsource lib="4xxx" part="4538" description="Monostable"/>
      <sheetpath names="/" tstamps="/"/>
      <tstamp>60B4C39A</tstamp>
    </comp>
    <comp ref="C6">
      <value>1u</value>
      <footprint>Capacitor_THT:C_Rect_L7.2mm_W5.5mm_P5.00mm_FKS2_FKP2_MKS2_MKP2</footprint>
      <datasheet>~</datasheet>
      <libsource lib="Device" part="C" description="Unpolarized capacitor"/>
      <sheetpath names="/" tstamps="/"/>
      <tstamp>60B6019C</tstamp>
    </comp>
    <comp ref="C7">
      <value>1u</value>
      <footprint>Capacitor_THT:C_Rect_L7.2mm_W5.5mm_P5.00mm_FKS2_FKP2_MKS2_MKP2</footprint>
      <datasheet>~</datasheet>
      <libsource lib="Device" part="C" description="Unpolarized capacitor"/>
      <sheetpath names="/" tstamps="/"/>
      <tstamp>60B88CB4</tstamp>
    </comp>
    <comp ref="Q2">
      <value>BC547</value>
      <footprint>Package_TO_SOT_THT:TO-92_Inline_Wide</footprint>
      <datasheet>http://www.fairchildsemi.com/ds/BC/BC547.pdf</datasheet>
      <libsource lib="Transistor_BJT" part="BC547" description="0.1A Ic, 45V Vce, Small Signal NPN Transistor, TO-92"/>
      <sheetpath names="/" tstamps="/"/>
      <tstamp>60BC7992</tstamp>
    </comp>
    <comp ref="J6">
      <value>POTS B</value>
      <footprint>Connector_PinHeader_2.54mm:PinHeader_1x06_P2.54mm_Vertical</footprint>
      <datasheet>~</datasheet>
      <libsource lib="Connector" part="Conn_01x06_Male" description="Generic connector, single row, 01x06, script generated (kicad-library-utils/schlib/autogen/connector/)"/>
      <sheetpath names="/" tstamps="/"/>
      <tstamp>60BFB509</tstamp>
    </comp>
    <comp ref="Q3">
      <value>BC547</value>
      <footprint>Package_TO_SOT_THT:TO-92_Inline_Wide</footprint>
      <datasheet>http://www.fairchildsemi.com/ds/BC/BC547.pdf</datasheet>
      <libsource lib="Transistor_BJT" part="BC547" description="0.1A Ic, 45V Vce, Small Signal NPN Transistor, TO-92"/>
      <sheetpath names="/" tstamps="/"/>
      <tstamp>60D07C38</tstamp>
    </comp>
    <comp ref="R11">
      <value>22k</value>
      <footprint>Resistor_THT:R_Axial_DIN0207_L6.3mm_D2.5mm_P10.16mm_Horizontal</footprint>
      <datasheet>~</datasheet>
      <libsource lib="Device" part="R" description="Resistor"/>
      <sheetpath names="/" tstamps="/"/>
      <tstamp>60D07C4C</tstamp>
    </comp>
    <comp ref="U2">
      <value>4538</value>
      <footprint>Package_DIP:DIP-16_W7.62mm_Socket_LongPads</footprint>
      <datasheet>https://assets.nexperia.com/documents/data-sheet/HEF4538B.pdf</datasheet>
      <libsource lib="4xxx" part="4538" description="Monostable"/>
      <sheetpath names="/" tstamps="/"/>
      <tstamp>60D07C60</tstamp>
    </comp>
    <comp ref="C10">
      <value>1u</value>
      <footprint>Capacitor_THT:C_Rect_L7.2mm_W5.5mm_P5.00mm_FKS2_FKP2_MKS2_MKP2</footprint>
      <datasheet>~</datasheet>
      <libsource lib="Device" part="C" description="Unpolarized capacitor"/>
      <sheetpath names="/" tstamps="/"/>
      <tstamp>60D07C81</tstamp>
    </comp>
    <comp ref="C11">
      <value>1u</value>
      <footprint>Capacitor_THT:C_Rect_L7.2mm_W5.5mm_P5.00mm_FKS2_FKP2_MKS2_MKP2</footprint>
      <datasheet>~</datasheet>
      <libsource lib="Device" part="C" description="Unpolarized capacitor"/>
      <sheetpath names="/" tstamps="/"/>
      <tstamp>60D07C9D</tstamp>
    </comp>
    <comp ref="Q4">
      <value>BC547</value>
      <footprint>Package_TO_SOT_THT:TO-92_Inline_Wide</footprint>
      <datasheet>http://www.fairchildsemi.com/ds/BC/BC547.pdf</datasheet>
      <libsource lib="Transistor_BJT" part="BC547" description="0.1A Ic, 45V Vce, Small Signal NPN Transistor, TO-92"/>
      <sheetpath names="/" tstamps="/"/>
      <tstamp>60D07CC0</tstamp>
    </comp>
    <comp ref="C8">
      <value>100n</value>
      <footprint>Capacitor_THT:C_Disc_D5.0mm_W2.5mm_P2.50mm</footprint>
      <datasheet>~</datasheet>
      <libsource lib="Device" part="C" description="Unpolarized capacitor"/>
      <sheetpath names="/" tstamps="/"/>
      <tstamp>60DA8875</tstamp>
    </comp>
    <comp ref="C12">
      <value>100n</value>
      <footprint>Capacitor_THT:C_Disc_D5.0mm_W2.5mm_P2.50mm</footprint>
      <datasheet>~</datasheet>
      <libsource lib="Device" part="C" description="Unpolarized capacitor"/>
      <sheetpath names="/" tstamps="/"/>
      <tstamp>60E192DC</tstamp>
    </comp>
    <comp ref="J7">
      <value>POWER</value>
      <footprint>TerminalBlock_TE-Connectivity:TerminalBlock_TE_282834-4_1x04_P2.54mm_Horizontal</footprint>
      <datasheet>~</datasheet>
      <libsource lib="Connector" part="Conn_01x04_Male" description="Generic connector, single row, 01x04, script generated (kicad-library-utils/schlib/autogen/connector/)"/>
      <sheetpath names="/" tstamps="/"/>
      <tstamp>60F22BB1</tstamp>
    </comp>
    <comp ref="R1">
      <value>10R</value>
      <footprint>Resistor_THT:R_Axial_DIN0207_L6.3mm_D2.5mm_P10.16mm_Horizontal</footprint>
      <datasheet>~</datasheet>
      <libsource lib="Device" part="R" description="Resistor"/>
      <sheetpath names="/" tstamps="/"/>
      <tstamp>60F252AC</tstamp>
    </comp>
    <comp ref="C3">
      <value>100n</value>
      <footprint>Capacitor_THT:C_Disc_D5.0mm_W2.5mm_P2.50mm</footprint>
      <datasheet>~</datasheet>
      <libsource lib="Device" part="C" description="Unpolarized capacitor"/>
      <sheetpath names="/" tstamps="/"/>
      <tstamp>60F2656D</tstamp>
    </comp>
    <comp ref="C1">
      <value>22u</value>
      <footprint>Capacitor_THT:CP_Radial_D6.3mm_P2.50mm</footprint>
      <datasheet>~</datasheet>
      <libsource lib="Device" part="CP" description="Polarized capacitor"/>
      <sheetpath names="/" tstamps="/"/>
      <tstamp>60F26FBF</tstamp>
    </comp>
    <comp ref="R2">
      <value>10R</value>
      <footprint>Resistor_THT:R_Axial_DIN0207_L6.3mm_D2.5mm_P10.16mm_Horizontal</footprint>
      <datasheet>~</datasheet>
      <libsource lib="Device" part="R" description="Resistor"/>
      <sheetpath names="/" tstamps="/"/>
      <tstamp>60FA8AAA</tstamp>
    </comp>
    <comp ref="C2">
      <value>22u</value>
      <footprint>Capacitor_THT:CP_Radial_D6.3mm_P2.50mm</footprint>
      <datasheet>~</datasheet>
      <libsource lib="Device" part="CP" description="Polarized capacitor"/>
      <sheetpath names="/" tstamps="/"/>
      <tstamp>60FEEA57</tstamp>
    </comp>
    <comp ref="C4">
      <value>100n</value>
      <footprint>Capacitor_THT:C_Disc_D5.0mm_W2.5mm_P2.50mm</footprint>
      <datasheet>~</datasheet>
      <libsource lib="Device" part="C" description="Unpolarized capacitor"/>
      <sheetpath names="/" tstamps="/"/>
      <tstamp>60FEFCA8</tstamp>
    </comp>
    <comp ref="JK2">
      <value>OUT1</value>
      <footprint>Footprints2:BananaFoFanna4</footprint>
      <datasheet>~</datasheet>
      <libsource lib="Connector" part="Conn_01x01_Female" description="Generic connector, single row, 01x01, script generated (kicad-library-utils/schlib/autogen/connector/)"/>
      <sheetpath names="/" tstamps="/"/>
      <tstamp>60AC134A</tstamp>
    </comp>
    <comp ref="J1">
      <value>OUT A</value>
      <footprint>Connector_PinSocket_2.54mm:PinSocket_1x04_P2.54mm_Vertical</footprint>
      <datasheet>~</datasheet>
      <libsource lib="Connector" part="Conn_01x04_Female" description="Generic connector, single row, 01x04, script generated (kicad-library-utils/schlib/autogen/connector/)"/>
      <sheetpath names="/" tstamps="/"/>
      <tstamp>610DC087</tstamp>
    </comp>
    <comp ref="J3">
      <value>IN A</value>
      <footprint>Connector_PinSocket_2.54mm:PinSocket_1x04_P2.54mm_Vertical</footprint>
      <datasheet>~</datasheet>
      <libsource lib="Connector" part="Conn_01x04_Female" description="Generic connector, single row, 01x04, script generated (kicad-library-utils/schlib/autogen/connector/)"/>
      <sheetpath names="/" tstamps="/"/>
      <tstamp>6119CEA2</tstamp>
    </comp>
    <comp ref="J5">
      <value>OUT B</value>
      <footprint>Connector_PinHeader_2.54mm:PinHeader_1x04_P2.54mm_Vertical</footprint>
      <datasheet>~</datasheet>
      <libsource lib="Connector" part="Conn_01x04_Male" description="Generic connector, single row, 01x04, script generated (kicad-library-utils/schlib/autogen/connector/)"/>
      <sheetpath names="/" tstamps="/"/>
      <tstamp>611FDFE8</tstamp>
    </comp>
    <comp ref="J4">
      <value>IN B</value>
      <footprint>Connector_PinHeader_2.54mm:PinHeader_1x04_P2.54mm_Vertical</footprint>
      <datasheet>~</datasheet>
      <libsource lib="Connector" part="Conn_01x04_Male" description="Generic connector, single row, 01x04, script generated (kicad-library-utils/schlib/autogen/connector/)"/>
      <sheetpath names="/" tstamps="/"/>
      <tstamp>61257D77</tstamp>
    </comp>
  </components>
  <libparts>
    <libpart lib="4xxx" part="4538">
      <aliases>
        <alias>4528</alias>
        <alias>14528</alias>
        <alias>14538</alias>
      </aliases>
      <description>Monostable</description>
      <docs>https://assets.nexperia.com/documents/data-sheet/HEF4538B.pdf</docs>
      <footprints>
        <fp>DIP?16*</fp>
      </footprints>
      <fields>
        <field name="Reference">U</field>
        <field name="Value">4538</field>
      </fields>
      <pins>
        <pin num="1" name="VSS" type="power_in"/>
        <pin num="2" name="RxCx" type="input"/>
        <pin num="3" name="R" type="input"/>
        <pin num="4" name="Clk+" type="input"/>
        <pin num="5" name="Clk-" type="input"/>
        <pin num="6" name="Q" type="output"/>
        <pin num="7" name="~Q" type="output"/>
        <pin num="8" name="VSS" type="power_in"/>
        <pin num="9" name="~Q" type="output"/>
        <pin num="10" name="Q" type="output"/>
        <pin num="11" name="Clk-" type="input"/>
        <pin num="12" name="Clk+" type="input"/>
        <pin num="13" name="R" type="input"/>
        <pin num="14" name="RxCx" type="input"/>
        <pin num="15" name="VSS" type="power_in"/>
        <pin num="16" name="VDD" type="power_in"/>
      </pins>
    </libpart>
    <libpart lib="Connector" part="Conn_01x01_Female">
      <description>Generic connector, single row, 01x01, script generated (kicad-library-utils/schlib/autogen/connector/)</description>
      <docs>~</docs>
      <footprints>
        <fp>Connector*:*</fp>
      </footprints>
      <fields>
        <field name="Reference">J</field>
        <field name="Value">Conn_01x01_Female</field>
      </fields>
      <pins>
        <pin num="1" name="Pin_1" type="passive"/>
      </pins>
    </libpart>
    <libpart lib="Connector" part="Conn_01x04_Female">
      <description>Generic connector, single row, 01x04, script generated (kicad-library-utils/schlib/autogen/connector/)</description>
      <docs>~</docs>
      <footprints>
        <fp>Connector*:*_1x??_*</fp>
      </footprints>
      <fields>
        <field name="Reference">J</field>
        <field name="Value">Conn_01x04_Female</field>
      </fields>
      <pins>
        <pin num="1" name="Pin_1" type="passive"/>
        <pin num="2" name="Pin_2" type="passive"/>
        <pin num="3" name="Pin_3" type="passive"/>
        <pin num="4" name="Pin_4" type="passive"/>
      </pins>
    </libpart>
    <libpart lib="Connector" part="Conn_01x04_Male">
      <description>Generic connector, single row, 01x04, script generated (kicad-library-utils/schlib/autogen/connector/)</description>
      <docs>~</docs>
      <footprints>
        <fp>Connector*:*_1x??_*</fp>
      </footprints>
      <fields>
        <field name="Reference">J</field>
        <field name="Value">Conn_01x04_Male</field>
      </fields>
      <pins>
        <pin num="1" name="Pin_1" type="passive"/>
        <pin num="2" name="Pin_2" type="passive"/>
        <pin num="3" name="Pin_3" type="passive"/>
        <pin num="4" name="Pin_4" type="passive"/>
      </pins>
    </libpart>
    <libpart lib="Connector" part="Conn_01x06_Female">
      <description>Generic connector, single row, 01x06, script generated (kicad-library-utils/schlib/autogen/connector/)</description>
      <docs>~</docs>
      <footprints>
        <fp>Connector*:*_1x??_*</fp>
      </footprints>
      <fields>
        <field name="Reference">J</field>
        <field name="Value">Conn_01x06_Female</field>
      </fields>
      <pins>
        <pin num="1" name="Pin_1" type="passive"/>
        <pin num="2" name="Pin_2" type="passive"/>
        <pin num="3" name="Pin_3" type="passive"/>
        <pin num="4" name="Pin_4" type="passive"/>
        <pin num="5" name="Pin_5" type="passive"/>
        <pin num="6" name="Pin_6" type="passive"/>
      </pins>
    </libpart>
    <libpart lib="Connector" part="Conn_01x06_Male">
      <description>Generic connector, single row, 01x06, script generated (kicad-library-utils/schlib/autogen/connector/)</description>
      <docs>~</docs>
      <footprints>
        <fp>Connector*:*_1x??_*</fp>
      </footprints>
      <fields>
        <field name="Reference">J</field>
        <field name="Value">Conn_01x06_Male</field>
      </fields>
      <pins>
        <pin num="1" name="Pin_1" type="passive"/>
        <pin num="2" name="Pin_2" type="passive"/>
        <pin num="3" name="Pin_3" type="passive"/>
        <pin num="4" name="Pin_4" type="passive"/>
        <pin num="5" name="Pin_5" type="passive"/>
        <pin num="6" name="Pin_6" type="passive"/>
      </pins>
    </libpart>
    <libpart lib="Device" part="C">
      <description>Unpolarized capacitor</description>
      <docs>~</docs>
      <footprints>
        <fp>C_*</fp>
      </footprints>
      <fields>
        <field name="Reference">C</field>
        <field name="Value">C</field>
      </fields>
      <pins>
        <pin num="1" name="~" type="passive"/>
        <pin num="2" name="~" type="passive"/>
      </pins>
    </libpart>
    <libpart lib="Device" part="CP">
      <description>Polarized capacitor</description>
      <docs>~</docs>
      <footprints>
        <fp>CP_*</fp>
      </footprints>
      <fields>
        <field name="Reference">C</field>
        <field name="Value">CP</field>
      </fields>
      <pins>
        <pin num="1" name="~" type="passive"/>
        <pin num="2" name="~" type="passive"/>
      </pins>
    </libpart>
    <libpart lib="Device" part="D">
      <description>Diode</description>
      <docs>~</docs>
      <footprints>
        <fp>TO-???*</fp>
        <fp>*_Diode_*</fp>
        <fp>*SingleDiode*</fp>
        <fp>D_*</fp>
      </footprints>
      <fields>
        <field name="Reference">D</field>
        <field name="Value">D</field>
      </fields>
      <pins>
        <pin num="1" name="K" type="passive"/>
        <pin num="2" name="A" type="passive"/>
      </pins>
    </libpart>
    <libpart lib="Device" part="LED">
      <description>Light emitting diode</description>
      <docs>~</docs>
      <footprints>
        <fp>LED*</fp>
        <fp>LED_SMD:*</fp>
        <fp>LED_THT:*</fp>
      </footprints>
      <fields>
        <field name="Reference">D</field>
        <field name="Value">LED</field>
      </fields>
      <pins>
        <pin num="1" name="K" type="passive"/>
        <pin num="2" name="A" type="passive"/>
      </pins>
    </libpart>
    <libpart lib="Device" part="R">
      <description>Resistor</description>
      <docs>~</docs>
      <footprints>
        <fp>R_*</fp>
      </footprints>
      <fields>
        <field name="Reference">R</field>
        <field name="Value">R</field>
      </fields>
      <pins>
        <pin num="1" name="~" type="passive"/>
        <pin num="2" name="~" type="passive"/>
      </pins>
    </libpart>
    <libpart lib="Device" part="R_POT">
      <description>Potentiometer</description>
      <docs>~</docs>
      <footprints>
        <fp>Potentiometer*</fp>
      </footprints>
      <fields>
        <field name="Reference">RV</field>
        <field name="Value">R_POT</field>
      </fields>
      <pins>
        <pin num="1" name="1" type="passive"/>
        <pin num="2" name="2" type="passive"/>
        <pin num="3" name="3" type="passive"/>
      </pins>
    </libpart>
    <libpart lib="Switch" part="SW_SPDT">
      <description>Switch, single pole double throw</description>
      <docs>~</docs>
      <fields>
        <field name="Reference">SW</field>
        <field name="Value">SW_SPDT</field>
      </fields>
      <pins>
        <pin num="1" name="A" type="passive"/>
        <pin num="2" name="B" type="passive"/>
        <pin num="3" name="C" type="passive"/>
      </pins>
    </libpart>
    <libpart lib="Transistor_BJT" part="BC547">
      <aliases>
        <alias>BC546</alias>
        <alias>BC548</alias>
        <alias>BC549</alias>
        <alias>BC550</alias>
        <alias>BC337</alias>
        <alias>BC338</alias>
      </aliases>
      <description>0.1A Ic, 45V Vce, Small Signal NPN Transistor, TO-92</description>
      <docs>http://www.fairchildsemi.com/ds/BC/BC547.pdf</docs>
      <footprints>
        <fp>TO?92*</fp>
      </footprints>
      <fields>
        <field name="Reference">Q</field>
        <field name="Value">BC547</field>
        <field name="Footprint">Package_TO_SOT_THT:TO-92_Inline</field>
      </fields>
      <pins>
        <pin num="1" name="C" type="passive"/>
        <pin num="2" name="B" type="input"/>
        <pin num="3" name="E" type="passive"/>
      </pins>
    </libpart>
  </libparts>
  <libraries>
    <library logical="4xxx">
      <uri>/Library/Application Support/kicad/library/4xxx.lib</uri>
    </library>
    <library logical="Connector">
      <uri>/Library/Application Support/kicad/library/Connector.lib</uri>
    </library>
    <library logical="Device">
      <uri>/Library/Application Support/kicad/library/Device.lib</uri>
    </library>
    <library logical="Switch">
      <uri>/Library/Application Support/kicad/library/Switch.lib</uri>
    </library>
    <library logical="Transistor_BJT">
      <uri>/Library/Application Support/kicad/library/Transistor_BJT.lib</uri>
    </library>
  </libraries>
  <nets>
    <net code="1" name="Net-(JK3-Pad1)">
      <node ref="JK3" pin="1"/>
      <node ref="SW1" pin="1"/>
    </net>
    <net code="2" name="Net-(D3-Pad2)">
      <node ref="JK1" pin="1"/>
      <node ref="SW1" pin="3"/>
      <node ref="D3" pin="2"/>
    </net>
    <net code="3" name="Net-(C5-Pad2)">
      <node ref="D3" pin="1"/>
      <node ref="R17" pin="1"/>
      <node ref="C5" pin="2"/>
    </net>
    <net code="4" name="Net-(C9-Pad2)">
      <node ref="D4" pin="1"/>
      <node ref="R18" pin="1"/>
      <node ref="C9" pin="2"/>
    </net>
    <net code="5" name="Net-(D4-Pad2)">
      <node ref="SW1" pin="2"/>
      <node ref="D4" pin="2"/>
    </net>
    <net code="6" name="GNDREF">
      <node ref="R8" pin="2"/>
      <node ref="D1" pin="2"/>
      <node ref="R3" pin="2"/>
      <node ref="R10" pin="2"/>
      <node ref="R17" pin="2"/>
      <node ref="D2" pin="2"/>
      <node ref="J3" pin="4"/>
      <node ref="J3" pin="3"/>
      <node ref="R18" pin="2"/>
      <node ref="R15" pin="2"/>
      <node ref="LD2" pin="1"/>
      <node ref="LD1" pin="1"/>
    </net>
    <net code="7" name="Net-(JK2-Pad1)">
      <node ref="R7" pin="2"/>
      <node ref="R8" pin="1"/>
      <node ref="JK2" pin="1"/>
    </net>
    <net code="8" name="Net-(LD1-Pad2)">
      <node ref="LD1" pin="2"/>
      <node ref="R9" pin="2"/>
    </net>
    <net code="9" name="Net-(JK4-Pad1)">
      <node ref="JK4" pin="1"/>
      <node ref="R15" pin="1"/>
      <node ref="R14" pin="2"/>
    </net>
    <net code="10" name="Net-(LD2-Pad2)">
      <node ref="LD2" pin="2"/>
      <node ref="R16" pin="2"/>
    </net>
    <net code="11" name="Net-(P1-Pad1)">
      <node ref="R5" pin="2"/>
      <node ref="P1" pin="1"/>
    </net>
    <net code="12" name="Net-(P2-Pad1)">
      <node ref="R6" pin="2"/>
      <node ref="P2" pin="1"/>
    </net>
    <net code="13" name="Net-(J2-Pad4)">
      <node ref="R12" pin="1"/>
      <node ref="J2" pin="4"/>
    </net>
    <net code="14" name="Net-(P3-Pad1)">
      <node ref="R12" pin="2"/>
      <node ref="P3" pin="1"/>
    </net>
    <net code="15" name="Net-(J2-Pad5)">
      <node ref="P3" pin="2"/>
      <node ref="J2" pin="5"/>
      <node ref="P4" pin="3"/>
      <node ref="P4" pin="2"/>
      <node ref="P3" pin="3"/>
    </net>
    <net code="16" name="Net-(P4-Pad1)">
      <node ref="P4" pin="1"/>
      <node ref="R13" pin="2"/>
    </net>
    <net code="17" name="Net-(J2-Pad1)">
      <node ref="R6" pin="1"/>
      <node ref="J2" pin="1"/>
    </net>
    <net code="18" name="Net-(J2-Pad2)">
      <node ref="R5" pin="1"/>
      <node ref="J2" pin="2"/>
    </net>
    <net code="19" name="Net-(J2-Pad3)">
      <node ref="R13" pin="1"/>
      <node ref="J2" pin="3"/>
    </net>
    <net code="20" name="Net-(J2-Pad6)">
      <node ref="J2" pin="6"/>
      <node ref="P1" pin="3"/>
      <node ref="P2" pin="3"/>
      <node ref="P2" pin="2"/>
      <node ref="P1" pin="2"/>
    </net>
    <net code="21" name="GND">
      <node ref="J7" pin="3"/>
      <node ref="C3" pin="2"/>
      <node ref="C1" pin="2"/>
      <node ref="C11" pin="1"/>
      <node ref="U2" pin="15"/>
      <node ref="C6" pin="1"/>
      <node ref="J7" pin="2"/>
      <node ref="U1" pin="1"/>
      <node ref="C10" pin="1"/>
      <node ref="U1" pin="15"/>
      <node ref="C2" pin="2"/>
      <node ref="C4" pin="2"/>
      <node ref="C7" pin="1"/>
      <node ref="U2" pin="1"/>
      <node ref="Q3" pin="3"/>
      <node ref="C12" pin="2"/>
      <node ref="J4" pin="4"/>
      <node ref="J4" pin="3"/>
      <node ref="U1" pin="8"/>
      <node ref="Q1" pin="3"/>
      <node ref="U2" pin="8"/>
      <node ref="C8" pin="2"/>
    </net>
    <net code="22" name="Net-(Q1-Pad1)">
      <node ref="Q1" pin="1"/>
      <node ref="R4" pin="2"/>
      <node ref="U1" pin="5"/>
    </net>
    <net code="23" name="Net-(U1-Pad11)">
      <node ref="U1" pin="11"/>
      <node ref="U1" pin="6"/>
      <node ref="U1" pin="4"/>
    </net>
    <net code="24" name="Net-(U1-Pad7)">
      <node ref="U1" pin="7"/>
    </net>
    <net code="25" name="Net-(C6-Pad2)">
      <node ref="U1" pin="2"/>
      <node ref="C6" pin="2"/>
      <node ref="J6" pin="2"/>
    </net>
    <net code="26" name="Net-(U1-Pad9)">
      <node ref="U1" pin="9"/>
    </net>
    <net code="27" name="Net-(C7-Pad2)">
      <node ref="C7" pin="2"/>
      <node ref="U1" pin="14"/>
      <node ref="J6" pin="1"/>
    </net>
    <net code="28" name="Net-(C11-Pad2)">
      <node ref="U2" pin="14"/>
      <node ref="J6" pin="3"/>
      <node ref="C11" pin="2"/>
    </net>
    <net code="29" name="VCC">
      <node ref="U1" pin="13"/>
      <node ref="C1" pin="1"/>
      <node ref="C3" pin="1"/>
      <node ref="R1" pin="2"/>
      <node ref="U1" pin="3"/>
      <node ref="Q2" pin="1"/>
      <node ref="R4" pin="1"/>
      <node ref="J6" pin="6"/>
      <node ref="U1" pin="16"/>
      <node ref="C8" pin="1"/>
    </net>
    <net code="30" name="Net-(Q3-Pad1)">
      <node ref="Q3" pin="1"/>
      <node ref="U2" pin="5"/>
      <node ref="R11" pin="2"/>
    </net>
    <net code="31" name="Net-(U2-Pad11)">
      <node ref="U2" pin="4"/>
      <node ref="U2" pin="6"/>
      <node ref="U2" pin="11"/>
    </net>
    <net code="32" name="Net-(U2-Pad7)">
      <node ref="U2" pin="7"/>
    </net>
    <net code="33" name="Net-(C10-Pad2)">
      <node ref="C10" pin="2"/>
      <node ref="U2" pin="2"/>
      <node ref="J6" pin="4"/>
    </net>
    <net code="34" name="Net-(U2-Pad9)">
      <node ref="U2" pin="9"/>
    </net>
    <net code="35" name="Net-(J7-Pad1)">
      <node ref="J7" pin="1"/>
    </net>
    <net code="36" name="Net-(J7-Pad4)">
      <node ref="J7" pin="4"/>
      <node ref="R1" pin="1"/>
      <node ref="R2" pin="1"/>
    </net>
    <net code="37" name="VDD">
      <node ref="R11" pin="1"/>
      <node ref="J6" pin="5"/>
      <node ref="U2" pin="13"/>
      <node ref="U2" pin="3"/>
      <node ref="R2" pin="2"/>
      <node ref="Q4" pin="1"/>
      <node ref="U2" pin="16"/>
      <node ref="C2" pin="1"/>
      <node ref="C4" pin="1"/>
      <node ref="C12" pin="1"/>
    </net>
    <net code="38" name="Net-(J1-Pad1)">
      <node ref="R7" pin="1"/>
      <node ref="J1" pin="1"/>
    </net>
    <net code="39" name="Net-(J1-Pad3)">
      <node ref="R14" pin="1"/>
      <node ref="J1" pin="3"/>
    </net>
    <net code="40" name="Net-(J1-Pad4)">
      <node ref="R16" pin="1"/>
      <node ref="J1" pin="4"/>
    </net>
    <net code="41" name="Net-(J1-Pad2)">
      <node ref="J1" pin="2"/>
      <node ref="R9" pin="1"/>
    </net>
    <net code="42" name="Net-(C5-Pad1)">
      <node ref="D1" pin="1"/>
      <node ref="C5" pin="1"/>
      <node ref="J3" pin="1"/>
      <node ref="R3" pin="1"/>
    </net>
    <net code="43" name="Net-(C9-Pad1)">
      <node ref="D2" pin="1"/>
      <node ref="J3" pin="2"/>
      <node ref="C9" pin="1"/>
      <node ref="R10" pin="1"/>
    </net>
    <net code="44" name="Net-(J5-Pad1)">
      <node ref="J5" pin="1"/>
      <node ref="U1" pin="10"/>
      <node ref="U1" pin="12"/>
      <node ref="Q2" pin="2"/>
    </net>
    <net code="45" name="Net-(J5-Pad2)">
      <node ref="J5" pin="2"/>
      <node ref="Q2" pin="3"/>
    </net>
    <net code="46" name="Net-(J5-Pad3)">
      <node ref="Q4" pin="2"/>
      <node ref="J5" pin="3"/>
      <node ref="U2" pin="12"/>
      <node ref="U2" pin="10"/>
    </net>
    <net code="47" name="Net-(J5-Pad4)">
      <node ref="J5" pin="4"/>
      <node ref="Q4" pin="3"/>
    </net>
    <net code="48" name="Net-(J4-Pad1)">
      <node ref="J4" pin="1"/>
      <node ref="Q1" pin="2"/>
    </net>
    <net code="49" name="Net-(J4-Pad2)">
      <node ref="Q3" pin="2"/>
      <node ref="J4" pin="2"/>
    </net>
  </nets>
</export>
