<?xml version="1.0" encoding="UTF-8"?>
<export version="D">
  <design>
    <source>/Users/usb/Desktop/Kicad/kinks/kinks.sch</source>
    <date>Tuesday, November 30, 2021 at 12:02:58 PM</date>
    <tool>Eeschema (5.1.2-1)-1</tool>
    <sheet number="1" name="/" tstamps="/">
      <title_block>
        <title>cv wrangler</title>
        <company/>
        <rev>v02</rev>
        <date>2021</date>
        <source>kinks.sch</source>
        <comment number="1" value=""/>
        <comment number="2" value="banana remix : matt hartman"/>
        <comment number="3" value="cc-by-sa : émilie gillet"/>
        <comment number="4" value="based on : kinks"/>
      </title_block>
    </sheet>
  </design>
  <components>
    <comp ref="J1">
      <value>1IN</value>
      <footprint>Footprints2:BananaFoFanna4</footprint>
      <datasheet>~</datasheet>
      <libsource lib="Connector" part="Conn_01x01_Female" description="Generic connector, single row, 01x01, script generated (kicad-library-utils/schlib/autogen/connector/)"/>
      <sheetpath names="/" tstamps="/"/>
      <tstamp>60B3CAA6</tstamp>
    </comp>
    <comp ref="J2">
      <value>INV</value>
      <footprint>Footprints2:BananaFoFanna4</footprint>
      <datasheet>~</datasheet>
      <libsource lib="Connector" part="Conn_01x01_Female" description="Generic connector, single row, 01x01, script generated (kicad-library-utils/schlib/autogen/connector/)"/>
      <sheetpath names="/" tstamps="/"/>
      <tstamp>60B3D119</tstamp>
    </comp>
    <comp ref="R12">
      <value>180R</value>
      <footprint>Resistor_SMD:R_0805_2012Metric_Pad1.15x1.40mm_HandSolder</footprint>
      <datasheet>~</datasheet>
      <libsource lib="Device" part="R" description="Resistor"/>
      <sheetpath names="/" tstamps="/"/>
      <tstamp>60B3D70D</tstamp>
    </comp>
    <comp ref="R10">
      <value>1k</value>
      <footprint>Resistor_SMD:R_0805_2012Metric_Pad1.15x1.40mm_HandSolder</footprint>
      <datasheet>~</datasheet>
      <libsource lib="Device" part="R" description="Resistor"/>
      <sheetpath names="/" tstamps="/"/>
      <tstamp>60B4C12A</tstamp>
    </comp>
    <comp ref="J3">
      <value>HALF</value>
      <footprint>Footprints2:BananaFoFanna4</footprint>
      <datasheet>~</datasheet>
      <libsource lib="Connector" part="Conn_01x01_Female" description="Generic connector, single row, 01x01, script generated (kicad-library-utils/schlib/autogen/connector/)"/>
      <sheetpath names="/" tstamps="/"/>
      <tstamp>60B4EE83</tstamp>
    </comp>
    <comp ref="R14">
      <value>180R</value>
      <footprint>Resistor_SMD:R_0805_2012Metric_Pad1.15x1.40mm_HandSolder</footprint>
      <datasheet>~</datasheet>
      <libsource lib="Device" part="R" description="Resistor"/>
      <sheetpath names="/" tstamps="/"/>
      <tstamp>60B4F936</tstamp>
    </comp>
    <comp ref="J4">
      <value>FULL</value>
      <footprint>Footprints2:BananaFoFanna4</footprint>
      <datasheet>~</datasheet>
      <libsource lib="Connector" part="Conn_01x01_Female" description="Generic connector, single row, 01x01, script generated (kicad-library-utils/schlib/autogen/connector/)"/>
      <sheetpath names="/" tstamps="/"/>
      <tstamp>60B5019C</tstamp>
    </comp>
    <comp ref="R13">
      <value>180R</value>
      <footprint>Resistor_SMD:R_0805_2012Metric_Pad1.15x1.40mm_HandSolder</footprint>
      <datasheet>~</datasheet>
      <libsource lib="Device" part="R" description="Resistor"/>
      <sheetpath names="/" tstamps="/"/>
      <tstamp>60B50CFC</tstamp>
    </comp>
    <comp ref="J13">
      <value>1A</value>
      <footprint>Connector_PinSocket_2.54mm:PinSocket_1x04_P2.54mm_Vertical</footprint>
      <datasheet>~</datasheet>
      <libsource lib="Connector" part="Conn_01x04_Female" description="Generic connector, single row, 01x04, script generated (kicad-library-utils/schlib/autogen/connector/)"/>
      <sheetpath names="/" tstamps="/"/>
      <tstamp>60B52145</tstamp>
    </comp>
    <comp ref="J14">
      <value>1B</value>
      <footprint>Connector_PinHeader_2.54mm:PinHeader_1x04_P2.54mm_Vertical</footprint>
      <datasheet>~</datasheet>
      <libsource lib="Connector" part="Conn_01x04_Male" description="Generic connector, single row, 01x04, script generated (kicad-library-utils/schlib/autogen/connector/)"/>
      <sheetpath names="/" tstamps="/"/>
      <tstamp>60B67888</tstamp>
    </comp>
    <comp ref="R6">
      <value>200k</value>
      <footprint>Resistor_SMD:R_0805_2012Metric_Pad1.15x1.40mm_HandSolder</footprint>
      <datasheet>~</datasheet>
      <libsource lib="Device" part="R" description="Resistor"/>
      <sheetpath names="/" tstamps="/"/>
      <tstamp>60B68ECF</tstamp>
    </comp>
    <comp ref="U1">
      <value>TL074</value>
      <footprint>Package_SO:SOIC-14_3.9x8.7mm_P1.27mm</footprint>
      <datasheet>http://www.ti.com/lit/ds/symlink/tl071.pdf</datasheet>
      <libsource lib="Amplifier_Operational" part="TL074" description="Quad Low-Noise JFET-Input Operational Amplifiers, DIP-14/SOIC-14"/>
      <sheetpath names="/" tstamps="/"/>
      <tstamp>60B69B49</tstamp>
    </comp>
    <comp ref="R11">
      <value>200k</value>
      <footprint>Resistor_SMD:R_0805_2012Metric_Pad1.15x1.40mm_HandSolder</footprint>
      <datasheet>~</datasheet>
      <libsource lib="Device" part="R" description="Resistor"/>
      <sheetpath names="/" tstamps="/"/>
      <tstamp>60B6E201</tstamp>
    </comp>
    <comp ref="R2">
      <value>200k</value>
      <footprint>Resistor_SMD:R_0805_2012Metric_Pad1.15x1.40mm_HandSolder</footprint>
      <datasheet>~</datasheet>
      <libsource lib="Device" part="R" description="Resistor"/>
      <sheetpath names="/" tstamps="/"/>
      <tstamp>60B78602</tstamp>
    </comp>
    <comp ref="D3">
      <value>1n4148</value>
      <footprint>Diode_THT:D_DO-35_SOD27_P7.62mm_Horizontal</footprint>
      <datasheet>~</datasheet>
      <libsource lib="Device" part="D" description="Diode"/>
      <sheetpath names="/" tstamps="/"/>
      <tstamp>60B7C1C4</tstamp>
    </comp>
    <comp ref="D4">
      <value>1n4148</value>
      <footprint>Diode_THT:D_DO-35_SOD27_P7.62mm_Horizontal</footprint>
      <datasheet>~</datasheet>
      <libsource lib="Device" part="D" description="Diode"/>
      <sheetpath names="/" tstamps="/"/>
      <tstamp>60B7CDFF</tstamp>
    </comp>
    <comp ref="R3">
      <value>100k</value>
      <footprint>Resistor_SMD:R_0805_2012Metric_Pad1.15x1.40mm_HandSolder</footprint>
      <datasheet>~</datasheet>
      <libsource lib="Device" part="R" description="Resistor"/>
      <sheetpath names="/" tstamps="/"/>
      <tstamp>60B83B08</tstamp>
    </comp>
    <comp ref="R4">
      <value>100k</value>
      <footprint>Resistor_SMD:R_0805_2012Metric_Pad1.15x1.40mm_HandSolder</footprint>
      <datasheet>~</datasheet>
      <libsource lib="Device" part="R" description="Resistor"/>
      <sheetpath names="/" tstamps="/"/>
      <tstamp>60B86D39</tstamp>
    </comp>
    <comp ref="R1">
      <value>200k</value>
      <footprint>Resistor_SMD:R_0805_2012Metric_Pad1.15x1.40mm_HandSolder</footprint>
      <datasheet>~</datasheet>
      <libsource lib="Device" part="R" description="Resistor"/>
      <sheetpath names="/" tstamps="/"/>
      <tstamp>60B8AA25</tstamp>
    </comp>
    <comp ref="R8">
      <value>100k</value>
      <footprint>Resistor_SMD:R_0805_2012Metric_Pad1.15x1.40mm_HandSolder</footprint>
      <datasheet>~</datasheet>
      <libsource lib="Device" part="R" description="Resistor"/>
      <sheetpath names="/" tstamps="/"/>
      <tstamp>60B90435</tstamp>
    </comp>
    <comp ref="R5">
      <value>100k</value>
      <footprint>Resistor_SMD:R_0805_2012Metric_Pad1.15x1.40mm_HandSolder</footprint>
      <datasheet>~</datasheet>
      <libsource lib="Device" part="R" description="Resistor"/>
      <sheetpath names="/" tstamps="/"/>
      <tstamp>60B90B1F</tstamp>
    </comp>
    <comp ref="R9">
      <value>200k</value>
      <footprint>Resistor_SMD:R_0805_2012Metric_Pad1.15x1.40mm_HandSolder</footprint>
      <datasheet>~</datasheet>
      <libsource lib="Device" part="R" description="Resistor"/>
      <sheetpath names="/" tstamps="/"/>
      <tstamp>60B93347</tstamp>
    </comp>
    <comp ref="R7">
      <value>200k</value>
      <footprint>Resistor_SMD:R_0805_2012Metric_Pad1.15x1.40mm_HandSolder</footprint>
      <datasheet>~</datasheet>
      <libsource lib="Device" part="R" description="Resistor"/>
      <sheetpath names="/" tstamps="/"/>
      <tstamp>60B9BD84</tstamp>
    </comp>
    <comp ref="J5">
      <value>2INA</value>
      <footprint>Footprints2:BananaFoFanna4</footprint>
      <datasheet>~</datasheet>
      <libsource lib="Connector" part="Conn_01x01_Female" description="Generic connector, single row, 01x01, script generated (kicad-library-utils/schlib/autogen/connector/)"/>
      <sheetpath names="/" tstamps="/"/>
      <tstamp>60BECB3D</tstamp>
    </comp>
    <comp ref="SW1">
      <value>SPDT</value>
      <footprint>w_switch:switch_100sp5</footprint>
      <datasheet>~</datasheet>
      <libsource lib="Switch" part="SW_SPDT" description="Switch, single pole double throw"/>
      <sheetpath names="/" tstamps="/"/>
      <tstamp>60BEDC4B</tstamp>
    </comp>
    <comp ref="J6">
      <value>2INB</value>
      <footprint>Footprints2:BananaFoFanna4</footprint>
      <datasheet>~</datasheet>
      <libsource lib="Connector" part="Conn_01x01_Female" description="Generic connector, single row, 01x01, script generated (kicad-library-utils/schlib/autogen/connector/)"/>
      <sheetpath names="/" tstamps="/"/>
      <tstamp>60BF4B59</tstamp>
    </comp>
    <comp ref="J7">
      <value>PEAK</value>
      <footprint>Footprints2:BananaFoFanna4</footprint>
      <datasheet>~</datasheet>
      <libsource lib="Connector" part="Conn_01x01_Female" description="Generic connector, single row, 01x01, script generated (kicad-library-utils/schlib/autogen/connector/)"/>
      <sheetpath names="/" tstamps="/"/>
      <tstamp>60BF54A1</tstamp>
    </comp>
    <comp ref="J8">
      <value>TROUGH</value>
      <footprint>Footprints2:BananaFoFanna4</footprint>
      <datasheet>~</datasheet>
      <libsource lib="Connector" part="Conn_01x01_Female" description="Generic connector, single row, 01x01, script generated (kicad-library-utils/schlib/autogen/connector/)"/>
      <sheetpath names="/" tstamps="/"/>
      <tstamp>60BF8DF9</tstamp>
    </comp>
    <comp ref="LED2">
      <value>BICOLOR</value>
      <footprint>Footprints2:LED-5MMcenter</footprint>
      <datasheet>~</datasheet>
      <libsource lib="Device" part="LED" description="Light emitting diode"/>
      <sheetpath names="/" tstamps="/"/>
      <tstamp>60BF98FC</tstamp>
    </comp>
    <comp ref="R22">
      <value>180R</value>
      <footprint>Resistor_SMD:R_0805_2012Metric_Pad1.15x1.40mm_HandSolder</footprint>
      <datasheet>~</datasheet>
      <libsource lib="Device" part="R" description="Resistor"/>
      <sheetpath names="/" tstamps="/"/>
      <tstamp>616088D1</tstamp>
    </comp>
    <comp ref="R23">
      <value>180R</value>
      <footprint>Resistor_SMD:R_0805_2012Metric_Pad1.15x1.40mm_HandSolder</footprint>
      <datasheet>~</datasheet>
      <libsource lib="Device" part="R" description="Resistor"/>
      <sheetpath names="/" tstamps="/"/>
      <tstamp>61611F99</tstamp>
    </comp>
    <comp ref="LED1">
      <value>BICOLOR</value>
      <footprint>Footprints2:LED-5MMcenter</footprint>
      <datasheet>~</datasheet>
      <libsource lib="Device" part="LED" description="Light emitting diode"/>
      <sheetpath names="/" tstamps="/"/>
      <tstamp>60B3DEAD</tstamp>
    </comp>
    <comp ref="R19">
      <value>1k</value>
      <footprint>Resistor_SMD:R_0805_2012Metric_Pad1.15x1.40mm_HandSolder</footprint>
      <datasheet>~</datasheet>
      <libsource lib="Device" part="R" description="Resistor"/>
      <sheetpath names="/" tstamps="/"/>
      <tstamp>616BCCEB</tstamp>
    </comp>
    <comp ref="R21">
      <value>1M</value>
      <footprint>Resistor_SMD:R_0805_2012Metric_Pad1.15x1.40mm_HandSolder</footprint>
      <datasheet>~</datasheet>
      <libsource lib="Device" part="R" description="Resistor"/>
      <sheetpath names="/" tstamps="/"/>
      <tstamp>616CE9A3</tstamp>
    </comp>
    <comp ref="R20">
      <value>1M</value>
      <footprint>Resistor_SMD:R_0805_2012Metric_Pad1.15x1.40mm_HandSolder</footprint>
      <datasheet>~</datasheet>
      <libsource lib="Device" part="R" description="Resistor"/>
      <sheetpath names="/" tstamps="/"/>
      <tstamp>616CFC01</tstamp>
    </comp>
    <comp ref="J15">
      <value>2A</value>
      <footprint>Connector_PinSocket_2.54mm:PinSocket_1x04_P2.54mm_Vertical</footprint>
      <datasheet>~</datasheet>
      <libsource lib="Connector" part="Conn_01x04_Female" description="Generic connector, single row, 01x04, script generated (kicad-library-utils/schlib/autogen/connector/)"/>
      <sheetpath names="/" tstamps="/"/>
      <tstamp>616EB2A0</tstamp>
    </comp>
    <comp ref="J18">
      <value>2B</value>
      <footprint>Connector_PinHeader_2.54mm:PinHeader_1x04_P2.54mm_Vertical</footprint>
      <datasheet>~</datasheet>
      <libsource lib="Connector" part="Conn_01x04_Male" description="Generic connector, single row, 01x04, script generated (kicad-library-utils/schlib/autogen/connector/)"/>
      <sheetpath names="/" tstamps="/"/>
      <tstamp>616ECED9</tstamp>
    </comp>
    <comp ref="D10">
      <value>1n4148</value>
      <footprint>Diode_THT:D_DO-35_SOD27_P7.62mm_Horizontal</footprint>
      <datasheet>~</datasheet>
      <libsource lib="Device" part="D" description="Diode"/>
      <sheetpath names="/" tstamps="/"/>
      <tstamp>616EE938</tstamp>
    </comp>
    <comp ref="D9">
      <value>1n4148</value>
      <footprint>Diode_THT:D_DO-35_SOD27_P7.62mm_Horizontal</footprint>
      <datasheet>~</datasheet>
      <libsource lib="Device" part="D" description="Diode"/>
      <sheetpath names="/" tstamps="/"/>
      <tstamp>616EF403</tstamp>
    </comp>
    <comp ref="R18">
      <value>220k</value>
      <footprint>Resistor_SMD:R_0805_2012Metric_Pad1.15x1.40mm_HandSolder</footprint>
      <datasheet>~</datasheet>
      <libsource lib="Device" part="R" description="Resistor"/>
      <sheetpath names="/" tstamps="/"/>
      <tstamp>616EFDE2</tstamp>
    </comp>
    <comp ref="U3">
      <value>TL072</value>
      <footprint>Package_SO:SOIC-8_3.9x4.9mm_P1.27mm</footprint>
      <datasheet>http://www.ti.com/lit/ds/symlink/tl071.pdf</datasheet>
      <libsource lib="Amplifier_Operational" part="TL072" description="Dual Low-Noise JFET-Input Operational Amplifiers, DIP-8/SOIC-8"/>
      <sheetpath names="/" tstamps="/"/>
      <tstamp>61702455</tstamp>
    </comp>
    <comp ref="D6">
      <value>1n4148</value>
      <footprint>Diode_THT:D_DO-35_SOD27_P7.62mm_Horizontal</footprint>
      <datasheet>~</datasheet>
      <libsource lib="Device" part="D" description="Diode"/>
      <sheetpath names="/" tstamps="/"/>
      <tstamp>6170B5D7</tstamp>
    </comp>
    <comp ref="R16">
      <value>220k</value>
      <footprint>Resistor_SMD:R_0805_2012Metric_Pad1.15x1.40mm_HandSolder</footprint>
      <datasheet>~</datasheet>
      <libsource lib="Device" part="R" description="Resistor"/>
      <sheetpath names="/" tstamps="/"/>
      <tstamp>617148F6</tstamp>
    </comp>
    <comp ref="D5">
      <value>1n4148</value>
      <footprint>Diode_THT:D_DO-35_SOD27_P7.62mm_Horizontal</footprint>
      <datasheet>~</datasheet>
      <libsource lib="Device" part="D" description="Diode"/>
      <sheetpath names="/" tstamps="/"/>
      <tstamp>617566FE</tstamp>
    </comp>
    <comp ref="R17">
      <value>220k</value>
      <footprint>Resistor_SMD:R_0805_2012Metric_Pad1.15x1.40mm_HandSolder</footprint>
      <datasheet>~</datasheet>
      <libsource lib="Device" part="R" description="Resistor"/>
      <sheetpath names="/" tstamps="/"/>
      <tstamp>61735CFC</tstamp>
    </comp>
    <comp ref="D8">
      <value>1n4148</value>
      <footprint>Diode_THT:D_DO-35_SOD27_P7.62mm_Horizontal</footprint>
      <datasheet>~</datasheet>
      <libsource lib="Device" part="D" description="Diode"/>
      <sheetpath names="/" tstamps="/"/>
      <tstamp>617350B0</tstamp>
    </comp>
    <comp ref="D7">
      <value>1n4148</value>
      <footprint>Diode_THT:D_DO-35_SOD27_P7.62mm_Horizontal</footprint>
      <datasheet>~</datasheet>
      <libsource lib="Device" part="D" description="Diode"/>
      <sheetpath names="/" tstamps="/"/>
      <tstamp>6173451F</tstamp>
    </comp>
    <comp ref="R15">
      <value>220k</value>
      <footprint>Resistor_SMD:R_0805_2012Metric_Pad1.15x1.40mm_HandSolder</footprint>
      <datasheet>~</datasheet>
      <libsource lib="Device" part="R" description="Resistor"/>
      <sheetpath names="/" tstamps="/"/>
      <tstamp>61785D14</tstamp>
    </comp>
    <comp ref="J11">
      <value>NOISE</value>
      <footprint>Footprints2:BananaFoFanna4</footprint>
      <datasheet>~</datasheet>
      <libsource lib="Connector" part="Conn_01x01_Female" description="Generic connector, single row, 01x01, script generated (kicad-library-utils/schlib/autogen/connector/)"/>
      <sheetpath names="/" tstamps="/"/>
      <tstamp>616C1407</tstamp>
    </comp>
    <comp ref="SW2">
      <value>SPDT</value>
      <footprint>w_switch:switch_100sp5</footprint>
      <datasheet>~</datasheet>
      <libsource lib="Switch" part="SW_SPDT" description="Switch, single pole double throw"/>
      <sheetpath names="/" tstamps="/"/>
      <tstamp>616C24EC</tstamp>
    </comp>
    <comp ref="J9">
      <value>SHIN</value>
      <footprint>Footprints2:BananaFoFanna4</footprint>
      <datasheet>~</datasheet>
      <libsource lib="Connector" part="Conn_01x01_Female" description="Generic connector, single row, 01x01, script generated (kicad-library-utils/schlib/autogen/connector/)"/>
      <sheetpath names="/" tstamps="/"/>
      <tstamp>616C4A16</tstamp>
    </comp>
    <comp ref="R34">
      <value>180R</value>
      <footprint>Resistor_SMD:R_0805_2012Metric_Pad1.15x1.40mm_HandSolder</footprint>
      <datasheet>~</datasheet>
      <libsource lib="Device" part="R" description="Resistor"/>
      <sheetpath names="/" tstamps="/"/>
      <tstamp>616C7982</tstamp>
    </comp>
    <comp ref="J10">
      <value>TRIG</value>
      <footprint>Footprints2:BananaFoFanna4</footprint>
      <datasheet>~</datasheet>
      <libsource lib="Connector" part="Conn_01x01_Female" description="Generic connector, single row, 01x01, script generated (kicad-library-utils/schlib/autogen/connector/)"/>
      <sheetpath names="/" tstamps="/"/>
      <tstamp>616C8B2A</tstamp>
    </comp>
    <comp ref="J12">
      <value>SHOUT</value>
      <footprint>Footprints2:BananaFoFanna4</footprint>
      <datasheet>~</datasheet>
      <libsource lib="Connector" part="Conn_01x01_Female" description="Generic connector, single row, 01x01, script generated (kicad-library-utils/schlib/autogen/connector/)"/>
      <sheetpath names="/" tstamps="/"/>
      <tstamp>616E6325</tstamp>
    </comp>
    <comp ref="R35">
      <value>180R</value>
      <footprint>Resistor_SMD:R_0805_2012Metric_Pad1.15x1.40mm_HandSolder</footprint>
      <datasheet>~</datasheet>
      <libsource lib="Device" part="R" description="Resistor"/>
      <sheetpath names="/" tstamps="/"/>
      <tstamp>616E70E8</tstamp>
    </comp>
    <comp ref="LED3">
      <value>BICOLOR</value>
      <footprint>Footprints2:LED-5MMcenter</footprint>
      <datasheet>~</datasheet>
      <libsource lib="Device" part="LED" description="Light emitting diode"/>
      <sheetpath names="/" tstamps="/"/>
      <tstamp>616E9609</tstamp>
    </comp>
    <comp ref="R31">
      <value>1k</value>
      <footprint>Resistor_SMD:R_0805_2012Metric_Pad1.15x1.40mm_HandSolder</footprint>
      <datasheet>~</datasheet>
      <libsource lib="Device" part="R" description="Resistor"/>
      <sheetpath names="/" tstamps="/"/>
      <tstamp>61727A73</tstamp>
    </comp>
    <comp ref="J16">
      <value>3A</value>
      <footprint>Connector_PinSocket_2.54mm:PinSocket_1x04_P2.54mm_Vertical</footprint>
      <datasheet>~</datasheet>
      <libsource lib="Connector" part="Conn_01x04_Female" description="Generic connector, single row, 01x04, script generated (kicad-library-utils/schlib/autogen/connector/)"/>
      <sheetpath names="/" tstamps="/"/>
      <tstamp>617606FA</tstamp>
    </comp>
    <comp ref="U4">
      <value>OPA4171</value>
      <footprint>Package_SO:SOIC-14_3.9x8.7mm_P1.27mm</footprint>
      <datasheet>http://www.ti.com/lit/ds/symlink/tl071.pdf</datasheet>
      <libsource lib="Amplifier_Operational" part="TL074" description="Quad Low-Noise JFET-Input Operational Amplifiers, DIP-14/SOIC-14"/>
      <sheetpath names="/" tstamps="/"/>
      <tstamp>617EBFCB</tstamp>
    </comp>
    <comp ref="R27">
      <value>1M5</value>
      <footprint>Resistor_SMD:R_0805_2012Metric_Pad1.15x1.40mm_HandSolder</footprint>
      <datasheet>~</datasheet>
      <libsource lib="Device" part="R" description="Resistor"/>
      <sheetpath names="/" tstamps="/"/>
      <tstamp>617EFDA4</tstamp>
    </comp>
    <comp ref="R29">
      <value>100k</value>
      <footprint>Resistor_SMD:R_0805_2012Metric_Pad1.15x1.40mm_HandSolder</footprint>
      <datasheet>~</datasheet>
      <libsource lib="Device" part="R" description="Resistor"/>
      <sheetpath names="/" tstamps="/"/>
      <tstamp>6180D0BF</tstamp>
    </comp>
    <comp ref="C10">
      <value>100n</value>
      <footprint>Capacitor_SMD:C_0805_2012Metric_Pad1.15x1.40mm_HandSolder</footprint>
      <datasheet>~</datasheet>
      <libsource lib="Device" part="C" description="Unpolarized capacitor"/>
      <sheetpath names="/" tstamps="/"/>
      <tstamp>6181C17C</tstamp>
    </comp>
    <comp ref="Q1">
      <value>2N3904</value>
      <footprint>Package_TO_SOT_THT:TO-92_Inline_Wide</footprint>
      <datasheet>https://www.fairchildsemi.com/datasheets/2N/2N3904.pdf</datasheet>
      <libsource lib="Transistor_BJT" part="2N3904" description="0.2A Ic, 40V Vce, Small Signal NPN Transistor, TO-92"/>
      <sheetpath names="/" tstamps="/"/>
      <tstamp>6181D542</tstamp>
    </comp>
    <comp ref="Q2">
      <value>2N3904*</value>
      <footprint>Package_TO_SOT_THT:TO-92_Inline_Wide</footprint>
      <datasheet>https://www.fairchildsemi.com/datasheets/2N/2N3904.pdf</datasheet>
      <libsource lib="Transistor_BJT" part="2N3904" description="0.2A Ic, 40V Vce, Small Signal NPN Transistor, TO-92"/>
      <sheetpath names="/" tstamps="/"/>
      <tstamp>6185907A</tstamp>
    </comp>
    <comp ref="R24">
      <value>4k7</value>
      <footprint>Resistor_SMD:R_0805_2012Metric_Pad1.15x1.40mm_HandSolder</footprint>
      <datasheet>~</datasheet>
      <libsource lib="Device" part="R" description="Resistor"/>
      <sheetpath names="/" tstamps="/"/>
      <tstamp>61883EB6</tstamp>
    </comp>
    <comp ref="R33">
      <value>470k</value>
      <footprint>Resistor_SMD:R_0805_2012Metric_Pad1.15x1.40mm_HandSolder</footprint>
      <datasheet>~</datasheet>
      <libsource lib="Device" part="R" description="Resistor"/>
      <sheetpath names="/" tstamps="/"/>
      <tstamp>61884D1B</tstamp>
    </comp>
    <comp ref="C13">
      <value>4u7</value>
      <footprint>Capacitor_THT:CP_Radial_Tantal_D4.5mm_P2.50mm</footprint>
      <datasheet>~</datasheet>
      <libsource lib="Device" part="CP" description="Polarized capacitor"/>
      <sheetpath names="/" tstamps="/"/>
      <tstamp>618859F9</tstamp>
    </comp>
    <comp ref="J20">
      <value>3B</value>
      <footprint>Connector_PinHeader_2.54mm:PinHeader_1x04_P2.54mm_Vertical</footprint>
      <datasheet>~</datasheet>
      <libsource lib="Connector" part="Conn_01x04_Male" description="Generic connector, single row, 01x04, script generated (kicad-library-utils/schlib/autogen/connector/)"/>
      <sheetpath names="/" tstamps="/"/>
      <tstamp>61972319</tstamp>
    </comp>
    <comp ref="R36">
      <value>100k</value>
      <footprint>Resistor_SMD:R_0805_2012Metric_Pad1.15x1.40mm_HandSolder</footprint>
      <datasheet>~</datasheet>
      <libsource lib="Device" part="R" description="Resistor"/>
      <sheetpath names="/" tstamps="/"/>
      <tstamp>61B7BEAA</tstamp>
    </comp>
    <comp ref="C12">
      <value>100p</value>
      <footprint>Capacitor_SMD:C_0805_2012Metric_Pad1.15x1.40mm_HandSolder</footprint>
      <datasheet>~</datasheet>
      <libsource lib="Device" part="C" description="Unpolarized capacitor"/>
      <sheetpath names="/" tstamps="/"/>
      <tstamp>61B7AADA</tstamp>
    </comp>
    <comp ref="D12">
      <value>1n4148</value>
      <footprint>Diode_THT:D_DO-35_SOD27_P7.62mm_Horizontal</footprint>
      <datasheet>~</datasheet>
      <libsource lib="Device" part="D" description="Diode"/>
      <sheetpath names="/" tstamps="/"/>
      <tstamp>61B7943E</tstamp>
    </comp>
    <comp ref="R30">
      <value>10k</value>
      <footprint>Resistor_SMD:R_0805_2012Metric_Pad1.15x1.40mm_HandSolder</footprint>
      <datasheet>~</datasheet>
      <libsource lib="Device" part="R" description="Resistor"/>
      <sheetpath names="/" tstamps="/"/>
      <tstamp>61B78F2C</tstamp>
    </comp>
    <comp ref="R28">
      <value>100k</value>
      <footprint>Resistor_SMD:R_0805_2012Metric_Pad1.15x1.40mm_HandSolder</footprint>
      <datasheet>~</datasheet>
      <libsource lib="Device" part="R" description="Resistor"/>
      <sheetpath names="/" tstamps="/"/>
      <tstamp>61B77865</tstamp>
    </comp>
    <comp ref="R26">
      <value>10k</value>
      <footprint>Resistor_SMD:R_0805_2012Metric_Pad1.15x1.40mm_HandSolder</footprint>
      <datasheet>~</datasheet>
      <libsource lib="Device" part="R" description="Resistor"/>
      <sheetpath names="/" tstamps="/"/>
      <tstamp>61B297C1</tstamp>
    </comp>
    <comp ref="R25">
      <value>1M</value>
      <footprint>Resistor_SMD:R_0805_2012Metric_Pad1.15x1.40mm_HandSolder</footprint>
      <datasheet>~</datasheet>
      <libsource lib="Device" part="R" description="Resistor"/>
      <sheetpath names="/" tstamps="/"/>
      <tstamp>619DF982</tstamp>
    </comp>
    <comp ref="C11">
      <value>10n</value>
      <footprint>Capacitor_SMD:C_0805_2012Metric_Pad1.15x1.40mm_HandSolder</footprint>
      <datasheet>~</datasheet>
      <libsource lib="Device" part="C" description="Unpolarized capacitor"/>
      <sheetpath names="/" tstamps="/"/>
      <tstamp>619DB6B4</tstamp>
    </comp>
    <comp ref="D11">
      <value>1n4148</value>
      <footprint>Diode_THT:D_DO-35_SOD27_P7.62mm_Horizontal</footprint>
      <datasheet>~</datasheet>
      <libsource lib="Device" part="D" description="Diode"/>
      <sheetpath names="/" tstamps="/"/>
      <tstamp>619DA0E0</tstamp>
    </comp>
    <comp ref="R32">
      <value>1M</value>
      <footprint>Resistor_SMD:R_0805_2012Metric_Pad1.15x1.40mm_HandSolder</footprint>
      <datasheet>~</datasheet>
      <libsource lib="Device" part="R" description="Resistor"/>
      <sheetpath names="/" tstamps="/"/>
      <tstamp>619B60C3</tstamp>
    </comp>
    <comp ref="R37">
      <value>1M</value>
      <footprint>Resistor_SMD:R_0805_2012Metric_Pad1.15x1.40mm_HandSolder</footprint>
      <datasheet>~</datasheet>
      <libsource lib="Device" part="R" description="Resistor"/>
      <sheetpath names="/" tstamps="/"/>
      <tstamp>61977BC1</tstamp>
    </comp>
    <comp ref="J21">
      <value>POWER</value>
      <footprint>TerminalBlock_TE-Connectivity:TerminalBlock_TE_282834-4_1x04_P2.54mm_Horizontal</footprint>
      <datasheet>~</datasheet>
      <libsource lib="Connector" part="Conn_01x04_Male" description="Generic connector, single row, 01x04, script generated (kicad-library-utils/schlib/autogen/connector/)"/>
      <sheetpath names="/" tstamps="/"/>
      <tstamp>61E597C8</tstamp>
    </comp>
    <comp ref="L2">
      <value>Ferrite</value>
      <footprint>Inductor_THT:L_Axial_L7.0mm_D3.3mm_P10.16mm_Horizontal_Fastron_MICC</footprint>
      <datasheet>~</datasheet>
      <libsource lib="Device" part="Ferrite_Bead_Small" description="Ferrite bead, small symbol"/>
      <sheetpath names="/" tstamps="/"/>
      <tstamp>61E5B6A0</tstamp>
    </comp>
    <comp ref="L1">
      <value>Ferrite</value>
      <footprint>Inductor_THT:L_Axial_L7.0mm_D3.3mm_P10.16mm_Horizontal_Fastron_MICC</footprint>
      <datasheet>~</datasheet>
      <libsource lib="Device" part="Ferrite_Bead_Small" description="Ferrite bead, small symbol"/>
      <sheetpath names="/" tstamps="/"/>
      <tstamp>61E5BF18</tstamp>
    </comp>
    <comp ref="D2">
      <value>1N5817</value>
      <footprint>Diode_THT:D_DO-41_SOD81_P10.16mm_Horizontal</footprint>
      <datasheet>http://www.vishay.com/docs/88525/1n5817.pdf</datasheet>
      <libsource lib="Diode" part="1N5817" description="20V 1A Schottky Barrier Rectifier Diode, DO-41"/>
      <sheetpath names="/" tstamps="/"/>
      <tstamp>61E5D70F</tstamp>
    </comp>
    <comp ref="D1">
      <value>1N5817</value>
      <footprint>Diode_THT:D_DO-41_SOD81_P10.16mm_Horizontal</footprint>
      <datasheet>http://www.vishay.com/docs/88525/1n5817.pdf</datasheet>
      <libsource lib="Diode" part="1N5817" description="20V 1A Schottky Barrier Rectifier Diode, DO-41"/>
      <sheetpath names="/" tstamps="/"/>
      <tstamp>61E5FD2F</tstamp>
    </comp>
    <comp ref="BP9">
      <value>22u</value>
      <footprint>Capacitor_THT:CP_Radial_D6.3mm_P2.50mm</footprint>
      <datasheet>~</datasheet>
      <libsource lib="Device" part="CP" description="Polarized capacitor"/>
      <sheetpath names="/" tstamps="/"/>
      <tstamp>61E62622</tstamp>
    </comp>
    <comp ref="BP10">
      <value>22u</value>
      <footprint>Capacitor_THT:CP_Radial_D6.3mm_P2.50mm</footprint>
      <datasheet>~</datasheet>
      <libsource lib="Device" part="CP" description="Polarized capacitor"/>
      <sheetpath names="/" tstamps="/"/>
      <tstamp>61E638AE</tstamp>
    </comp>
    <comp ref="BP8">
      <value>100n</value>
      <footprint>Capacitor_SMD:C_0805_2012Metric_Pad1.15x1.40mm_HandSolder</footprint>
      <datasheet>~</datasheet>
      <libsource lib="Device" part="C" description="Unpolarized capacitor"/>
      <sheetpath names="/" tstamps="/"/>
      <tstamp>61E678CF</tstamp>
    </comp>
    <comp ref="BP7">
      <value>100n</value>
      <footprint>Capacitor_SMD:C_0805_2012Metric_Pad1.15x1.40mm_HandSolder</footprint>
      <datasheet>~</datasheet>
      <libsource lib="Device" part="C" description="Unpolarized capacitor"/>
      <sheetpath names="/" tstamps="/"/>
      <tstamp>61E68148</tstamp>
    </comp>
    <comp ref="BP5">
      <value>100n</value>
      <footprint>Capacitor_SMD:C_0805_2012Metric_Pad1.15x1.40mm_HandSolder</footprint>
      <datasheet>~</datasheet>
      <libsource lib="Device" part="C" description="Unpolarized capacitor"/>
      <sheetpath names="/" tstamps="/"/>
      <tstamp>61E6D0C7</tstamp>
    </comp>
    <comp ref="BP6">
      <value>100n</value>
      <footprint>Capacitor_SMD:C_0805_2012Metric_Pad1.15x1.40mm_HandSolder</footprint>
      <datasheet>~</datasheet>
      <libsource lib="Device" part="C" description="Unpolarized capacitor"/>
      <sheetpath names="/" tstamps="/"/>
      <tstamp>61E6D6E9</tstamp>
    </comp>
    <comp ref="C9">
      <value>4u7</value>
      <footprint>Capacitor_THT:CP_Radial_Tantal_D4.5mm_P2.50mm</footprint>
      <datasheet>~</datasheet>
      <libsource lib="Device" part="CP" description="Polarized capacitor"/>
      <sheetpath names="/" tstamps="/"/>
      <tstamp>61E71BF9</tstamp>
    </comp>
    <comp ref="BP3">
      <value>100n</value>
      <footprint>Capacitor_SMD:C_0805_2012Metric_Pad1.15x1.40mm_HandSolder</footprint>
      <datasheet>~</datasheet>
      <libsource lib="Device" part="C" description="Unpolarized capacitor"/>
      <sheetpath names="/" tstamps="/"/>
      <tstamp>61EA0C79</tstamp>
    </comp>
    <comp ref="BP4">
      <value>100n</value>
      <footprint>Capacitor_SMD:C_0805_2012Metric_Pad1.15x1.40mm_HandSolder</footprint>
      <datasheet>~</datasheet>
      <libsource lib="Device" part="C" description="Unpolarized capacitor"/>
      <sheetpath names="/" tstamps="/"/>
      <tstamp>61EA1228</tstamp>
    </comp>
    <comp ref="J19">
      <value>4B</value>
      <footprint>Connector_PinHeader_2.54mm:PinHeader_1x04_P2.54mm_Vertical</footprint>
      <datasheet>~</datasheet>
      <libsource lib="Connector" part="Conn_01x04_Male" description="Generic connector, single row, 01x04, script generated (kicad-library-utils/schlib/autogen/connector/)"/>
      <sheetpath names="/" tstamps="/"/>
      <tstamp>62270569</tstamp>
    </comp>
    <comp ref="J17">
      <value>4A</value>
      <footprint>Connector_PinSocket_2.54mm:PinSocket_1x04_P2.54mm_Vertical</footprint>
      <datasheet>~</datasheet>
      <libsource lib="Connector" part="Conn_01x04_Female" description="Generic connector, single row, 01x04, script generated (kicad-library-utils/schlib/autogen/connector/)"/>
      <sheetpath names="/" tstamps="/"/>
      <tstamp>62331759</tstamp>
    </comp>
    <comp ref="BP1">
      <value>22u</value>
      <footprint>Capacitor_THT:CP_Radial_D6.3mm_P2.50mm</footprint>
      <datasheet>~</datasheet>
      <libsource lib="Device" part="CP" description="Polarized capacitor"/>
      <sheetpath names="/" tstamps="/"/>
      <tstamp>623333CC</tstamp>
    </comp>
    <comp ref="BP2">
      <value>22u</value>
      <footprint>Capacitor_THT:CP_Radial_D6.3mm_P2.50mm</footprint>
      <datasheet>~</datasheet>
      <libsource lib="Device" part="CP" description="Polarized capacitor"/>
      <sheetpath names="/" tstamps="/"/>
      <tstamp>62333C1D</tstamp>
    </comp>
    <comp ref="Q3">
      <value>J309</value>
      <footprint>Package_TO_SOT_THT:TO-92_Inline_Wide</footprint>
      <datasheet>~</datasheet>
      <libsource lib="Device" part="Q_NJFET_SDG" description="N-JFET transistor, source/drain/gate"/>
      <sheetpath names="/" tstamps="/"/>
      <tstamp>619B7844</tstamp>
    </comp>
    <comp ref="ALTQ3">
      <value>MMBFJ309L</value>
      <footprint>Package_TO_SOT_SMD:SOT-23_Handsoldering</footprint>
      <datasheet>~</datasheet>
      <libsource lib="Device" part="Q_NJFET_SDG" description="N-JFET transistor, source/drain/gate"/>
      <sheetpath names="/" tstamps="/"/>
      <tstamp>627DE067</tstamp>
    </comp>
    <comp ref="J24">
      <value>0V</value>
      <footprint>Connector_PinHeader_2.54mm:PinHeader_1x01_P2.54mm_Vertical</footprint>
      <datasheet>~</datasheet>
      <libsource lib="Connector" part="Conn_01x01_Female" description="Generic connector, single row, 01x01, script generated (kicad-library-utils/schlib/autogen/connector/)"/>
      <sheetpath names="/" tstamps="/"/>
      <tstamp>62F33E85</tstamp>
    </comp>
    <comp ref="J23">
      <value>0V</value>
      <footprint>Connector_PinHeader_2.54mm:PinHeader_1x01_P2.54mm_Vertical</footprint>
      <datasheet>~</datasheet>
      <libsource lib="Connector" part="Conn_01x01_Female" description="Generic connector, single row, 01x01, script generated (kicad-library-utils/schlib/autogen/connector/)"/>
      <sheetpath names="/" tstamps="/"/>
      <tstamp>62F33969</tstamp>
    </comp>
    <comp ref="J22">
      <value>0V</value>
      <footprint>Connector_PinHeader_2.54mm:PinHeader_1x01_P2.54mm_Vertical</footprint>
      <datasheet>~</datasheet>
      <libsource lib="Connector" part="Conn_01x01_Female" description="Generic connector, single row, 01x01, script generated (kicad-library-utils/schlib/autogen/connector/)"/>
      <sheetpath names="/" tstamps="/"/>
      <tstamp>62F3211C</tstamp>
    </comp>
    <comp ref="R38">
      <value>10k</value>
      <footprint>Resistor_SMD:R_0805_2012Metric_Pad1.15x1.40mm_HandSolder</footprint>
      <datasheet>~</datasheet>
      <libsource lib="Device" part="R" description="Resistor"/>
      <sheetpath names="/" tstamps="/"/>
      <tstamp>61AA2E01</tstamp>
    </comp>
    <comp ref="U2">
      <value>LM358</value>
      <footprint>Package_SO:SOIC-8_3.9x4.9mm_P1.27mm</footprint>
      <datasheet>http://www.ti.com/lit/ds/symlink/lm2904-n.pdf</datasheet>
      <libsource lib="Amplifier_Operational" part="LM358" description="Low-Power, Dual Operational Amplifiers, DIP-8/SOIC-8/TO-99-8"/>
      <sheetpath names="/" tstamps="/"/>
      <tstamp>61C7DAEE</tstamp>
    </comp>
    <comp ref="U5">
      <value>LM358</value>
      <footprint>Package_SO:SOIC-8_3.9x4.9mm_P1.27mm</footprint>
      <datasheet>http://www.ti.com/lit/ds/symlink/lm2904-n.pdf</datasheet>
      <libsource lib="Amplifier_Operational" part="LM358" description="Low-Power, Dual Operational Amplifiers, DIP-8/SOIC-8/TO-99-8"/>
      <sheetpath names="/" tstamps="/"/>
      <tstamp>61D0DBB6</tstamp>
    </comp>
  </components>
  <libparts>
    <libpart lib="Amplifier_Operational" part="LM2902">
      <aliases>
        <alias>LM324</alias>
        <alias>TLC274</alias>
        <alias>TLC279</alias>
        <alias>TL074</alias>
        <alias>LM324A</alias>
        <alias>MCP6004</alias>
        <alias>TL084</alias>
        <alias>TL064</alias>
        <alias>LMV324</alias>
        <alias>LMC6484</alias>
        <alias>MCP604</alias>
        <alias>MC33079</alias>
        <alias>MC33174</alias>
        <alias>MC33179</alias>
        <alias>OPA1604</alias>
        <alias>OPA4134</alias>
        <alias>OPA4340UA</alias>
        <alias>OPA4376</alias>
        <alias>MCP6L94</alias>
        <alias>TSV914</alias>
        <alias>ADA4807-4</alias>
        <alias>TSV994</alias>
      </aliases>
      <description>Low-Power, Quad-Operational Amplifiers, DIP-14/SOIC-14/SSOP-14</description>
      <docs>http://www.ti.com/lit/ds/symlink/lm2902-n.pdf</docs>
      <footprints>
        <fp>SOIC*3.9x8.7mm*P1.27mm*</fp>
        <fp>DIP*W7.62mm*</fp>
        <fp>TSSOP*4.4x5mm*P0.65mm*</fp>
        <fp>SSOP*5.3x6.2mm*P0.65mm*</fp>
        <fp>MSOP*3x3mm*P0.5mm*</fp>
      </footprints>
      <fields>
        <field name="Reference">U</field>
        <field name="Value">LM2902</field>
      </fields>
      <pins>
        <pin num="1" name="~" type="output"/>
        <pin num="2" name="-" type="input"/>
        <pin num="3" name="+" type="input"/>
        <pin num="4" name="V+" type="power_in"/>
        <pin num="5" name="+" type="input"/>
        <pin num="6" name="-" type="input"/>
        <pin num="7" name="~" type="output"/>
        <pin num="8" name="~" type="output"/>
        <pin num="9" name="-" type="input"/>
        <pin num="10" name="+" type="input"/>
        <pin num="11" name="V-" type="power_in"/>
        <pin num="12" name="+" type="input"/>
        <pin num="13" name="-" type="input"/>
        <pin num="14" name="~" type="output"/>
      </pins>
    </libpart>
    <libpart lib="Amplifier_Operational" part="LM2904">
      <aliases>
        <alias>LM358</alias>
        <alias>AD8620</alias>
        <alias>LMC6062</alias>
        <alias>LMC6082</alias>
        <alias>TL062</alias>
        <alias>TL072</alias>
        <alias>TL082</alias>
        <alias>NE5532</alias>
        <alias>SA5532</alias>
        <alias>RC4558</alias>
        <alias>RC4560</alias>
        <alias>RC4580</alias>
        <alias>LMV358</alias>
        <alias>TS912</alias>
        <alias>TSV912IDT</alias>
        <alias>TSV912IST</alias>
        <alias>TLC272</alias>
        <alias>TLC277</alias>
        <alias>MCP602</alias>
        <alias>OPA2134</alias>
        <alias>OPA2340</alias>
        <alias>OPA2376xxD</alias>
        <alias>OPA2376xxDGK</alias>
        <alias>MC33078</alias>
        <alias>MC33178</alias>
        <alias>LM4562</alias>
        <alias>OP249</alias>
        <alias>OP275</alias>
        <alias>ADA4075-2</alias>
        <alias>MCP6002-xP</alias>
        <alias>MCP6002-xSN</alias>
        <alias>MCP6002-xMS</alias>
        <alias>LM7332</alias>
        <alias>OPA2333xxD</alias>
        <alias>OPA2333xxDGK</alias>
        <alias>LMC6482</alias>
        <alias>LT1492</alias>
        <alias>LTC6081xMS8</alias>
        <alias>LM6172</alias>
        <alias>MCP6L92</alias>
        <alias>NJM2043</alias>
        <alias>NJM2114</alias>
        <alias>NJM4556A</alias>
        <alias>NJM4558</alias>
        <alias>NJM4559</alias>
        <alias>NJM4560</alias>
        <alias>NJM4580</alias>
        <alias>NJM5532</alias>
        <alias>ADA4807-2ARM</alias>
        <alias>OPA2691</alias>
        <alias>LT6234</alias>
        <alias>OPA2356xxD</alias>
        <alias>OPA2356xxDGK</alias>
        <alias>OPA1612AxD</alias>
        <alias>MC33172</alias>
        <alias>OPA1602</alias>
        <alias>TLV2372</alias>
        <alias>LT6237</alias>
      </aliases>
      <description>Dual Operational Amplifiers, DIP-8/SOIC-8/TSSOP-8/VSSOP-8</description>
      <docs>http://www.ti.com/lit/ds/symlink/lm358.pdf</docs>
      <footprints>
        <fp>SOIC*3.9x4.9mm*P1.27mm*</fp>
        <fp>DIP*W7.62mm*</fp>
        <fp>TO*99*</fp>
        <fp>OnSemi*Micro8*</fp>
        <fp>TSSOP*3x3mm*P0.65mm*</fp>
        <fp>TSSOP*4.4x3mm*P0.65mm*</fp>
        <fp>MSOP*3x3mm*P0.65mm*</fp>
        <fp>SSOP*3.9x4.9mm*P0.635mm*</fp>
        <fp>LFCSP*2x2mm*P0.5mm*</fp>
        <fp>*SIP*</fp>
        <fp>SOIC*5.3x6.2mm*P1.27mm*</fp>
      </footprints>
      <fields>
        <field name="Reference">U</field>
        <field name="Value">LM2904</field>
      </fields>
      <pins>
        <pin num="1" name="~" type="output"/>
        <pin num="2" name="-" type="input"/>
        <pin num="3" name="+" type="input"/>
        <pin num="4" name="V-" type="power_in"/>
        <pin num="5" name="+" type="input"/>
        <pin num="6" name="-" type="input"/>
        <pin num="7" name="~" type="output"/>
        <pin num="8" name="V+" type="power_in"/>
      </pins>
    </libpart>
    <libpart lib="Connector" part="Conn_01x01_Female">
      <description>Generic connector, single row, 01x01, script generated (kicad-library-utils/schlib/autogen/connector/)</description>
      <docs>~</docs>
      <footprints>
        <fp>Connector*:*</fp>
      </footprints>
      <fields>
        <field name="Reference">J</field>
        <field name="Value">Conn_01x01_Female</field>
      </fields>
      <pins>
        <pin num="1" name="Pin_1" type="passive"/>
      </pins>
    </libpart>
    <libpart lib="Connector" part="Conn_01x04_Female">
      <description>Generic connector, single row, 01x04, script generated (kicad-library-utils/schlib/autogen/connector/)</description>
      <docs>~</docs>
      <footprints>
        <fp>Connector*:*_1x??_*</fp>
      </footprints>
      <fields>
        <field name="Reference">J</field>
        <field name="Value">Conn_01x04_Female</field>
      </fields>
      <pins>
        <pin num="1" name="Pin_1" type="passive"/>
        <pin num="2" name="Pin_2" type="passive"/>
        <pin num="3" name="Pin_3" type="passive"/>
        <pin num="4" name="Pin_4" type="passive"/>
      </pins>
    </libpart>
    <libpart lib="Connector" part="Conn_01x04_Male">
      <description>Generic connector, single row, 01x04, script generated (kicad-library-utils/schlib/autogen/connector/)</description>
      <docs>~</docs>
      <footprints>
        <fp>Connector*:*_1x??_*</fp>
      </footprints>
      <fields>
        <field name="Reference">J</field>
        <field name="Value">Conn_01x04_Male</field>
      </fields>
      <pins>
        <pin num="1" name="Pin_1" type="passive"/>
        <pin num="2" name="Pin_2" type="passive"/>
        <pin num="3" name="Pin_3" type="passive"/>
        <pin num="4" name="Pin_4" type="passive"/>
      </pins>
    </libpart>
    <libpart lib="Device" part="C">
      <description>Unpolarized capacitor</description>
      <docs>~</docs>
      <footprints>
        <fp>C_*</fp>
      </footprints>
      <fields>
        <field name="Reference">C</field>
        <field name="Value">C</field>
      </fields>
      <pins>
        <pin num="1" name="~" type="passive"/>
        <pin num="2" name="~" type="passive"/>
      </pins>
    </libpart>
    <libpart lib="Device" part="CP">
      <description>Polarized capacitor</description>
      <docs>~</docs>
      <footprints>
        <fp>CP_*</fp>
      </footprints>
      <fields>
        <field name="Reference">C</field>
        <field name="Value">CP</field>
      </fields>
      <pins>
        <pin num="1" name="~" type="passive"/>
        <pin num="2" name="~" type="passive"/>
      </pins>
    </libpart>
    <libpart lib="Device" part="D">
      <description>Diode</description>
      <docs>~</docs>
      <footprints>
        <fp>TO-???*</fp>
        <fp>*_Diode_*</fp>
        <fp>*SingleDiode*</fp>
        <fp>D_*</fp>
      </footprints>
      <fields>
        <field name="Reference">D</field>
        <field name="Value">D</field>
      </fields>
      <pins>
        <pin num="1" name="K" type="passive"/>
        <pin num="2" name="A" type="passive"/>
      </pins>
    </libpart>
    <libpart lib="Device" part="Ferrite_Bead_Small">
      <description>Ferrite bead, small symbol</description>
      <docs>~</docs>
      <footprints>
        <fp>Inductor_*</fp>
        <fp>L_*</fp>
        <fp>*Ferrite*</fp>
      </footprints>
      <fields>
        <field name="Reference">FB</field>
        <field name="Value">Ferrite_Bead_Small</field>
      </fields>
      <pins>
        <pin num="1" name="~" type="passive"/>
        <pin num="2" name="~" type="passive"/>
      </pins>
    </libpart>
    <libpart lib="Device" part="LED">
      <description>Light emitting diode</description>
      <docs>~</docs>
      <footprints>
        <fp>LED*</fp>
        <fp>LED_SMD:*</fp>
        <fp>LED_THT:*</fp>
      </footprints>
      <fields>
        <field name="Reference">D</field>
        <field name="Value">LED</field>
      </fields>
      <pins>
        <pin num="1" name="K" type="passive"/>
        <pin num="2" name="A" type="passive"/>
      </pins>
    </libpart>
    <libpart lib="Device" part="Q_NJFET_SDG">
      <description>N-JFET transistor, source/drain/gate</description>
      <docs>~</docs>
      <fields>
        <field name="Reference">Q</field>
        <field name="Value">Q_NJFET_SDG</field>
      </fields>
      <pins>
        <pin num="1" name="S" type="passive"/>
        <pin num="2" name="D" type="passive"/>
        <pin num="3" name="G" type="input"/>
      </pins>
    </libpart>
    <libpart lib="Device" part="R">
      <description>Resistor</description>
      <docs>~</docs>
      <footprints>
        <fp>R_*</fp>
      </footprints>
      <fields>
        <field name="Reference">R</field>
        <field name="Value">R</field>
      </fields>
      <pins>
        <pin num="1" name="~" type="passive"/>
        <pin num="2" name="~" type="passive"/>
      </pins>
    </libpart>
    <libpart lib="Diode" part="SB120">
      <aliases>
        <alias>SB130</alias>
        <alias>SB140</alias>
        <alias>SB150</alias>
        <alias>SB160</alias>
        <alias>1N5817</alias>
        <alias>1N5818</alias>
        <alias>1N5819</alias>
      </aliases>
      <description>20V 1A Schottky Barrier Rectifier Diode, DO-41</description>
      <docs>http://www.diodes.com/_files/datasheets/ds23022.pdf</docs>
      <footprints>
        <fp>D*DO?41*</fp>
      </footprints>
      <fields>
        <field name="Reference">D</field>
        <field name="Value">SB120</field>
        <field name="Footprint">Diode_THT:D_DO-41_SOD81_P10.16mm_Horizontal</field>
      </fields>
      <pins>
        <pin num="1" name="K" type="passive"/>
        <pin num="2" name="A" type="passive"/>
      </pins>
    </libpart>
    <libpart lib="Switch" part="SW_SPDT">
      <description>Switch, single pole double throw</description>
      <docs>~</docs>
      <fields>
        <field name="Reference">SW</field>
        <field name="Value">SW_SPDT</field>
      </fields>
      <pins>
        <pin num="1" name="A" type="passive"/>
        <pin num="2" name="B" type="passive"/>
        <pin num="3" name="C" type="passive"/>
      </pins>
    </libpart>
    <libpart lib="Transistor_BJT" part="2N3904">
      <description>0.2A Ic, 40V Vce, Small Signal NPN Transistor, TO-92</description>
      <docs>https://www.fairchildsemi.com/datasheets/2N/2N3904.pdf</docs>
      <footprints>
        <fp>TO?92*</fp>
      </footprints>
      <fields>
        <field name="Reference">Q</field>
        <field name="Value">2N3904</field>
        <field name="Footprint">Package_TO_SOT_THT:TO-92_Inline</field>
      </fields>
      <pins>
        <pin num="1" name="E" type="passive"/>
        <pin num="2" name="B" type="passive"/>
        <pin num="3" name="C" type="passive"/>
      </pins>
    </libpart>
  </libparts>
  <libraries>
    <library logical="Amplifier_Operational">
      <uri>/Library/Application Support/kicad/library/Amplifier_Operational.lib</uri>
    </library>
    <library logical="Connector">
      <uri>/Library/Application Support/kicad/library/Connector.lib</uri>
    </library>
    <library logical="Device">
      <uri>/Library/Application Support/kicad/library/Device.lib</uri>
    </library>
    <library logical="Diode">
      <uri>/Library/Application Support/kicad/library/Diode.lib</uri>
    </library>
    <library logical="Switch">
      <uri>/Library/Application Support/kicad/library/Switch.lib</uri>
    </library>
    <library logical="Transistor_BJT">
      <uri>/Library/Application Support/kicad/library/Transistor_BJT.lib</uri>
    </library>
  </libraries>
  <nets>
    <net code="1" name="Net-(J13-Pad2)">
      <node ref="R12" pin="1"/>
      <node ref="J13" pin="2"/>
      <node ref="U2" pin="3"/>
    </net>
    <net code="2" name="Net-(J2-Pad1)">
      <node ref="J2" pin="1"/>
      <node ref="R12" pin="2"/>
    </net>
    <net code="3" name="GNDREF">
      <node ref="R10" pin="2"/>
      <node ref="R19" pin="1"/>
      <node ref="R38" pin="2"/>
      <node ref="J22" pin="1"/>
      <node ref="J23" pin="1"/>
      <node ref="J24" pin="1"/>
      <node ref="SW1" pin="3"/>
      <node ref="BP2" pin="1"/>
      <node ref="BP1" pin="2"/>
      <node ref="J17" pin="3"/>
      <node ref="J17" pin="2"/>
      <node ref="R31" pin="2"/>
    </net>
    <net code="4" name="Net-(LED1-Pad2)">
      <node ref="U2" pin="1"/>
      <node ref="LED1" pin="2"/>
    </net>
    <net code="5" name="Net-(LED1-Pad1)">
      <node ref="U2" pin="2"/>
      <node ref="R10" pin="1"/>
      <node ref="LED1" pin="1"/>
    </net>
    <net code="6" name="Net-(J3-Pad1)">
      <node ref="R14" pin="2"/>
      <node ref="J3" pin="1"/>
    </net>
    <net code="7" name="Net-(J4-Pad1)">
      <node ref="R13" pin="2"/>
      <node ref="J4" pin="1"/>
    </net>
    <net code="8" name="Net-(J1-Pad1)">
      <node ref="J1" pin="1"/>
      <node ref="J13" pin="1"/>
    </net>
    <net code="9" name="Net-(J13-Pad3)">
      <node ref="R14" pin="1"/>
      <node ref="J13" pin="3"/>
    </net>
    <net code="10" name="Net-(J13-Pad4)">
      <node ref="R13" pin="1"/>
      <node ref="J13" pin="4"/>
    </net>
    <net code="11" name="Net-(J14-Pad1)">
      <node ref="J14" pin="1"/>
      <node ref="R6" pin="2"/>
      <node ref="R2" pin="2"/>
      <node ref="R9" pin="2"/>
    </net>
    <net code="12" name="Net-(J14-Pad3)">
      <node ref="J14" pin="3"/>
      <node ref="R1" pin="1"/>
      <node ref="U1" pin="14"/>
    </net>
    <net code="13" name="GND">
      <node ref="U1" pin="10"/>
      <node ref="R28" pin="2"/>
      <node ref="U1" pin="12"/>
      <node ref="U1" pin="5"/>
      <node ref="J19" pin="3"/>
      <node ref="J19" pin="2"/>
      <node ref="BP4" pin="1"/>
      <node ref="BP3" pin="2"/>
      <node ref="C9" pin="2"/>
      <node ref="BP6" pin="1"/>
      <node ref="BP5" pin="2"/>
      <node ref="BP7" pin="2"/>
      <node ref="BP8" pin="1"/>
      <node ref="BP10" pin="1"/>
      <node ref="BP9" pin="2"/>
      <node ref="J21" pin="3"/>
      <node ref="J21" pin="2"/>
      <node ref="R37" pin="2"/>
      <node ref="C11" pin="2"/>
      <node ref="R26" pin="2"/>
      <node ref="D12" pin="2"/>
      <node ref="R36" pin="2"/>
      <node ref="C13" pin="2"/>
      <node ref="Q1" pin="1"/>
      <node ref="U4" pin="3"/>
      <node ref="U1" pin="3"/>
    </net>
    <net code="14" name="Net-(J14-Pad2)">
      <node ref="R11" pin="1"/>
      <node ref="U1" pin="7"/>
      <node ref="J14" pin="2"/>
    </net>
    <net code="15" name="Net-(R11-Pad2)">
      <node ref="R11" pin="2"/>
      <node ref="U1" pin="6"/>
      <node ref="R6" pin="1"/>
    </net>
    <net code="16" name="Net-(D3-Pad2)">
      <node ref="U1" pin="1"/>
      <node ref="D3" pin="2"/>
      <node ref="D4" pin="1"/>
    </net>
    <net code="17" name="Net-(D3-Pad1)">
      <node ref="D3" pin="1"/>
      <node ref="U1" pin="2"/>
      <node ref="R3" pin="2"/>
      <node ref="R2" pin="1"/>
    </net>
    <net code="18" name="Net-(R1-Pad2)">
      <node ref="R1" pin="2"/>
      <node ref="U1" pin="13"/>
      <node ref="R4" pin="1"/>
    </net>
    <net code="19" name="Net-(D4-Pad2)">
      <node ref="R8" pin="2"/>
      <node ref="R4" pin="2"/>
      <node ref="R3" pin="1"/>
      <node ref="D4" pin="2"/>
      <node ref="R5" pin="2"/>
    </net>
    <net code="20" name="Net-(J14-Pad4)">
      <node ref="J14" pin="4"/>
      <node ref="U1" pin="8"/>
      <node ref="R7" pin="1"/>
    </net>
    <net code="21" name="Net-(R5-Pad1)">
      <node ref="R8" pin="1"/>
      <node ref="R5" pin="1"/>
      <node ref="R7" pin="2"/>
      <node ref="U1" pin="9"/>
      <node ref="R9" pin="1"/>
    </net>
    <net code="22" name="Net-(J5-Pad1)">
      <node ref="J5" pin="1"/>
      <node ref="SW1" pin="1"/>
    </net>
    <net code="23" name="Net-(J15-Pad3)">
      <node ref="J15" pin="3"/>
      <node ref="R22" pin="1"/>
    </net>
    <net code="24" name="Net-(J7-Pad1)">
      <node ref="J7" pin="1"/>
      <node ref="R22" pin="2"/>
    </net>
    <net code="25" name="Net-(J15-Pad4)">
      <node ref="R23" pin="1"/>
      <node ref="J15" pin="4"/>
    </net>
    <net code="26" name="Net-(J8-Pad1)">
      <node ref="R23" pin="2"/>
      <node ref="J8" pin="1"/>
    </net>
    <net code="27" name="Net-(LED2-Pad1)">
      <node ref="LED2" pin="1"/>
      <node ref="U2" pin="7"/>
    </net>
    <net code="28" name="Net-(LED2-Pad2)">
      <node ref="LED2" pin="2"/>
      <node ref="U2" pin="6"/>
      <node ref="R19" pin="2"/>
    </net>
    <net code="29" name="Net-(J15-Pad2)">
      <node ref="R21" pin="1"/>
      <node ref="J6" pin="1"/>
      <node ref="J15" pin="2"/>
    </net>
    <net code="30" name="Net-(J15-Pad1)">
      <node ref="J15" pin="1"/>
      <node ref="SW1" pin="2"/>
      <node ref="R20" pin="1"/>
    </net>
    <net code="31" name="Net-(R20-Pad2)">
      <node ref="U2" pin="5"/>
      <node ref="R20" pin="2"/>
      <node ref="R21" pin="2"/>
    </net>
    <net code="32" name="Net-(D8-Pad1)">
      <node ref="D8" pin="1"/>
      <node ref="J18" pin="2"/>
      <node ref="D9" pin="2"/>
    </net>
    <net code="33" name="Net-(D10-Pad2)">
      <node ref="D7" pin="1"/>
      <node ref="J18" pin="1"/>
      <node ref="D10" pin="2"/>
    </net>
    <net code="34" name="-15V">
      <node ref="U4" pin="11"/>
      <node ref="U3" pin="4"/>
      <node ref="BP6" pin="2"/>
      <node ref="U1" pin="11"/>
      <node ref="R18" pin="2"/>
      <node ref="BP8" pin="2"/>
      <node ref="J19" pin="4"/>
      <node ref="BP10" pin="2"/>
      <node ref="BP4" pin="2"/>
      <node ref="R16" pin="2"/>
      <node ref="L1" pin="2"/>
    </net>
    <net code="35" name="Net-(D10-Pad1)">
      <node ref="U3" pin="5"/>
      <node ref="D10" pin="1"/>
      <node ref="D9" pin="1"/>
      <node ref="R18" pin="1"/>
    </net>
    <net code="36" name="Net-(D6-Pad1)">
      <node ref="R16" pin="1"/>
      <node ref="D6" pin="1"/>
      <node ref="U3" pin="6"/>
    </net>
    <net code="37" name="Net-(D7-Pad2)">
      <node ref="D7" pin="2"/>
      <node ref="D8" pin="2"/>
      <node ref="R17" pin="1"/>
      <node ref="U3" pin="3"/>
    </net>
    <net code="38" name="+15V">
      <node ref="R17" pin="2"/>
      <node ref="BP3" pin="1"/>
      <node ref="J19" pin="1"/>
      <node ref="U4" pin="4"/>
      <node ref="R25" pin="1"/>
      <node ref="C9" pin="1"/>
      <node ref="U3" pin="8"/>
      <node ref="BP5" pin="1"/>
      <node ref="U1" pin="4"/>
      <node ref="BP7" pin="1"/>
      <node ref="R24" pin="1"/>
      <node ref="R33" pin="1"/>
      <node ref="BP9" pin="1"/>
      <node ref="R15" pin="2"/>
      <node ref="L2" pin="2"/>
    </net>
    <net code="39" name="Net-(D5-Pad2)">
      <node ref="U3" pin="2"/>
      <node ref="D5" pin="2"/>
      <node ref="R15" pin="1"/>
    </net>
    <net code="40" name="Net-(J9-Pad1)">
      <node ref="J9" pin="1"/>
      <node ref="SW2" pin="1"/>
    </net>
    <net code="41" name="Net-(J11-Pad1)">
      <node ref="SW2" pin="3"/>
      <node ref="J11" pin="1"/>
      <node ref="R34" pin="2"/>
    </net>
    <net code="42" name="Net-(J12-Pad1)">
      <node ref="R35" pin="2"/>
      <node ref="J12" pin="1"/>
    </net>
    <net code="43" name="Net-(LED3-Pad1)">
      <node ref="LED3" pin="1"/>
      <node ref="U5" pin="1"/>
    </net>
    <net code="44" name="Net-(LED3-Pad2)">
      <node ref="LED3" pin="2"/>
      <node ref="U5" pin="2"/>
      <node ref="R31" pin="1"/>
    </net>
    <net code="45" name="Net-(J16-Pad1)">
      <node ref="R34" pin="1"/>
      <node ref="J16" pin="1"/>
    </net>
    <net code="46" name="Net-(J16-Pad2)">
      <node ref="J16" pin="2"/>
      <node ref="R35" pin="1"/>
      <node ref="U5" pin="3"/>
    </net>
    <net code="47" name="Net-(J16-Pad4)">
      <node ref="J16" pin="4"/>
      <node ref="SW2" pin="2"/>
    </net>
    <net code="48" name="Net-(J10-Pad1)">
      <node ref="J16" pin="3"/>
      <node ref="J10" pin="1"/>
    </net>
    <net code="49" name="Net-(R27-Pad1)">
      <node ref="R29" pin="2"/>
      <node ref="R27" pin="1"/>
      <node ref="U4" pin="2"/>
    </net>
    <net code="50" name="Net-(C10-Pad2)">
      <node ref="R29" pin="1"/>
      <node ref="C10" pin="2"/>
    </net>
    <net code="51" name="Net-(Q1-Pad2)">
      <node ref="Q2" pin="2"/>
      <node ref="Q1" pin="2"/>
    </net>
    <net code="52" name="Net-(Q2-Pad3)">
      <node ref="Q2" pin="3"/>
    </net>
    <net code="53" name="Net-(C10-Pad1)">
      <node ref="R24" pin="2"/>
      <node ref="Q1" pin="3"/>
      <node ref="C10" pin="1"/>
    </net>
    <net code="54" name="Net-(C13-Pad1)">
      <node ref="Q2" pin="1"/>
      <node ref="R33" pin="2"/>
      <node ref="C13" pin="1"/>
    </net>
    <net code="55" name="Net-(J20-Pad1)">
      <node ref="U4" pin="1"/>
      <node ref="R27" pin="2"/>
      <node ref="J20" pin="1"/>
    </net>
    <net code="56" name="Net-(J20-Pad2)">
      <node ref="U4" pin="9"/>
      <node ref="U4" pin="8"/>
      <node ref="J20" pin="2"/>
    </net>
    <net code="57" name="Net-(J20-Pad4)">
      <node ref="J20" pin="4"/>
      <node ref="R37" pin="1"/>
      <node ref="U4" pin="5"/>
    </net>
    <net code="58" name="Net-(C12-Pad2)">
      <node ref="C12" pin="2"/>
      <node ref="R36" pin="1"/>
      <node ref="J20" pin="3"/>
    </net>
    <net code="59" name="Net-(C12-Pad1)">
      <node ref="R30" pin="2"/>
      <node ref="D12" pin="1"/>
      <node ref="C12" pin="1"/>
    </net>
    <net code="60" name="Net-(R25-Pad2)">
      <node ref="R26" pin="1"/>
      <node ref="R25" pin="2"/>
      <node ref="U4" pin="13"/>
    </net>
    <net code="61" name="Net-(R28-Pad1)">
      <node ref="R28" pin="1"/>
      <node ref="R30" pin="1"/>
      <node ref="U4" pin="12"/>
    </net>
    <net code="62" name="Net-(D11-Pad1)">
      <node ref="U4" pin="14"/>
      <node ref="D11" pin="1"/>
    </net>
    <net code="63" name="Net-(D2-Pad1)">
      <node ref="J21" pin="1"/>
      <node ref="D2" pin="1"/>
    </net>
    <net code="64" name="Net-(D1-Pad2)">
      <node ref="J21" pin="4"/>
      <node ref="D1" pin="2"/>
    </net>
    <net code="65" name="Net-(D2-Pad2)">
      <node ref="L1" pin="1"/>
      <node ref="D2" pin="2"/>
    </net>
    <net code="66" name="Net-(D1-Pad1)">
      <node ref="L2" pin="1"/>
      <node ref="D1" pin="1"/>
    </net>
    <net code="67" name="Net-(D6-Pad2)">
      <node ref="J18" pin="3"/>
      <node ref="D6" pin="2"/>
      <node ref="U3" pin="7"/>
    </net>
    <net code="68" name="Net-(D5-Pad1)">
      <node ref="D5" pin="1"/>
      <node ref="U3" pin="1"/>
      <node ref="J18" pin="4"/>
    </net>
    <net code="69" name="Net-(ALTQ3-Pad3)">
      <node ref="D11" pin="2"/>
      <node ref="R32" pin="2"/>
      <node ref="Q3" pin="3"/>
      <node ref="ALTQ3" pin="3"/>
    </net>
    <net code="70" name="Net-(ALTQ3-Pad1)">
      <node ref="ALTQ3" pin="1"/>
      <node ref="U4" pin="7"/>
      <node ref="U4" pin="6"/>
      <node ref="R32" pin="1"/>
      <node ref="Q3" pin="1"/>
    </net>
    <net code="71" name="Net-(ALTQ3-Pad2)">
      <node ref="U4" pin="10"/>
      <node ref="Q3" pin="2"/>
      <node ref="C11" pin="1"/>
      <node ref="ALTQ3" pin="2"/>
    </net>
    <net code="72" name="Net-(U5-Pad6)">
      <node ref="U5" pin="7"/>
      <node ref="U5" pin="6"/>
    </net>
    <net code="73" name="Net-(R38-Pad1)">
      <node ref="R38" pin="1"/>
      <node ref="U5" pin="5"/>
    </net>
    <net code="74" name="Net-(BP2-Pad2)">
      <node ref="U2" pin="4"/>
      <node ref="J17" pin="4"/>
      <node ref="BP2" pin="2"/>
      <node ref="U5" pin="4"/>
    </net>
    <net code="75" name="Net-(BP1-Pad1)">
      <node ref="U2" pin="8"/>
      <node ref="BP1" pin="1"/>
      <node ref="U5" pin="8"/>
      <node ref="J17" pin="1"/>
    </net>
  </nets>
</export>
