"Source:","/Users/usb/Desktop/Kicad/veils/veils.kicad_sch"
"Date:","Saturday, February 04, 2023 at 08:57:59 AM"
"Tool:","Eeschema (6.0.7-1)-1"
"Generator:","/Applications/KiCad/KiCad.app/Contents/SharedSupport/plugins/bom_csv_grouped_by_value_with_fp.py"
"Component Count:","162"
"Ref","Qnty","Value","Cmp name","Footprint","Description","Vendor"
"BP1, BP2, BP3, BP4, BP5, BP6, BP7, BP8, BP9, BP10, BP11, BP12, BP13, BP14, BP15, BP16, BP17, BP18, BP19, BP20, ","20","100n","C","Capacitor_SMD:C_0805_2012Metric_Pad1.18x1.45mm_HandSolder","Unpolarized capacitor",""
"C1, C42, ","2","2.2u","C","Capacitor_SMD:C_0805_2012Metric_Pad1.18x1.45mm_HandSolder","Unpolarized capacitor",""
"C2, C3, C4, C5, ","4","100n","C","Capacitor_SMD:C_0805_2012Metric_Pad1.18x1.45mm_HandSolder","Unpolarized capacitor",""
"C6, C7, C35, C36, ","4","22U","C_Polarized","Capacitor_THT:CP_Radial_D6.3mm_P2.50mm","Polarized capacitor",""
"C8, C9, C14, C15, C16, C17, C30, C31, C32, C33, C40, C41, ","12","100p","C","Capacitor_SMD:C_0805_2012Metric_Pad1.18x1.45mm_HandSolder","Unpolarized capacitor",""
"C20, C21, C22, C23, C24, C25, C27, C28, ","8","560p","C","Capacitor_SMD:C_0805_2012Metric_Pad1.18x1.45mm_HandSolder","Unpolarized capacitor",""
"D1, D2, ","2","1N5819","D","Diode_THT:D_DO-41_SOD81_P10.16mm_Horizontal","Diode",""
"F1, ","1","350MA","Polyfuse","Capacitor_THT:C_Disc_D5.0mm_W2.5mm_P5.00mm","Resettable fuse, polymeric positive temperature coefficient",""
"J1, ","1","OUT1","Conn_01x01_Female","Footprints2:BananaFoFanna5","Generic connector, single row, 01x01, script generated (kicad-library-utils/schlib/autogen/connector/)",""
"J2, ","1","OUT2","Conn_01x01_Female","Footprints2:BananaFoFanna5","Generic connector, single row, 01x01, script generated (kicad-library-utils/schlib/autogen/connector/)",""
"J3, ","1","OUT3","Conn_01x01_Female","Footprints2:BananaFoFanna5","Generic connector, single row, 01x01, script generated (kicad-library-utils/schlib/autogen/connector/)",""
"J4, ","1","OUT4","Conn_01x01_Female","Footprints2:BananaFoFanna5","Generic connector, single row, 01x01, script generated (kicad-library-utils/schlib/autogen/connector/)",""
"J5, ","1","IN1","Conn_01x01_Female","Footprints2:BananaFoFanna5","Generic connector, single row, 01x01, script generated (kicad-library-utils/schlib/autogen/connector/)",""
"J6, ","1","IN2","Conn_01x01_Female","Footprints2:BananaFoFanna5","Generic connector, single row, 01x01, script generated (kicad-library-utils/schlib/autogen/connector/)",""
"J7, ","1","IN3","Conn_01x01_Female","Footprints2:BananaFoFanna5","Generic connector, single row, 01x01, script generated (kicad-library-utils/schlib/autogen/connector/)",""
"J8, ","1","IN4","Conn_01x01_Female","Footprints2:BananaFoFanna5","Generic connector, single row, 01x01, script generated (kicad-library-utils/schlib/autogen/connector/)",""
"J9, ","1","CV1","Conn_01x01_Female","Footprints2:BananaFoFanna5","Generic connector, single row, 01x01, script generated (kicad-library-utils/schlib/autogen/connector/)",""
"J10, ","1","CV2","Conn_01x01_Female","Footprints2:BananaFoFanna5","Generic connector, single row, 01x01, script generated (kicad-library-utils/schlib/autogen/connector/)",""
"J11, ","1","CV3","Conn_01x01_Female","Footprints2:BananaFoFanna5","Generic connector, single row, 01x01, script generated (kicad-library-utils/schlib/autogen/connector/)",""
"J12, ","1","CV4","Conn_01x01_Female","Footprints2:BananaFoFanna5","Generic connector, single row, 01x01, script generated (kicad-library-utils/schlib/autogen/connector/)",""
"J13, ","1","POWER","Conn_01x04_Male","TerminalBlock_TE-Connectivity:TerminalBlock_TE_282834-4_1x04_P2.54mm_Horizontal","Generic connector, single row, 01x04, script generated (kicad-library-utils/schlib/autogen/connector/)",""
"J14, J15, J16, J17, J18, J19, ","6","0V","Conn_01x01_Male","Connector_PinHeader_2.54mm:PinHeader_1x01_P2.54mm_Vertical","Generic connector, single row, 01x01, script generated (kicad-library-utils/schlib/autogen/connector/)",""
"L1, L2, ","2","FerriteBead_Small","FerriteBead_Small","Inductor_THT:L_Axial_L5.0mm_D3.6mm_P10.00mm_Horizontal_Murata_BL01RN1A2A2","Ferrite bead, small symbol",""
"R1, R2, R3, R4, ","4","2k","R","Resistor_SMD:R_0805_2012Metric_Pad1.20x1.40mm_HandSolder","Resistor",""
"R5, ","1","24.9k","R","Resistor_SMD:R_0805_2012Metric_Pad1.20x1.40mm_HandSolder","Resistor",""
"R6, R7, R8, R9, ","4","100k","R","Resistor_SMD:R_0805_2012Metric_Pad1.20x1.40mm_HandSolder","Resistor",""
"R10, R24, R25, R26, R28, R29, R30, R53, R54, R55, R57, R58, R59, R60, ","14","5.1k","R","Resistor_SMD:R_0805_2012Metric_Pad1.20x1.40mm_HandSolder","Resistor",""
"R14, R15, R16, R17, ","4","120k","R","Resistor_SMD:R_0805_2012Metric_Pad1.20x1.40mm_HandSolder","Resistor",""
"R18, R19, R20, R21, ","4","20M","R","Resistor_SMD:R_0805_2012Metric_Pad1.20x1.40mm_HandSolder","Resistor",""
"R22, R23, R56, ","3","5.6k","R","Resistor_SMD:R_0805_2012Metric_Pad1.20x1.40mm_HandSolder","Resistor",""
"R31, R32, R35, R36, R37, R38, R45, R46, R47, R48, R51, R52, ","12","49.9k","R","Resistor_SMD:R_0805_2012Metric_Pad1.20x1.40mm_HandSolder","Resistor",""
"R33, R34, ","2","680k","R","Resistor_SMD:R_0805_2012Metric_Pad1.20x1.40mm_HandSolder","Resistor",""
"R39, R40, R41, R42, R43, R44, R49, R50, R69, R94, R95, R96, R97, ","13","510R","R","Resistor_SMD:R_0805_2012Metric_Pad1.20x1.40mm_HandSolder","Resistor",""
"RV1, RV4, RV7, RV10, ","4","50kB","R_Potentiometer","Footprints2:Potentiometer_Alpha_RD901F-40-00D_Single_Vertical_Center","Potentiometer",""
"RV2, RV5, RV8, RV11, ","4","20kB","R_Potentiometer","Footprints2:Potentiometer_Alpha_RD901F-40-00D_Single_Vertical_Center","Potentiometer",""
"RV3, RV6, RV9, RV12, ","4","10kB","R_Potentiometer","Footprints2:Potentiometer_Alpha_RD901F-40-00D_Single_Vertical_Center","Potentiometer",""
"SW1, SW2, SW3, ","3","ON/ON","SW_SPDT","w_switch:switch_100sp5","Switch, single pole double throw",""
"U1, U2, U4, U5, U6, U7, U9, U10, ","8","OPA1678","OPA1678","Package_SO:SOIC-8_3.9x4.9mm_P1.27mm","Low-Distortion Audio Operational Amplifiers, SOIC-8/VSSOP-8",""
"U3, U8, ","2","SSI2164","SSI2164U","Package_SO:SOIC-16_3.9x9.9mm_P1.27mm","Quad VCA, SOIC-16",""
"U11, ","1","LM4040-10","LM4040LP-10","Package_TO_SOT_THT:TO-92_Inline","10.00V Precision Micropower Shunt Voltage Reference, TO-92",""
"U12, ","1","LM4040-2.5","LM4040LP-2.5","Package_TO_SOT_THT:TO-92_Inline","2.500V Precision Micropower Shunt Voltage Reference, TO-92",""
