<?xml version="1.0" encoding="UTF-8"?>
<export version="E">
  <design>
    <source>/Users/usb/Desktop/Kicad/coil/coil.kicad_sch</source>
    <date>Sunday, March 05, 2023 at 11:06:43 PM</date>
    <tool>Eeschema (6.0.7-1)-1</tool>
    <sheet number="1" name="/" tstamps="/">
      <title_block>
        <title>Legend of the Golden Snake</title>
        <company/>
        <rev>v01</rev>
        <date>2023</date>
        <source>coil.kicad_sch</source>
        <comment number="1" value=""/>
        <comment number="2" value=""/>
        <comment number="3" value="Banana Remix by Matt Hartman"/>
        <comment number="4" value="Based on North Coast Synthesis MSK 009 Coiler VCF"/>
        <comment number="5" value=""/>
        <comment number="6" value=""/>
        <comment number="7" value=""/>
        <comment number="8" value=""/>
        <comment number="9" value=""/>
      </title_block>
    </sheet>
  </design>
  <components>
    <comp ref="BP1">
      <value>100n</value>
      <footprint>Capacitor_SMD:C_0805_2012Metric_Pad1.18x1.45mm_HandSolder</footprint>
      <libsource lib="Device" part="C" description="Unpolarized capacitor"/>
      <property name="Sheetname" value=""/>
      <property name="Sheetfile" value="coil.kicad_sch"/>
      <sheetpath names="/" tstamps="/"/>
      <tstamps>9fd1ddc4-ab11-42df-adf8-3f6239ace6a2</tstamps>
    </comp>
    <comp ref="BP2">
      <value>100n</value>
      <footprint>Capacitor_SMD:C_0805_2012Metric_Pad1.18x1.45mm_HandSolder</footprint>
      <libsource lib="Device" part="C" description="Unpolarized capacitor"/>
      <property name="Sheetname" value=""/>
      <property name="Sheetfile" value="coil.kicad_sch"/>
      <sheetpath names="/" tstamps="/"/>
      <tstamps>ea55002d-e8d8-4132-9b25-d80998251dcb</tstamps>
    </comp>
    <comp ref="BP3">
      <value>100n</value>
      <footprint>Capacitor_SMD:C_0805_2012Metric_Pad1.18x1.45mm_HandSolder</footprint>
      <libsource lib="Device" part="C" description="Unpolarized capacitor"/>
      <property name="Sheetname" value=""/>
      <property name="Sheetfile" value="coil.kicad_sch"/>
      <sheetpath names="/" tstamps="/"/>
      <tstamps>9ed8ffc0-1ea2-4101-9319-f6178a42fb60</tstamps>
    </comp>
    <comp ref="BP4">
      <value>100n</value>
      <footprint>Capacitor_SMD:C_0805_2012Metric_Pad1.18x1.45mm_HandSolder</footprint>
      <libsource lib="Device" part="C" description="Unpolarized capacitor"/>
      <property name="Sheetname" value=""/>
      <property name="Sheetfile" value="coil.kicad_sch"/>
      <sheetpath names="/" tstamps="/"/>
      <tstamps>5e3a9523-3b2a-419c-a55a-5f6422f152df</tstamps>
    </comp>
    <comp ref="BP5">
      <value>100n</value>
      <footprint>Capacitor_SMD:C_0805_2012Metric_Pad1.18x1.45mm_HandSolder</footprint>
      <libsource lib="Device" part="C" description="Unpolarized capacitor"/>
      <property name="Sheetname" value=""/>
      <property name="Sheetfile" value="coil.kicad_sch"/>
      <sheetpath names="/" tstamps="/"/>
      <tstamps>7f6c029a-9b1b-43e4-9488-0c727c7f9320</tstamps>
    </comp>
    <comp ref="BP6">
      <value>100n</value>
      <footprint>Capacitor_SMD:C_0805_2012Metric_Pad1.18x1.45mm_HandSolder</footprint>
      <libsource lib="Device" part="C" description="Unpolarized capacitor"/>
      <property name="Sheetname" value=""/>
      <property name="Sheetfile" value="coil.kicad_sch"/>
      <sheetpath names="/" tstamps="/"/>
      <tstamps>eb53c904-2388-4141-b1ba-f5ac5509728c</tstamps>
    </comp>
    <comp ref="C1">
      <value>100p</value>
      <footprint>Capacitor_SMD:C_0805_2012Metric_Pad1.18x1.45mm_HandSolder</footprint>
      <libsource lib="Device" part="C" description="Unpolarized capacitor"/>
      <property name="Sheetname" value=""/>
      <property name="Sheetfile" value="coil.kicad_sch"/>
      <sheetpath names="/" tstamps="/"/>
      <tstamps>65e10efb-2cf9-4f49-a27d-b9a903681a84</tstamps>
    </comp>
    <comp ref="C2">
      <value>6800p</value>
      <footprint>Capacitor_THT:C_Rect_L7.2mm_W4.5mm_P5.00mm_FKS2_FKP2_MKS2_MKP2</footprint>
      <libsource lib="Device" part="C" description="Unpolarized capacitor"/>
      <property name="Sheetname" value=""/>
      <property name="Sheetfile" value="coil.kicad_sch"/>
      <sheetpath names="/" tstamps="/"/>
      <tstamps>3435c171-a381-44f1-ad66-ca095ae2a81e</tstamps>
    </comp>
    <comp ref="C3">
      <value>6800p</value>
      <footprint>Capacitor_THT:C_Rect_L7.2mm_W4.5mm_P5.00mm_FKS2_FKP2_MKS2_MKP2</footprint>
      <libsource lib="Device" part="C" description="Unpolarized capacitor"/>
      <property name="Sheetname" value=""/>
      <property name="Sheetfile" value="coil.kicad_sch"/>
      <sheetpath names="/" tstamps="/"/>
      <tstamps>d42b66bb-28c8-4c12-bf6c-09ccfe4b845e</tstamps>
    </comp>
    <comp ref="C12">
      <value>33p</value>
      <footprint>Capacitor_SMD:C_0805_2012Metric_Pad1.18x1.45mm_HandSolder</footprint>
      <libsource lib="Device" part="C" description="Unpolarized capacitor"/>
      <property name="Sheetname" value=""/>
      <property name="Sheetfile" value="coil.kicad_sch"/>
      <sheetpath names="/" tstamps="/"/>
      <tstamps>5962a337-afaa-46bf-8f44-d404ab9a0dba</tstamps>
    </comp>
    <comp ref="D1">
      <value>1n4148</value>
      <footprint>Diode_THT:D_DO-35_SOD27_P7.62mm_Horizontal</footprint>
      <libsource lib="Device" part="D" description="Diode"/>
      <property name="Sheetname" value=""/>
      <property name="Sheetfile" value="coil.kicad_sch"/>
      <sheetpath names="/" tstamps="/"/>
      <tstamps>87310c26-b091-4ad9-960c-a665d4aa8f47</tstamps>
    </comp>
    <comp ref="D2">
      <value>1n5818</value>
      <footprint>Diode_THT:D_DO-41_SOD81_P10.16mm_Horizontal</footprint>
      <libsource lib="Device" part="D_Schottky" description="Schottky diode"/>
      <property name="Sheetname" value=""/>
      <property name="Sheetfile" value="coil.kicad_sch"/>
      <sheetpath names="/" tstamps="/"/>
      <tstamps>5acc4240-ba1b-42c1-8583-71448ab450ab</tstamps>
    </comp>
    <comp ref="D3">
      <value>1n5818</value>
      <footprint>Diode_THT:D_DO-41_SOD81_P10.16mm_Horizontal</footprint>
      <libsource lib="Device" part="D_Schottky" description="Schottky diode"/>
      <property name="Sheetname" value=""/>
      <property name="Sheetfile" value="coil.kicad_sch"/>
      <sheetpath names="/" tstamps="/"/>
      <tstamps>4e101567-cb14-4304-a4ec-7bc76cb8ac73</tstamps>
    </comp>
    <comp ref="D4">
      <value>4.7V</value>
      <footprint>Diode_THT:D_DO-34_SOD68_P7.62mm_Horizontal</footprint>
      <libsource lib="Device" part="D_Zener" description="Zener diode"/>
      <property name="Sheetname" value=""/>
      <property name="Sheetfile" value="coil.kicad_sch"/>
      <sheetpath names="/" tstamps="/"/>
      <tstamps>5fb24a92-9fe1-4bc0-b4ff-6f2aeba7802b</tstamps>
    </comp>
    <comp ref="D5">
      <value>4.7V</value>
      <footprint>Diode_THT:D_DO-34_SOD68_P7.62mm_Horizontal</footprint>
      <libsource lib="Device" part="D_Zener" description="Zener diode"/>
      <property name="Sheetname" value=""/>
      <property name="Sheetfile" value="coil.kicad_sch"/>
      <sheetpath names="/" tstamps="/"/>
      <tstamps>cc0c9f2e-91b7-4e0e-9e20-7fecf665d191</tstamps>
    </comp>
    <comp ref="H1">
      <value>MountingHole</value>
      <footprint>Footprints2:MountingHoleM3</footprint>
      <libsource lib="Mechanical" part="MountingHole" description="Mounting Hole without connection"/>
      <property name="Sheetname" value=""/>
      <property name="Sheetfile" value="coil.kicad_sch"/>
      <sheetpath names="/" tstamps="/"/>
      <tstamps>fd0670c8-82cd-4422-a950-046ee8923931</tstamps>
    </comp>
    <comp ref="H2">
      <value>MountingHole</value>
      <footprint>Footprints2:MountingHoleM3</footprint>
      <libsource lib="Mechanical" part="MountingHole" description="Mounting Hole without connection"/>
      <property name="Sheetname" value=""/>
      <property name="Sheetfile" value="coil.kicad_sch"/>
      <sheetpath names="/" tstamps="/"/>
      <tstamps>5d5a62e9-7cfe-4b09-ad58-1a936eb2f9b5</tstamps>
    </comp>
    <comp ref="J1">
      <value>CV2</value>
      <footprint>Footprints2:BananaFoFanna5</footprint>
      <libsource lib="Connector" part="Conn_01x01_Female" description="Generic connector, single row, 01x01, script generated (kicad-library-utils/schlib/autogen/connector/)"/>
      <property name="Sheetname" value=""/>
      <property name="Sheetfile" value="coil.kicad_sch"/>
      <sheetpath names="/" tstamps="/"/>
      <tstamps>c25e34d0-021f-4258-b526-437943bc831a</tstamps>
    </comp>
    <comp ref="J2">
      <value>CV1</value>
      <footprint>Footprints2:BananaFoFanna5</footprint>
      <libsource lib="Connector" part="Conn_01x01_Female" description="Generic connector, single row, 01x01, script generated (kicad-library-utils/schlib/autogen/connector/)"/>
      <property name="Sheetname" value=""/>
      <property name="Sheetfile" value="coil.kicad_sch"/>
      <sheetpath names="/" tstamps="/"/>
      <tstamps>7eb76d41-48d0-4acf-95cb-4afcf5f90894</tstamps>
    </comp>
    <comp ref="J3">
      <value>IN</value>
      <footprint>Footprints2:BananaFoFanna5</footprint>
      <libsource lib="Connector" part="Conn_01x01_Female" description="Generic connector, single row, 01x01, script generated (kicad-library-utils/schlib/autogen/connector/)"/>
      <property name="Sheetname" value=""/>
      <property name="Sheetfile" value="coil.kicad_sch"/>
      <sheetpath names="/" tstamps="/"/>
      <tstamps>a5c3dcf4-a3aa-4945-8d72-8c3df534eeac</tstamps>
    </comp>
    <comp ref="J4">
      <value>1A</value>
      <footprint>Connector_PinSocket_2.54mm:PinSocket_1x06_P2.54mm_Vertical</footprint>
      <libsource lib="Connector" part="Conn_01x06_Female" description="Generic connector, single row, 01x06, script generated (kicad-library-utils/schlib/autogen/connector/)"/>
      <property name="Sheetname" value=""/>
      <property name="Sheetfile" value="coil.kicad_sch"/>
      <sheetpath names="/" tstamps="/"/>
      <tstamps>ab71b378-5981-4bb0-a419-f7da3ca3006a</tstamps>
    </comp>
    <comp ref="J5">
      <value>HP</value>
      <footprint>Footprints2:BananaFoFanna5</footprint>
      <libsource lib="Connector" part="Conn_01x01_Female" description="Generic connector, single row, 01x01, script generated (kicad-library-utils/schlib/autogen/connector/)"/>
      <property name="Sheetname" value=""/>
      <property name="Sheetfile" value="coil.kicad_sch"/>
      <sheetpath names="/" tstamps="/"/>
      <tstamps>56703312-84e2-479e-bdfc-2d17a60408ce</tstamps>
    </comp>
    <comp ref="J6">
      <value>BP</value>
      <footprint>Footprints2:BananaFoFanna5</footprint>
      <libsource lib="Connector" part="Conn_01x01_Female" description="Generic connector, single row, 01x01, script generated (kicad-library-utils/schlib/autogen/connector/)"/>
      <property name="Sheetname" value=""/>
      <property name="Sheetfile" value="coil.kicad_sch"/>
      <sheetpath names="/" tstamps="/"/>
      <tstamps>a1d771db-55af-40fe-818d-6cc49cfdf2f2</tstamps>
    </comp>
    <comp ref="J7">
      <value>LP</value>
      <footprint>Footprints2:BananaFoFanna5</footprint>
      <libsource lib="Connector" part="Conn_01x01_Female" description="Generic connector, single row, 01x01, script generated (kicad-library-utils/schlib/autogen/connector/)"/>
      <property name="Sheetname" value=""/>
      <property name="Sheetfile" value="coil.kicad_sch"/>
      <sheetpath names="/" tstamps="/"/>
      <tstamps>3b83f027-813f-4a65-a706-ad52a8589837</tstamps>
    </comp>
    <comp ref="J8">
      <value>2A</value>
      <footprint>Connector_PinSocket_2.54mm:PinSocket_1x04_P2.54mm_Vertical</footprint>
      <libsource lib="Connector" part="Conn_01x04_Female" description="Generic connector, single row, 01x04, script generated (kicad-library-utils/schlib/autogen/connector/)"/>
      <property name="Sheetname" value=""/>
      <property name="Sheetfile" value="coil.kicad_sch"/>
      <sheetpath names="/" tstamps="/"/>
      <tstamps>3f12bff9-0763-4a0a-b359-7487c75f524c</tstamps>
    </comp>
    <comp ref="J9">
      <value>1B</value>
      <footprint>Connector_PinHeader_2.54mm:PinHeader_1x06_P2.54mm_Vertical</footprint>
      <libsource lib="Connector" part="Conn_01x06_Male" description="Generic connector, single row, 01x06, script generated (kicad-library-utils/schlib/autogen/connector/)"/>
      <property name="Sheetname" value=""/>
      <property name="Sheetfile" value="coil.kicad_sch"/>
      <sheetpath names="/" tstamps="/"/>
      <tstamps>e7bd7efd-4767-4309-ad95-beb27e7fe8b0</tstamps>
    </comp>
    <comp ref="J10">
      <value>2B</value>
      <footprint>Connector_PinHeader_2.54mm:PinHeader_1x04_P2.54mm_Vertical</footprint>
      <libsource lib="Connector" part="Conn_01x04_Male" description="Generic connector, single row, 01x04, script generated (kicad-library-utils/schlib/autogen/connector/)"/>
      <property name="Sheetname" value=""/>
      <property name="Sheetfile" value="coil.kicad_sch"/>
      <sheetpath names="/" tstamps="/"/>
      <tstamps>3a5efd2c-ef8f-4b40-9449-571828bb256d</tstamps>
    </comp>
    <comp ref="J11">
      <value>POWER</value>
      <footprint>TerminalBlock_TE-Connectivity:TerminalBlock_TE_282834-4_1x04_P2.54mm_Horizontal</footprint>
      <libsource lib="Connector" part="Conn_01x04_Male" description="Generic connector, single row, 01x04, script generated (kicad-library-utils/schlib/autogen/connector/)"/>
      <property name="Sheetname" value=""/>
      <property name="Sheetfile" value="coil.kicad_sch"/>
      <sheetpath names="/" tstamps="/"/>
      <tstamps>fc4a2d27-2202-4fe4-99fd-cdfb0dbc2054</tstamps>
    </comp>
    <comp ref="J12">
      <value>0V</value>
      <footprint>Connector_PinHeader_2.54mm:PinHeader_1x01_P2.54mm_Vertical</footprint>
      <libsource lib="Connector" part="Conn_01x01_Male" description="Generic connector, single row, 01x01, script generated (kicad-library-utils/schlib/autogen/connector/)"/>
      <property name="Sheetname" value=""/>
      <property name="Sheetfile" value="coil.kicad_sch"/>
      <sheetpath names="/" tstamps="/"/>
      <tstamps>02be5cab-273f-4c5a-986d-8b5acbdb1a5e</tstamps>
    </comp>
    <comp ref="J13">
      <value>0V</value>
      <footprint>Connector_PinHeader_2.54mm:PinHeader_1x01_P2.54mm_Vertical</footprint>
      <libsource lib="Connector" part="Conn_01x01_Male" description="Generic connector, single row, 01x01, script generated (kicad-library-utils/schlib/autogen/connector/)"/>
      <property name="Sheetname" value=""/>
      <property name="Sheetfile" value="coil.kicad_sch"/>
      <sheetpath names="/" tstamps="/"/>
      <tstamps>d43bd902-9b0a-47f8-99e5-3f4e8e3bd509</tstamps>
    </comp>
    <comp ref="J14">
      <value>0V</value>
      <footprint>Connector_PinHeader_2.54mm:PinHeader_1x01_P2.54mm_Vertical</footprint>
      <libsource lib="Connector" part="Conn_01x01_Male" description="Generic connector, single row, 01x01, script generated (kicad-library-utils/schlib/autogen/connector/)"/>
      <property name="Sheetname" value=""/>
      <property name="Sheetfile" value="coil.kicad_sch"/>
      <sheetpath names="/" tstamps="/"/>
      <tstamps>2e68f8d7-4494-4137-a87b-c78a4989aec6</tstamps>
    </comp>
    <comp ref="J15">
      <value>0V</value>
      <footprint>Connector_PinHeader_2.54mm:PinHeader_1x01_P2.54mm_Vertical</footprint>
      <libsource lib="Connector" part="Conn_01x01_Male" description="Generic connector, single row, 01x01, script generated (kicad-library-utils/schlib/autogen/connector/)"/>
      <property name="Sheetname" value=""/>
      <property name="Sheetfile" value="coil.kicad_sch"/>
      <sheetpath names="/" tstamps="/"/>
      <tstamps>27819cf3-324b-4648-8f84-bd81cbb5b924</tstamps>
    </comp>
    <comp ref="J16">
      <value>0V</value>
      <footprint>Connector_PinHeader_2.54mm:PinHeader_1x01_P2.54mm_Vertical</footprint>
      <libsource lib="Connector" part="Conn_01x01_Male" description="Generic connector, single row, 01x01, script generated (kicad-library-utils/schlib/autogen/connector/)"/>
      <property name="Sheetname" value=""/>
      <property name="Sheetfile" value="coil.kicad_sch"/>
      <sheetpath names="/" tstamps="/"/>
      <tstamps>14e1fe13-003b-4c96-ba67-998a769b00c4</tstamps>
    </comp>
    <comp ref="L1">
      <value>22mH</value>
      <footprint>Inductor_THT:L_Axial_L12.8mm_D5.8mm_P20.32mm_Horizontal_Fastron_HBCC</footprint>
      <libsource lib="pspice" part="INDUCTOR" description="Inductor symbol for simulation only"/>
      <property name="Sheetname" value=""/>
      <property name="Sheetfile" value="coil.kicad_sch"/>
      <sheetpath names="/" tstamps="/"/>
      <tstamps>2a7fa548-8ab3-4c7c-bc83-02e0c0b8483e</tstamps>
    </comp>
    <comp ref="L2">
      <value>22mH</value>
      <footprint>Inductor_THT:L_Axial_L12.8mm_D5.8mm_P20.32mm_Horizontal_Fastron_HBCC</footprint>
      <libsource lib="pspice" part="INDUCTOR" description="Inductor symbol for simulation only"/>
      <property name="Sheetname" value=""/>
      <property name="Sheetfile" value="coil.kicad_sch"/>
      <sheetpath names="/" tstamps="/"/>
      <tstamps>9551d7e3-21c4-4d91-b13c-29456239b4ba</tstamps>
    </comp>
    <comp ref="PF1">
      <value>10u</value>
      <footprint>Capacitor_THT:CP_Radial_D6.3mm_P2.50mm</footprint>
      <libsource lib="Device" part="C_Polarized" description="Polarized capacitor"/>
      <property name="Sheetname" value=""/>
      <property name="Sheetfile" value="coil.kicad_sch"/>
      <sheetpath names="/" tstamps="/"/>
      <tstamps>01ee4737-8cd6-4db9-b453-1ffaebd867dd</tstamps>
    </comp>
    <comp ref="PF2">
      <value>10u</value>
      <footprint>Capacitor_THT:CP_Radial_D6.3mm_P2.50mm</footprint>
      <libsource lib="Device" part="C_Polarized" description="Polarized capacitor"/>
      <property name="Sheetname" value=""/>
      <property name="Sheetfile" value="coil.kicad_sch"/>
      <sheetpath names="/" tstamps="/"/>
      <tstamps>c2120e28-4df3-426d-99e6-b847b4cb1bea</tstamps>
    </comp>
    <comp ref="Q1">
      <value>SS8550D</value>
      <footprint>Package_TO_SOT_THT:TO-92_Inline_Wide</footprint>
      <libsource lib="Device" part="Q_PNP_EBC" description="PNP transistor, emitter/base/collector"/>
      <property name="Sheetname" value=""/>
      <property name="Sheetfile" value="coil.kicad_sch"/>
      <sheetpath names="/" tstamps="/"/>
      <tstamps>e9598a8e-7e08-45f5-9451-29fa3463f752</tstamps>
    </comp>
    <comp ref="Q2">
      <value>SS8550D</value>
      <footprint>Package_TO_SOT_THT:TO-92_Inline_Wide</footprint>
      <libsource lib="Device" part="Q_PNP_EBC" description="PNP transistor, emitter/base/collector"/>
      <property name="Sheetname" value=""/>
      <property name="Sheetfile" value="coil.kicad_sch"/>
      <sheetpath names="/" tstamps="/"/>
      <tstamps>211d6002-ee33-4495-8a45-748ee882ab2a</tstamps>
    </comp>
    <comp ref="R1">
      <value>100k</value>
      <footprint>Resistor_SMD:R_0805_2012Metric_Pad1.20x1.40mm_HandSolder</footprint>
      <libsource lib="Device" part="R" description="Resistor"/>
      <property name="Sheetname" value=""/>
      <property name="Sheetfile" value="coil.kicad_sch"/>
      <sheetpath names="/" tstamps="/"/>
      <tstamps>90294750-6e16-492f-a075-931712dec1c5</tstamps>
    </comp>
    <comp ref="R3">
      <value>100k</value>
      <footprint>Resistor_SMD:R_0805_2012Metric_Pad1.20x1.40mm_HandSolder</footprint>
      <libsource lib="Device" part="R" description="Resistor"/>
      <property name="Sheetname" value=""/>
      <property name="Sheetfile" value="coil.kicad_sch"/>
      <sheetpath names="/" tstamps="/"/>
      <tstamps>9114cd5f-f90b-45a5-8725-6976ad8b155e</tstamps>
    </comp>
    <comp ref="R5">
      <value>270k</value>
      <footprint>Resistor_SMD:R_0805_2012Metric_Pad1.20x1.40mm_HandSolder</footprint>
      <libsource lib="Device" part="R" description="Resistor"/>
      <property name="Sheetname" value=""/>
      <property name="Sheetfile" value="coil.kicad_sch"/>
      <sheetpath names="/" tstamps="/"/>
      <tstamps>0b215a7a-940a-471c-b5de-69b89507c4b0</tstamps>
    </comp>
    <comp ref="R6">
      <value>1k8</value>
      <footprint>Resistor_SMD:R_0805_2012Metric_Pad1.20x1.40mm_HandSolder</footprint>
      <libsource lib="Device" part="R" description="Resistor"/>
      <property name="Sheetname" value=""/>
      <property name="Sheetfile" value="coil.kicad_sch"/>
      <sheetpath names="/" tstamps="/"/>
      <tstamps>88ef6773-93cb-4871-87ad-1975b2356ded</tstamps>
    </comp>
    <comp ref="R7">
      <value>2k7</value>
      <footprint>Resistor_SMD:R_0805_2012Metric_Pad1.20x1.40mm_HandSolder</footprint>
      <libsource lib="Device" part="R" description="Resistor"/>
      <property name="Sheetname" value=""/>
      <property name="Sheetfile" value="coil.kicad_sch"/>
      <sheetpath names="/" tstamps="/"/>
      <tstamps>2721f6d0-9648-4706-abdb-bbb9a00ece79</tstamps>
    </comp>
    <comp ref="R8">
      <value>270k</value>
      <footprint>Resistor_SMD:R_0805_2012Metric_Pad1.20x1.40mm_HandSolder</footprint>
      <libsource lib="Device" part="R" description="Resistor"/>
      <property name="Sheetname" value=""/>
      <property name="Sheetfile" value="coil.kicad_sch"/>
      <sheetpath names="/" tstamps="/"/>
      <tstamps>62d90218-89b4-4d96-b4c4-04eaa54e1053</tstamps>
    </comp>
    <comp ref="R9">
      <value>51k</value>
      <footprint>Resistor_SMD:R_0805_2012Metric_Pad1.20x1.40mm_HandSolder</footprint>
      <libsource lib="Device" part="R" description="Resistor"/>
      <property name="Sheetname" value=""/>
      <property name="Sheetfile" value="coil.kicad_sch"/>
      <sheetpath names="/" tstamps="/"/>
      <tstamps>4299efa7-1725-4ec7-9ab3-0d84dd921f70</tstamps>
    </comp>
    <comp ref="R10">
      <value>18k</value>
      <footprint>Resistor_SMD:R_0805_2012Metric_Pad1.20x1.40mm_HandSolder</footprint>
      <libsource lib="Device" part="R" description="Resistor"/>
      <property name="Sheetname" value=""/>
      <property name="Sheetfile" value="coil.kicad_sch"/>
      <sheetpath names="/" tstamps="/"/>
      <tstamps>0eac8ef4-7fed-4e40-a718-d8711812de3b</tstamps>
    </comp>
    <comp ref="R11">
      <value>36k</value>
      <footprint>Resistor_SMD:R_0805_2012Metric_Pad1.20x1.40mm_HandSolder</footprint>
      <libsource lib="Device" part="R" description="Resistor"/>
      <property name="Sheetname" value=""/>
      <property name="Sheetfile" value="coil.kicad_sch"/>
      <sheetpath names="/" tstamps="/"/>
      <tstamps>d589eaf7-7475-4b0f-9429-be59174f51b7</tstamps>
    </comp>
    <comp ref="R12">
      <value>100k</value>
      <footprint>Resistor_SMD:R_0805_2012Metric_Pad1.20x1.40mm_HandSolder</footprint>
      <libsource lib="Device" part="R" description="Resistor"/>
      <property name="Sheetname" value=""/>
      <property name="Sheetfile" value="coil.kicad_sch"/>
      <sheetpath names="/" tstamps="/"/>
      <tstamps>8c7355d9-9135-4cf0-a948-5ddc34e6abd8</tstamps>
    </comp>
    <comp ref="R13">
      <value>100k</value>
      <footprint>Resistor_SMD:R_0805_2012Metric_Pad1.20x1.40mm_HandSolder</footprint>
      <libsource lib="Device" part="R" description="Resistor"/>
      <property name="Sheetname" value=""/>
      <property name="Sheetfile" value="coil.kicad_sch"/>
      <sheetpath names="/" tstamps="/"/>
      <tstamps>6ff4e089-e017-4dd9-ba1f-8f61f1ac1e84</tstamps>
    </comp>
    <comp ref="R14">
      <value>100k</value>
      <footprint>Resistor_SMD:R_0805_2012Metric_Pad1.20x1.40mm_HandSolder</footprint>
      <libsource lib="Device" part="R" description="Resistor"/>
      <property name="Sheetname" value=""/>
      <property name="Sheetfile" value="coil.kicad_sch"/>
      <sheetpath names="/" tstamps="/"/>
      <tstamps>8b5ead26-e739-41ff-9994-d146a3e72619</tstamps>
    </comp>
    <comp ref="R15">
      <value>1k</value>
      <footprint>Resistor_SMD:R_0805_2012Metric_Pad1.20x1.40mm_HandSolder</footprint>
      <libsource lib="Device" part="R" description="Resistor"/>
      <property name="Sheetname" value=""/>
      <property name="Sheetfile" value="coil.kicad_sch"/>
      <sheetpath names="/" tstamps="/"/>
      <tstamps>37c60b60-53d3-4c25-b9dc-f9217227b80b</tstamps>
    </comp>
    <comp ref="R17">
      <value>51k</value>
      <footprint>Resistor_SMD:R_0805_2012Metric_Pad1.20x1.40mm_HandSolder</footprint>
      <libsource lib="Device" part="R" description="Resistor"/>
      <property name="Sheetname" value=""/>
      <property name="Sheetfile" value="coil.kicad_sch"/>
      <sheetpath names="/" tstamps="/"/>
      <tstamps>e4b60b22-2603-4394-814b-b3f133b03b30</tstamps>
    </comp>
    <comp ref="R18">
      <value>100k</value>
      <footprint>Resistor_SMD:R_0805_2012Metric_Pad1.20x1.40mm_HandSolder</footprint>
      <libsource lib="Device" part="R" description="Resistor"/>
      <property name="Sheetname" value=""/>
      <property name="Sheetfile" value="coil.kicad_sch"/>
      <sheetpath names="/" tstamps="/"/>
      <tstamps>4b445b69-6675-4b81-af7f-7973e0fbcdc1</tstamps>
    </comp>
    <comp ref="R19">
      <value>270k</value>
      <footprint>Resistor_SMD:R_0805_2012Metric_Pad1.20x1.40mm_HandSolder</footprint>
      <libsource lib="Device" part="R" description="Resistor"/>
      <property name="Sheetname" value=""/>
      <property name="Sheetfile" value="coil.kicad_sch"/>
      <sheetpath names="/" tstamps="/"/>
      <tstamps>9423d1b9-63f0-4534-af01-11dfb36772e9</tstamps>
    </comp>
    <comp ref="R21">
      <value>27k</value>
      <footprint>Resistor_SMD:R_0805_2012Metric_Pad1.20x1.40mm_HandSolder</footprint>
      <libsource lib="Device" part="R" description="Resistor"/>
      <property name="Sheetname" value=""/>
      <property name="Sheetfile" value="coil.kicad_sch"/>
      <sheetpath names="/" tstamps="/"/>
      <tstamps>bbf52e15-d541-426f-91a5-98deb6d47415</tstamps>
    </comp>
    <comp ref="R22">
      <value>510R</value>
      <footprint>Resistor_SMD:R_0805_2012Metric_Pad1.20x1.40mm_HandSolder</footprint>
      <libsource lib="Device" part="R" description="Resistor"/>
      <property name="Sheetname" value=""/>
      <property name="Sheetfile" value="coil.kicad_sch"/>
      <sheetpath names="/" tstamps="/"/>
      <tstamps>f6b66cd8-41d7-4d5c-8fe9-8f3b9ff92d6b</tstamps>
    </comp>
    <comp ref="R23">
      <value>510R</value>
      <footprint>Resistor_SMD:R_0805_2012Metric_Pad1.20x1.40mm_HandSolder</footprint>
      <libsource lib="Device" part="R" description="Resistor"/>
      <property name="Sheetname" value=""/>
      <property name="Sheetfile" value="coil.kicad_sch"/>
      <sheetpath names="/" tstamps="/"/>
      <tstamps>c53c87d7-36bf-48f7-aa85-0f6ff48444fe</tstamps>
    </comp>
    <comp ref="R24">
      <value>9k1</value>
      <footprint>Resistor_SMD:R_0805_2012Metric_Pad1.20x1.40mm_HandSolder</footprint>
      <libsource lib="Device" part="R" description="Resistor"/>
      <property name="Sheetname" value=""/>
      <property name="Sheetfile" value="coil.kicad_sch"/>
      <sheetpath names="/" tstamps="/"/>
      <tstamps>ace74c99-79b6-46f2-8961-833c42afd56d</tstamps>
    </comp>
    <comp ref="R25">
      <value>10k</value>
      <footprint>Resistor_SMD:R_0805_2012Metric_Pad1.20x1.40mm_HandSolder</footprint>
      <libsource lib="Device" part="R" description="Resistor"/>
      <property name="Sheetname" value=""/>
      <property name="Sheetfile" value="coil.kicad_sch"/>
      <sheetpath names="/" tstamps="/"/>
      <tstamps>882815d4-819d-44f7-ace2-91c9ccdf0f7d</tstamps>
    </comp>
    <comp ref="R26">
      <value>27k</value>
      <footprint>Resistor_SMD:R_0805_2012Metric_Pad1.20x1.40mm_HandSolder</footprint>
      <libsource lib="Device" part="R" description="Resistor"/>
      <property name="Sheetname" value=""/>
      <property name="Sheetfile" value="coil.kicad_sch"/>
      <sheetpath names="/" tstamps="/"/>
      <tstamps>188da461-c73d-4fa4-b23d-9ca99785226f</tstamps>
    </comp>
    <comp ref="R27">
      <value>1k</value>
      <footprint>Resistor_SMD:R_0805_2012Metric_Pad1.20x1.40mm_HandSolder</footprint>
      <libsource lib="Device" part="R" description="Resistor"/>
      <property name="Sheetname" value=""/>
      <property name="Sheetfile" value="coil.kicad_sch"/>
      <sheetpath names="/" tstamps="/"/>
      <tstamps>f7cd3fa2-7ddf-4682-984a-12cf4d4dbade</tstamps>
    </comp>
    <comp ref="R28">
      <value>100k</value>
      <footprint>Resistor_SMD:R_0805_2012Metric_Pad1.20x1.40mm_HandSolder</footprint>
      <libsource lib="Device" part="R" description="Resistor"/>
      <property name="Sheetname" value=""/>
      <property name="Sheetfile" value="coil.kicad_sch"/>
      <sheetpath names="/" tstamps="/"/>
      <tstamps>eeb30a83-2a2d-4015-8483-40e53c7e6db5</tstamps>
    </comp>
    <comp ref="R29">
      <value>270k</value>
      <footprint>Resistor_SMD:R_0805_2012Metric_Pad1.20x1.40mm_HandSolder</footprint>
      <libsource lib="Device" part="R" description="Resistor"/>
      <property name="Sheetname" value=""/>
      <property name="Sheetfile" value="coil.kicad_sch"/>
      <sheetpath names="/" tstamps="/"/>
      <tstamps>a57f05ef-a038-4d72-b83e-ba1aee67a1cb</tstamps>
    </comp>
    <comp ref="R31">
      <value>27k</value>
      <footprint>Resistor_SMD:R_0805_2012Metric_Pad1.20x1.40mm_HandSolder</footprint>
      <libsource lib="Device" part="R" description="Resistor"/>
      <property name="Sheetname" value=""/>
      <property name="Sheetfile" value="coil.kicad_sch"/>
      <sheetpath names="/" tstamps="/"/>
      <tstamps>239ca68e-232f-42c4-a60d-f1914e264f5c</tstamps>
    </comp>
    <comp ref="R32">
      <value>510R</value>
      <footprint>Resistor_SMD:R_0805_2012Metric_Pad1.20x1.40mm_HandSolder</footprint>
      <libsource lib="Device" part="R" description="Resistor"/>
      <property name="Sheetname" value=""/>
      <property name="Sheetfile" value="coil.kicad_sch"/>
      <sheetpath names="/" tstamps="/"/>
      <tstamps>3b222db8-1364-4267-aa4a-2a49f52adf7d</tstamps>
    </comp>
    <comp ref="R33">
      <value>510R</value>
      <footprint>Resistor_SMD:R_0805_2012Metric_Pad1.20x1.40mm_HandSolder</footprint>
      <libsource lib="Device" part="R" description="Resistor"/>
      <property name="Sheetname" value=""/>
      <property name="Sheetfile" value="coil.kicad_sch"/>
      <sheetpath names="/" tstamps="/"/>
      <tstamps>d2a9390c-2355-420e-a2b6-bfe710d3441b</tstamps>
    </comp>
    <comp ref="R34">
      <value>9k1</value>
      <footprint>Resistor_SMD:R_0805_2012Metric_Pad1.20x1.40mm_HandSolder</footprint>
      <libsource lib="Device" part="R" description="Resistor"/>
      <property name="Sheetname" value=""/>
      <property name="Sheetfile" value="coil.kicad_sch"/>
      <sheetpath names="/" tstamps="/"/>
      <tstamps>b62d44d2-249f-4239-a7d4-b6d3d599cf82</tstamps>
    </comp>
    <comp ref="R35">
      <value>10k</value>
      <footprint>Resistor_SMD:R_0805_2012Metric_Pad1.20x1.40mm_HandSolder</footprint>
      <libsource lib="Device" part="R" description="Resistor"/>
      <property name="Sheetname" value=""/>
      <property name="Sheetfile" value="coil.kicad_sch"/>
      <sheetpath names="/" tstamps="/"/>
      <tstamps>e0379f09-e854-4292-861d-7ec3f1d6fd81</tstamps>
    </comp>
    <comp ref="R36">
      <value>27k</value>
      <footprint>Resistor_SMD:R_0805_2012Metric_Pad1.20x1.40mm_HandSolder</footprint>
      <libsource lib="Device" part="R" description="Resistor"/>
      <property name="Sheetname" value=""/>
      <property name="Sheetfile" value="coil.kicad_sch"/>
      <sheetpath names="/" tstamps="/"/>
      <tstamps>ed459a92-2314-4aeb-be00-60deddd5003c</tstamps>
    </comp>
    <comp ref="R37">
      <value>1k</value>
      <footprint>Resistor_SMD:R_0805_2012Metric_Pad1.20x1.40mm_HandSolder</footprint>
      <libsource lib="Device" part="R" description="Resistor"/>
      <property name="Sheetname" value=""/>
      <property name="Sheetfile" value="coil.kicad_sch"/>
      <sheetpath names="/" tstamps="/"/>
      <tstamps>54cf9c1d-967b-4cc8-a814-fbed4493bebc</tstamps>
    </comp>
    <comp ref="R38">
      <value>22k</value>
      <footprint>Resistor_SMD:R_0805_2012Metric_Pad1.20x1.40mm_HandSolder</footprint>
      <libsource lib="Device" part="R" description="Resistor"/>
      <property name="Sheetname" value=""/>
      <property name="Sheetfile" value="coil.kicad_sch"/>
      <sheetpath names="/" tstamps="/"/>
      <tstamps>438ce448-a29d-4ce0-a164-34e0cf76b8f4</tstamps>
    </comp>
    <comp ref="RV1">
      <value>B100k</value>
      <footprint>Footprints2:Potentiometer_Alpha_RD901F-40-00D_Single_Vertical_Center</footprint>
      <libsource lib="Device" part="R_Potentiometer" description="Potentiometer"/>
      <property name="Sheetname" value=""/>
      <property name="Sheetfile" value="coil.kicad_sch"/>
      <sheetpath names="/" tstamps="/"/>
      <tstamps>e5e05269-7ad3-4648-a325-d7a3ea457e7b</tstamps>
    </comp>
    <comp ref="RV2">
      <value>B100k</value>
      <footprint>Footprints2:Potentiometer_Alpha_RD901F-40-00D_Single_Vertical_Center</footprint>
      <libsource lib="Device" part="R_Potentiometer" description="Potentiometer"/>
      <property name="Sheetname" value=""/>
      <property name="Sheetfile" value="coil.kicad_sch"/>
      <sheetpath names="/" tstamps="/"/>
      <tstamps>0311035c-7f6d-494a-9f71-b73ce0bc3348</tstamps>
    </comp>
    <comp ref="RV3">
      <value>B100k</value>
      <footprint>Footprints2:Potentiometer_Alpha_RD901F-40-00D_Single_Vertical_Center</footprint>
      <libsource lib="Device" part="R_Potentiometer" description="Potentiometer"/>
      <property name="Sheetname" value=""/>
      <property name="Sheetfile" value="coil.kicad_sch"/>
      <sheetpath names="/" tstamps="/"/>
      <tstamps>c243c2cd-3562-49b8-bf58-c322516da61e</tstamps>
    </comp>
    <comp ref="RV4">
      <value>100k</value>
      <footprint>Potentiometer_THT:Potentiometer_Bourns_3296W_Vertical</footprint>
      <libsource lib="Device" part="R_Potentiometer_Trim_US" description="Trim-potentiometer, US symbol"/>
      <property name="Sheetname" value=""/>
      <property name="Sheetfile" value="coil.kicad_sch"/>
      <sheetpath names="/" tstamps="/"/>
      <tstamps>06736514-7f9f-4393-ba09-f61ae2046bb3</tstamps>
    </comp>
    <comp ref="RV5">
      <value>100k</value>
      <footprint>Potentiometer_THT:Potentiometer_Bourns_3296W_Vertical</footprint>
      <libsource lib="Device" part="R_Potentiometer_Trim_US" description="Trim-potentiometer, US symbol"/>
      <property name="Sheetname" value=""/>
      <property name="Sheetfile" value="coil.kicad_sch"/>
      <sheetpath names="/" tstamps="/"/>
      <tstamps>8c7c927d-8aa9-4661-9638-b394dc6a1cd3</tstamps>
    </comp>
    <comp ref="SW1">
      <value>SW_SPDT</value>
      <footprint>w_switch:switch_100sp5</footprint>
      <libsource lib="Switch" part="SW_SPDT" description="Switch, single pole double throw"/>
      <property name="Sheetname" value=""/>
      <property name="Sheetfile" value="coil.kicad_sch"/>
      <sheetpath names="/" tstamps="/"/>
      <tstamps>07bcfc30-5729-42b4-9d88-bc45d5f5baca</tstamps>
    </comp>
    <comp ref="U1">
      <value>TL074</value>
      <footprint>Package_SO:SOIC-14_3.9x8.7mm_P1.27mm</footprint>
      <datasheet>http://www.ti.com/lit/ds/symlink/tl071.pdf</datasheet>
      <libsource lib="Amplifier_Operational" part="TL074" description="Quad Low-Noise JFET-Input Operational Amplifiers, DIP-14/SOIC-14"/>
      <property name="Sheetname" value=""/>
      <property name="Sheetfile" value="coil.kicad_sch"/>
      <sheetpath names="/" tstamps="/"/>
      <tstamps>dd52795c-3ddd-409e-8fd4-83fddef4ff6f e02fc598-1fd5-4dc7-a400-193cfe6f03b9 a47f2245-15e8-4aa1-b336-c09ff93582e2 cf3a6b8d-e601-48dd-8d60-bdcc14edd8d2 873e768a-ee8b-48d0-948b-c47b946ddbe6</tstamps>
    </comp>
    <comp ref="U2">
      <value>TL074</value>
      <footprint>Package_SO:SOIC-14_3.9x8.7mm_P1.27mm</footprint>
      <datasheet>http://www.ti.com/lit/ds/symlink/tl071.pdf</datasheet>
      <libsource lib="Amplifier_Operational" part="TL074" description="Quad Low-Noise JFET-Input Operational Amplifiers, DIP-14/SOIC-14"/>
      <property name="Sheetname" value=""/>
      <property name="Sheetfile" value="coil.kicad_sch"/>
      <sheetpath names="/" tstamps="/"/>
      <tstamps>83d12305-4e89-4ea3-a362-6c2538ebb86f f0a82ef5-8a28-4323-98aa-0ec78f6d48fb 9d280ed1-6709-4bfa-acce-531aa2488a07 15be3975-9207-4075-ab7e-62cf897ba7bf 0b13be88-7c50-488e-905f-6d7b5f1ae176</tstamps>
    </comp>
    <comp ref="U3">
      <value>LM13700</value>
      <footprint>Package_SO:SOIC-16_3.9x9.9mm_P1.27mm</footprint>
      <datasheet>http://www.ti.com/lit/ds/symlink/lm13700.pdf</datasheet>
      <libsource lib="Amplifier_Operational" part="LM13700" description="Dual Operational Transconductance Amplifiers with Linearizing Diodes and Buffers, DIP-16/SOIC-16"/>
      <property name="Sheetname" value=""/>
      <property name="Sheetfile" value="coil.kicad_sch"/>
      <sheetpath names="/" tstamps="/"/>
      <tstamps>6d32db5a-6c06-4719-af44-0d20bc6f9156 6e55c4c1-9def-4b4c-a9a8-4ef0ce98fe8e 3f1a5a3f-4982-426a-9dbe-e879c966f88e 8bc26017-3f46-4a94-8556-8163b5ef5135 2a882254-c839-4ae6-9438-e6adb60c53d0</tstamps>
    </comp>
  </components>
  <libparts>
    <libpart lib="Amplifier_Operational" part="LM13700">
      <description>Dual Operational Transconductance Amplifiers with Linearizing Diodes and Buffers, DIP-16/SOIC-16</description>
      <docs>http://www.ti.com/lit/ds/symlink/lm13700.pdf</docs>
      <footprints>
        <fp>SOIC*3.9x9.9mm*P1.27mm*</fp>
        <fp>DIP*W7.62mm*</fp>
      </footprints>
      <fields>
        <field name="Reference">U</field>
        <field name="Value">LM13700</field>
        <field name="Datasheet">http://www.ti.com/lit/ds/symlink/lm13700.pdf</field>
      </fields>
      <pins>
        <pin num="1" name="" type="input"/>
        <pin num="2" name="DIODE_BIAS" type="input"/>
        <pin num="3" name="+" type="input"/>
        <pin num="4" name="-" type="input"/>
        <pin num="5" name="" type="output"/>
        <pin num="6" name="V-" type="power_in"/>
        <pin num="7" name="" type="input"/>
        <pin num="8" name="" type="output"/>
        <pin num="9" name="" type="output"/>
        <pin num="10" name="" type="input"/>
        <pin num="11" name="V+" type="power_in"/>
        <pin num="12" name="" type="output"/>
        <pin num="13" name="-" type="input"/>
        <pin num="14" name="+" type="input"/>
        <pin num="15" name="DIODE_BIAS" type="input"/>
        <pin num="16" name="" type="input"/>
      </pins>
    </libpart>
    <libpart lib="Amplifier_Operational" part="TL074">
      <description>Quad Low-Noise JFET-Input Operational Amplifiers, DIP-14/SOIC-14</description>
      <docs>http://www.ti.com/lit/ds/symlink/tl071.pdf</docs>
      <footprints>
        <fp>SOIC*3.9x8.7mm*P1.27mm*</fp>
        <fp>DIP*W7.62mm*</fp>
        <fp>TSSOP*4.4x5mm*P0.65mm*</fp>
        <fp>SSOP*5.3x6.2mm*P0.65mm*</fp>
        <fp>MSOP*3x3mm*P0.5mm*</fp>
      </footprints>
      <fields>
        <field name="Reference">U</field>
        <field name="Value">TL074</field>
        <field name="Datasheet">http://www.ti.com/lit/ds/symlink/tl071.pdf</field>
      </fields>
      <pins>
        <pin num="1" name="" type="output"/>
        <pin num="2" name="-" type="input"/>
        <pin num="3" name="+" type="input"/>
        <pin num="4" name="V+" type="power_in"/>
        <pin num="5" name="+" type="input"/>
        <pin num="6" name="-" type="input"/>
        <pin num="7" name="" type="output"/>
        <pin num="8" name="" type="output"/>
        <pin num="9" name="-" type="input"/>
        <pin num="10" name="+" type="input"/>
        <pin num="11" name="V-" type="power_in"/>
        <pin num="12" name="+" type="input"/>
        <pin num="13" name="-" type="input"/>
        <pin num="14" name="" type="output"/>
      </pins>
    </libpart>
    <libpart lib="Connector" part="Conn_01x01_Female">
      <description>Generic connector, single row, 01x01, script generated (kicad-library-utils/schlib/autogen/connector/)</description>
      <docs>~</docs>
      <footprints>
        <fp>Connector*:*</fp>
      </footprints>
      <fields>
        <field name="Reference">J</field>
        <field name="Value">Conn_01x01_Female</field>
        <field name="Datasheet">~</field>
      </fields>
      <pins>
        <pin num="1" name="Pin_1" type="passive"/>
      </pins>
    </libpart>
    <libpart lib="Connector" part="Conn_01x01_Male">
      <description>Generic connector, single row, 01x01, script generated (kicad-library-utils/schlib/autogen/connector/)</description>
      <docs>~</docs>
      <footprints>
        <fp>Connector*:*</fp>
      </footprints>
      <fields>
        <field name="Reference">J</field>
        <field name="Value">Conn_01x01_Male</field>
        <field name="Datasheet">~</field>
      </fields>
      <pins>
        <pin num="1" name="Pin_1" type="passive"/>
      </pins>
    </libpart>
    <libpart lib="Connector" part="Conn_01x04_Female">
      <description>Generic connector, single row, 01x04, script generated (kicad-library-utils/schlib/autogen/connector/)</description>
      <docs>~</docs>
      <footprints>
        <fp>Connector*:*_1x??_*</fp>
      </footprints>
      <fields>
        <field name="Reference">J</field>
        <field name="Value">Conn_01x04_Female</field>
        <field name="Datasheet">~</field>
      </fields>
      <pins>
        <pin num="1" name="Pin_1" type="passive"/>
        <pin num="2" name="Pin_2" type="passive"/>
        <pin num="3" name="Pin_3" type="passive"/>
        <pin num="4" name="Pin_4" type="passive"/>
      </pins>
    </libpart>
    <libpart lib="Connector" part="Conn_01x04_Male">
      <description>Generic connector, single row, 01x04, script generated (kicad-library-utils/schlib/autogen/connector/)</description>
      <docs>~</docs>
      <footprints>
        <fp>Connector*:*_1x??_*</fp>
      </footprints>
      <fields>
        <field name="Reference">J</field>
        <field name="Value">Conn_01x04_Male</field>
        <field name="Datasheet">~</field>
      </fields>
      <pins>
        <pin num="1" name="Pin_1" type="passive"/>
        <pin num="2" name="Pin_2" type="passive"/>
        <pin num="3" name="Pin_3" type="passive"/>
        <pin num="4" name="Pin_4" type="passive"/>
      </pins>
    </libpart>
    <libpart lib="Connector" part="Conn_01x06_Female">
      <description>Generic connector, single row, 01x06, script generated (kicad-library-utils/schlib/autogen/connector/)</description>
      <docs>~</docs>
      <footprints>
        <fp>Connector*:*_1x??_*</fp>
      </footprints>
      <fields>
        <field name="Reference">J</field>
        <field name="Value">Conn_01x06_Female</field>
        <field name="Datasheet">~</field>
      </fields>
      <pins>
        <pin num="1" name="Pin_1" type="passive"/>
        <pin num="2" name="Pin_2" type="passive"/>
        <pin num="3" name="Pin_3" type="passive"/>
        <pin num="4" name="Pin_4" type="passive"/>
        <pin num="5" name="Pin_5" type="passive"/>
        <pin num="6" name="Pin_6" type="passive"/>
      </pins>
    </libpart>
    <libpart lib="Connector" part="Conn_01x06_Male">
      <description>Generic connector, single row, 01x06, script generated (kicad-library-utils/schlib/autogen/connector/)</description>
      <docs>~</docs>
      <footprints>
        <fp>Connector*:*_1x??_*</fp>
      </footprints>
      <fields>
        <field name="Reference">J</field>
        <field name="Value">Conn_01x06_Male</field>
        <field name="Datasheet">~</field>
      </fields>
      <pins>
        <pin num="1" name="Pin_1" type="passive"/>
        <pin num="2" name="Pin_2" type="passive"/>
        <pin num="3" name="Pin_3" type="passive"/>
        <pin num="4" name="Pin_4" type="passive"/>
        <pin num="5" name="Pin_5" type="passive"/>
        <pin num="6" name="Pin_6" type="passive"/>
      </pins>
    </libpart>
    <libpart lib="Device" part="C">
      <description>Unpolarized capacitor</description>
      <docs>~</docs>
      <footprints>
        <fp>C_*</fp>
      </footprints>
      <fields>
        <field name="Reference">C</field>
        <field name="Value">C</field>
        <field name="Datasheet">~</field>
      </fields>
      <pins>
        <pin num="1" name="" type="passive"/>
        <pin num="2" name="" type="passive"/>
      </pins>
    </libpart>
    <libpart lib="Device" part="C_Polarized">
      <description>Polarized capacitor</description>
      <docs>~</docs>
      <footprints>
        <fp>CP_*</fp>
      </footprints>
      <fields>
        <field name="Reference">C</field>
        <field name="Value">C_Polarized</field>
        <field name="Datasheet">~</field>
      </fields>
      <pins>
        <pin num="1" name="" type="passive"/>
        <pin num="2" name="" type="passive"/>
      </pins>
    </libpart>
    <libpart lib="Device" part="D">
      <description>Diode</description>
      <docs>~</docs>
      <footprints>
        <fp>TO-???*</fp>
        <fp>*_Diode_*</fp>
        <fp>*SingleDiode*</fp>
        <fp>D_*</fp>
      </footprints>
      <fields>
        <field name="Reference">D</field>
        <field name="Value">D</field>
        <field name="Datasheet">~</field>
      </fields>
      <pins>
        <pin num="1" name="K" type="passive"/>
        <pin num="2" name="A" type="passive"/>
      </pins>
    </libpart>
    <libpart lib="Device" part="D_Schottky">
      <description>Schottky diode</description>
      <docs>~</docs>
      <footprints>
        <fp>TO-???*</fp>
        <fp>*_Diode_*</fp>
        <fp>*SingleDiode*</fp>
        <fp>D_*</fp>
      </footprints>
      <fields>
        <field name="Reference">D</field>
        <field name="Value">D_Schottky</field>
        <field name="Datasheet">~</field>
      </fields>
      <pins>
        <pin num="1" name="K" type="passive"/>
        <pin num="2" name="A" type="passive"/>
      </pins>
    </libpart>
    <libpart lib="Device" part="D_Zener">
      <description>Zener diode</description>
      <docs>~</docs>
      <footprints>
        <fp>TO-???*</fp>
        <fp>*_Diode_*</fp>
        <fp>*SingleDiode*</fp>
        <fp>D_*</fp>
      </footprints>
      <fields>
        <field name="Reference">D</field>
        <field name="Value">D_Zener</field>
        <field name="Datasheet">~</field>
      </fields>
      <pins>
        <pin num="1" name="K" type="passive"/>
        <pin num="2" name="A" type="passive"/>
      </pins>
    </libpart>
    <libpart lib="Device" part="Q_PNP_EBC">
      <description>PNP transistor, emitter/base/collector</description>
      <docs>~</docs>
      <fields>
        <field name="Reference">Q</field>
        <field name="Value">Q_PNP_EBC</field>
        <field name="Datasheet">~</field>
      </fields>
      <pins>
        <pin num="1" name="E" type="passive"/>
        <pin num="2" name="B" type="input"/>
        <pin num="3" name="C" type="passive"/>
      </pins>
    </libpart>
    <libpart lib="Device" part="R">
      <description>Resistor</description>
      <docs>~</docs>
      <footprints>
        <fp>R_*</fp>
      </footprints>
      <fields>
        <field name="Reference">R</field>
        <field name="Value">R</field>
        <field name="Datasheet">~</field>
      </fields>
      <pins>
        <pin num="1" name="" type="passive"/>
        <pin num="2" name="" type="passive"/>
      </pins>
    </libpart>
    <libpart lib="Device" part="R_Potentiometer">
      <description>Potentiometer</description>
      <docs>~</docs>
      <footprints>
        <fp>Potentiometer*</fp>
      </footprints>
      <fields>
        <field name="Reference">RV</field>
        <field name="Value">R_Potentiometer</field>
        <field name="Datasheet">~</field>
      </fields>
      <pins>
        <pin num="1" name="1" type="passive"/>
        <pin num="2" name="2" type="passive"/>
        <pin num="3" name="3" type="passive"/>
      </pins>
    </libpart>
    <libpart lib="Device" part="R_Potentiometer_Trim_US">
      <description>Trim-potentiometer, US symbol</description>
      <docs>~</docs>
      <footprints>
        <fp>Potentiometer*</fp>
      </footprints>
      <fields>
        <field name="Reference">RV</field>
        <field name="Value">R_Potentiometer_Trim_US</field>
        <field name="Datasheet">~</field>
      </fields>
      <pins>
        <pin num="1" name="1" type="passive"/>
        <pin num="2" name="2" type="passive"/>
        <pin num="3" name="3" type="passive"/>
      </pins>
    </libpart>
    <libpart lib="Mechanical" part="MountingHole">
      <description>Mounting Hole without connection</description>
      <docs>~</docs>
      <footprints>
        <fp>MountingHole*</fp>
      </footprints>
      <fields>
        <field name="Reference">H</field>
        <field name="Value">MountingHole</field>
        <field name="Datasheet">~</field>
      </fields>
    </libpart>
    <libpart lib="Switch" part="SW_SPDT">
      <description>Switch, single pole double throw</description>
      <docs>~</docs>
      <fields>
        <field name="Reference">SW</field>
        <field name="Value">SW_SPDT</field>
        <field name="Datasheet">~</field>
      </fields>
      <pins>
        <pin num="1" name="A" type="passive"/>
        <pin num="2" name="B" type="passive"/>
        <pin num="3" name="C" type="passive"/>
      </pins>
    </libpart>
    <libpart lib="pspice" part="INDUCTOR">
      <description>Inductor symbol for simulation only</description>
      <docs>~</docs>
      <fields>
        <field name="Reference">L</field>
        <field name="Value">INDUCTOR</field>
        <field name="Datasheet">~</field>
      </fields>
      <pins>
        <pin num="1" name="1" type="input"/>
        <pin num="2" name="2" type="input"/>
      </pins>
    </libpart>
  </libparts>
  <libraries>
    <library logical="Amplifier_Operational">
      <uri>/Applications/KiCad/KiCad.app/Contents/SharedSupport/symbols//Amplifier_Operational.kicad_sym</uri>
    </library>
    <library logical="Connector">
      <uri>/Applications/KiCad/KiCad.app/Contents/SharedSupport/symbols//Connector.kicad_sym</uri>
    </library>
    <library logical="Device">
      <uri>/Applications/KiCad/KiCad.app/Contents/SharedSupport/symbols//Device.kicad_sym</uri>
    </library>
    <library logical="Mechanical">
      <uri>/Applications/KiCad/KiCad.app/Contents/SharedSupport/symbols//Mechanical.kicad_sym</uri>
    </library>
    <library logical="Switch">
      <uri>/Applications/KiCad/KiCad.app/Contents/SharedSupport/symbols//Switch.kicad_sym</uri>
    </library>
    <library logical="pspice">
      <uri>/Applications/KiCad/KiCad.app/Contents/SharedSupport/symbols//pspice.kicad_sym</uri>
    </library>
  </libraries>
  <nets>
    <net code="1" name="+15V">
      <node ref="BP3" pin="1" pintype="passive"/>
      <node ref="BP5" pin="1" pintype="passive"/>
      <node ref="D2" pin="1" pinfunction="K" pintype="passive"/>
      <node ref="J9" pin="1" pinfunction="Pin_1" pintype="passive"/>
      <node ref="PF1" pin="1" pintype="passive"/>
      <node ref="R21" pin="1" pintype="passive"/>
      <node ref="R31" pin="1" pintype="passive"/>
      <node ref="RV4" pin="1" pinfunction="1" pintype="passive"/>
      <node ref="RV5" pin="1" pinfunction="1" pintype="passive"/>
      <node ref="U2" pin="4" pinfunction="V+" pintype="power_in"/>
      <node ref="U3" pin="11" pinfunction="V+" pintype="power_in"/>
    </net>
    <net code="2" name="+VDC">
      <node ref="BP1" pin="2" pintype="passive"/>
      <node ref="J4" pin="1" pinfunction="Pin_1" pintype="passive"/>
      <node ref="RV2" pin="3" pinfunction="3" pintype="passive"/>
      <node ref="U1" pin="4" pinfunction="V+" pintype="power_in"/>
    </net>
    <net code="3" name="-15V">
      <node ref="BP4" pin="2" pintype="passive"/>
      <node ref="BP6" pin="2" pintype="passive"/>
      <node ref="D3" pin="2" pinfunction="A" pintype="passive"/>
      <node ref="J9" pin="2" pinfunction="Pin_2" pintype="passive"/>
      <node ref="PF2" pin="2" pintype="passive"/>
      <node ref="RV4" pin="3" pinfunction="3" pintype="passive"/>
      <node ref="RV5" pin="3" pinfunction="3" pintype="passive"/>
      <node ref="U2" pin="11" pinfunction="V-" pintype="power_in"/>
      <node ref="U3" pin="6" pinfunction="V-" pintype="power_in"/>
    </net>
    <net code="4" name="-VDC">
      <node ref="BP2" pin="2" pintype="passive"/>
      <node ref="J4" pin="2" pinfunction="Pin_2" pintype="passive"/>
      <node ref="R8" pin="1" pintype="passive"/>
      <node ref="RV2" pin="1" pinfunction="1" pintype="passive"/>
      <node ref="U1" pin="11" pinfunction="V-" pintype="power_in"/>
    </net>
    <net code="5" name="BP_A">
      <node ref="J8" pin="3" pinfunction="Pin_3" pintype="passive"/>
      <node ref="R17" pin="1" pintype="passive"/>
      <node ref="R27" pin="2" pintype="passive"/>
      <node ref="R38" pin="1" pintype="passive"/>
    </net>
    <net code="6" name="BP_B">
      <node ref="J10" pin="3" pinfunction="Pin_3" pintype="passive"/>
      <node ref="R26" pin="2" pintype="passive"/>
      <node ref="R28" pin="1" pintype="passive"/>
      <node ref="U2" pin="14" pintype="output"/>
    </net>
    <net code="7" name="CC_A">
      <node ref="J8" pin="2" pinfunction="Pin_2" pintype="passive"/>
      <node ref="Q2" pin="3" pinfunction="C" pintype="passive"/>
    </net>
    <net code="8" name="CC_B">
      <node ref="J10" pin="2" pinfunction="Pin_2" pintype="passive"/>
      <node ref="R24" pin="1" pintype="passive"/>
      <node ref="R34" pin="1" pintype="passive"/>
    </net>
    <net code="9" name="GND">
      <node ref="BP3" pin="2" pintype="passive"/>
      <node ref="BP4" pin="1" pintype="passive"/>
      <node ref="BP5" pin="2" pintype="passive"/>
      <node ref="BP6" pin="1" pintype="passive"/>
      <node ref="J11" pin="2" pinfunction="Pin_2" pintype="passive"/>
      <node ref="J11" pin="3" pinfunction="Pin_3" pintype="passive"/>
      <node ref="J9" pin="3" pinfunction="Pin_3" pintype="passive"/>
      <node ref="J9" pin="4" pinfunction="Pin_4" pintype="passive"/>
      <node ref="J9" pin="5" pinfunction="Pin_5" pintype="passive"/>
      <node ref="J9" pin="6" pinfunction="Pin_6" pintype="passive"/>
      <node ref="PF1" pin="2" pintype="passive"/>
      <node ref="PF2" pin="1" pintype="passive"/>
      <node ref="R22" pin="2" pintype="passive"/>
      <node ref="R23" pin="2" pintype="passive"/>
      <node ref="R32" pin="2" pintype="passive"/>
      <node ref="R33" pin="2" pintype="passive"/>
      <node ref="U2" pin="10" pinfunction="+" pintype="input"/>
      <node ref="U2" pin="12" pinfunction="+" pintype="input"/>
      <node ref="U2" pin="3" pinfunction="+" pintype="input"/>
      <node ref="U2" pin="5" pinfunction="+" pintype="input"/>
      <node ref="U3" pin="10" pintype="input"/>
      <node ref="U3" pin="7" pintype="input"/>
    </net>
    <net code="10" name="GNDREF">
      <node ref="BP1" pin="1" pintype="passive"/>
      <node ref="BP2" pin="1" pintype="passive"/>
      <node ref="J12" pin="1" pinfunction="Pin_1" pintype="passive"/>
      <node ref="J13" pin="1" pinfunction="Pin_1" pintype="passive"/>
      <node ref="J14" pin="1" pinfunction="Pin_1" pintype="passive"/>
      <node ref="J15" pin="1" pinfunction="Pin_1" pintype="passive"/>
      <node ref="J16" pin="1" pinfunction="Pin_1" pintype="passive"/>
      <node ref="J4" pin="3" pinfunction="Pin_3" pintype="passive"/>
      <node ref="J4" pin="4" pinfunction="Pin_4" pintype="passive"/>
      <node ref="J4" pin="5" pinfunction="Pin_5" pintype="passive"/>
      <node ref="J4" pin="6" pinfunction="Pin_6" pintype="passive"/>
      <node ref="Q1" pin="2" pinfunction="B" pintype="input"/>
      <node ref="RV1" pin="1" pinfunction="1" pintype="passive"/>
      <node ref="RV3" pin="3" pinfunction="3" pintype="passive"/>
      <node ref="U1" pin="10" pinfunction="+" pintype="input"/>
      <node ref="U1" pin="12" pinfunction="+" pintype="input"/>
      <node ref="U1" pin="3" pinfunction="+" pintype="input"/>
      <node ref="U1" pin="5" pinfunction="+" pintype="input"/>
    </net>
    <net code="11" name="HP_A">
      <node ref="C12" pin="2" pintype="passive"/>
      <node ref="J8" pin="4" pinfunction="Pin_4" pintype="passive"/>
      <node ref="R14" pin="2" pintype="passive"/>
      <node ref="R15" pin="2" pintype="passive"/>
      <node ref="U1" pin="7" pintype="output"/>
    </net>
    <net code="12" name="HP_B">
      <node ref="J10" pin="4" pinfunction="Pin_4" pintype="passive"/>
      <node ref="R18" pin="1" pintype="passive"/>
    </net>
    <net code="13" name="LP_A">
      <node ref="J8" pin="1" pinfunction="Pin_1" pintype="passive"/>
      <node ref="R13" pin="1" pintype="passive"/>
      <node ref="R37" pin="2" pintype="passive"/>
    </net>
    <net code="14" name="LP_B">
      <node ref="J10" pin="1" pinfunction="Pin_1" pintype="passive"/>
      <node ref="R36" pin="2" pintype="passive"/>
      <node ref="U2" pin="1" pintype="output"/>
    </net>
    <net code="15" name="Net-(C1-Pad1)">
      <node ref="C1" pin="1" pintype="passive"/>
      <node ref="R7" pin="2" pintype="passive"/>
      <node ref="U1" pin="14" pintype="output"/>
    </net>
    <net code="16" name="Net-(C1-Pad2)">
      <node ref="C1" pin="2" pintype="passive"/>
      <node ref="Q1" pin="3" pinfunction="C" pintype="passive"/>
      <node ref="R8" pin="2" pintype="passive"/>
      <node ref="U1" pin="13" pinfunction="-" pintype="input"/>
    </net>
    <net code="17" name="Net-(C2-Pad1)">
      <node ref="C2" pin="1" pintype="passive"/>
      <node ref="L1" pin="2" pinfunction="2" pintype="input"/>
      <node ref="R19" pin="2" pintype="passive"/>
      <node ref="U2" pin="13" pinfunction="-" pintype="input"/>
    </net>
    <net code="18" name="Net-(C2-Pad2)">
      <node ref="C2" pin="2" pintype="passive"/>
      <node ref="R26" pin="1" pintype="passive"/>
    </net>
    <net code="19" name="Net-(C3-Pad1)">
      <node ref="C3" pin="1" pintype="passive"/>
      <node ref="L2" pin="2" pinfunction="2" pintype="input"/>
      <node ref="R29" pin="2" pintype="passive"/>
      <node ref="U2" pin="2" pinfunction="-" pintype="input"/>
    </net>
    <net code="20" name="Net-(C3-Pad2)">
      <node ref="C3" pin="2" pintype="passive"/>
      <node ref="R36" pin="1" pintype="passive"/>
    </net>
    <net code="21" name="Net-(C12-Pad1)">
      <node ref="C12" pin="1" pintype="passive"/>
      <node ref="D5" pin="2" pinfunction="A" pintype="passive"/>
      <node ref="R11" pin="2" pintype="passive"/>
      <node ref="R12" pin="2" pintype="passive"/>
      <node ref="R13" pin="2" pintype="passive"/>
      <node ref="R14" pin="1" pintype="passive"/>
      <node ref="RV3" pin="1" pinfunction="1" pintype="passive"/>
      <node ref="U1" pin="6" pinfunction="-" pintype="input"/>
    </net>
    <net code="22" name="Net-(D1-Pad1)">
      <node ref="D1" pin="1" pinfunction="K" pintype="passive"/>
      <node ref="U1" pin="1" pintype="output"/>
    </net>
    <net code="23" name="Net-(D1-Pad2)">
      <node ref="D1" pin="2" pinfunction="A" pintype="passive"/>
      <node ref="R10" pin="2" pintype="passive"/>
      <node ref="R11" pin="1" pintype="passive"/>
    </net>
    <net code="24" name="Net-(D2-Pad2)">
      <node ref="D2" pin="2" pinfunction="A" pintype="passive"/>
      <node ref="J11" pin="4" pinfunction="Pin_4" pintype="passive"/>
    </net>
    <net code="25" name="Net-(D3-Pad1)">
      <node ref="D3" pin="1" pinfunction="K" pintype="passive"/>
      <node ref="J11" pin="1" pinfunction="Pin_1" pintype="passive"/>
    </net>
    <net code="26" name="Net-(D4-Pad1)">
      <node ref="D4" pin="1" pinfunction="K" pintype="passive"/>
      <node ref="D5" pin="1" pinfunction="K" pintype="passive"/>
    </net>
    <net code="27" name="Net-(D4-Pad2)">
      <node ref="D4" pin="2" pinfunction="A" pintype="passive"/>
      <node ref="R38" pin="2" pintype="passive"/>
    </net>
    <net code="28" name="Net-(J1-Pad1)">
      <node ref="J1" pin="1" pinfunction="Pin_1" pintype="passive"/>
      <node ref="R1" pin="1" pintype="passive"/>
    </net>
    <net code="29" name="Net-(J2-Pad1)">
      <node ref="J2" pin="1" pinfunction="Pin_1" pintype="passive"/>
      <node ref="R3" pin="1" pintype="passive"/>
    </net>
    <net code="30" name="Net-(J3-Pad1)">
      <node ref="J3" pin="1" pinfunction="Pin_1" pintype="passive"/>
      <node ref="SW1" pin="2" pinfunction="B" pintype="passive"/>
    </net>
    <net code="31" name="Net-(J5-Pad1)">
      <node ref="J5" pin="1" pinfunction="Pin_1" pintype="passive"/>
      <node ref="R15" pin="1" pintype="passive"/>
    </net>
    <net code="32" name="Net-(J6-Pad1)">
      <node ref="J6" pin="1" pinfunction="Pin_1" pintype="passive"/>
      <node ref="R27" pin="1" pintype="passive"/>
    </net>
    <net code="33" name="Net-(J7-Pad1)">
      <node ref="J7" pin="1" pinfunction="Pin_1" pintype="passive"/>
      <node ref="R37" pin="1" pintype="passive"/>
    </net>
    <net code="34" name="Net-(L1-Pad1)">
      <node ref="L1" pin="1" pinfunction="1" pintype="input"/>
      <node ref="R25" pin="2" pintype="passive"/>
      <node ref="U2" pin="8" pintype="output"/>
    </net>
    <net code="35" name="Net-(L2-Pad1)">
      <node ref="L2" pin="1" pinfunction="1" pintype="input"/>
      <node ref="R35" pin="2" pintype="passive"/>
      <node ref="U2" pin="7" pintype="output"/>
    </net>
    <net code="36" name="Net-(Q1-Pad1)">
      <node ref="Q1" pin="1" pinfunction="E" pintype="passive"/>
      <node ref="Q2" pin="1" pinfunction="E" pintype="passive"/>
      <node ref="R7" pin="1" pintype="passive"/>
    </net>
    <net code="37" name="Net-(Q2-Pad2)">
      <node ref="Q2" pin="2" pinfunction="B" pintype="input"/>
      <node ref="R6" pin="2" pintype="passive"/>
      <node ref="U1" pin="8" pintype="output"/>
    </net>
    <net code="38" name="Net-(R1-Pad2)">
      <node ref="R1" pin="2" pintype="passive"/>
      <node ref="RV1" pin="2" pinfunction="2" pintype="passive"/>
    </net>
    <net code="39" name="Net-(R3-Pad2)">
      <node ref="R3" pin="2" pintype="passive"/>
      <node ref="R5" pin="2" pintype="passive"/>
      <node ref="R6" pin="1" pintype="passive"/>
      <node ref="RV1" pin="3" pinfunction="3" pintype="passive"/>
      <node ref="U1" pin="9" pinfunction="-" pintype="input"/>
    </net>
    <net code="40" name="Net-(R5-Pad1)">
      <node ref="R5" pin="1" pintype="passive"/>
      <node ref="RV2" pin="2" pinfunction="2" pintype="passive"/>
    </net>
    <net code="41" name="Net-(R9-Pad1)">
      <node ref="R9" pin="1" pintype="passive"/>
      <node ref="SW1" pin="1" pinfunction="A" pintype="passive"/>
    </net>
    <net code="42" name="Net-(R10-Pad1)">
      <node ref="R10" pin="1" pintype="passive"/>
      <node ref="R9" pin="2" pintype="passive"/>
      <node ref="U1" pin="2" pinfunction="-" pintype="input"/>
    </net>
    <net code="43" name="Net-(R12-Pad1)">
      <node ref="R12" pin="1" pintype="passive"/>
      <node ref="SW1" pin="3" pinfunction="C" pintype="passive"/>
    </net>
    <net code="44" name="Net-(R17-Pad2)">
      <node ref="R17" pin="2" pintype="passive"/>
      <node ref="RV3" pin="2" pinfunction="2" pintype="passive"/>
    </net>
    <net code="45" name="Net-(R18-Pad2)">
      <node ref="R18" pin="2" pintype="passive"/>
      <node ref="R22" pin="1" pintype="passive"/>
      <node ref="U3" pin="3" pinfunction="+" pintype="input"/>
    </net>
    <net code="46" name="Net-(R19-Pad1)">
      <node ref="R19" pin="1" pintype="passive"/>
      <node ref="RV4" pin="2" pinfunction="2" pintype="passive"/>
    </net>
    <net code="47" name="Net-(R21-Pad2)">
      <node ref="R21" pin="2" pintype="passive"/>
      <node ref="U3" pin="2" pinfunction="DIODE_BIAS" pintype="input"/>
    </net>
    <net code="48" name="Net-(R23-Pad1)">
      <node ref="R23" pin="1" pintype="passive"/>
      <node ref="U3" pin="4" pinfunction="-" pintype="input"/>
    </net>
    <net code="49" name="Net-(R24-Pad2)">
      <node ref="R24" pin="2" pintype="passive"/>
      <node ref="U3" pin="1" pintype="input"/>
    </net>
    <net code="50" name="Net-(R25-Pad1)">
      <node ref="R25" pin="1" pintype="passive"/>
      <node ref="U2" pin="9" pinfunction="-" pintype="input"/>
      <node ref="U3" pin="5" pintype="output"/>
    </net>
    <net code="51" name="Net-(R28-Pad2)">
      <node ref="R28" pin="2" pintype="passive"/>
      <node ref="R32" pin="1" pintype="passive"/>
      <node ref="U3" pin="14" pinfunction="+" pintype="input"/>
    </net>
    <net code="52" name="Net-(R29-Pad1)">
      <node ref="R29" pin="1" pintype="passive"/>
      <node ref="RV5" pin="2" pinfunction="2" pintype="passive"/>
    </net>
    <net code="53" name="Net-(R31-Pad2)">
      <node ref="R31" pin="2" pintype="passive"/>
      <node ref="U3" pin="15" pinfunction="DIODE_BIAS" pintype="input"/>
    </net>
    <net code="54" name="Net-(R33-Pad1)">
      <node ref="R33" pin="1" pintype="passive"/>
      <node ref="U3" pin="13" pinfunction="-" pintype="input"/>
    </net>
    <net code="55" name="Net-(R34-Pad2)">
      <node ref="R34" pin="2" pintype="passive"/>
      <node ref="U3" pin="16" pintype="input"/>
    </net>
    <net code="56" name="Net-(R35-Pad1)">
      <node ref="R35" pin="1" pintype="passive"/>
      <node ref="U2" pin="6" pinfunction="-" pintype="input"/>
      <node ref="U3" pin="12" pintype="output"/>
    </net>
    <net code="57" name="unconnected-(U3-Pad8)">
      <node ref="U3" pin="8" pintype="output+no_connect"/>
    </net>
    <net code="58" name="unconnected-(U3-Pad9)">
      <node ref="U3" pin="9" pintype="output+no_connect"/>
    </net>
  </nets>
</export>
