"Source:","/Users/usb/Desktop/Kicad/coil/coil.kicad_sch"
"Date:","Sunday, March 05, 2023 at 11:06:43 PM"
"Tool:","Eeschema (6.0.7-1)-1"
"Generator:","/Applications/KiCad/KiCad.app/Contents/SharedSupport/plugins/bom_csv_grouped_by_value_with_fp.py"
"Component Count:","81"
"Ref","Qnty","Value","Cmp name","Footprint","Description","Vendor"
"BP1, BP2, BP3, BP4, BP5, BP6, ","6","100n","C","Capacitor_SMD:C_0805_2012Metric_Pad1.18x1.45mm_HandSolder","Unpolarized capacitor",""
"C1, ","1","100p","C","Capacitor_SMD:C_0805_2012Metric_Pad1.18x1.45mm_HandSolder","Unpolarized capacitor",""
"C2, C3, ","2","6800p","C","Capacitor_THT:C_Rect_L7.2mm_W4.5mm_P5.00mm_FKS2_FKP2_MKS2_MKP2","Unpolarized capacitor",""
"C12, ","1","33p","C","Capacitor_SMD:C_0805_2012Metric_Pad1.18x1.45mm_HandSolder","Unpolarized capacitor",""
"D1, ","1","1n4148","D","Diode_THT:D_DO-35_SOD27_P7.62mm_Horizontal","Diode",""
"D2, D3, ","2","1n5818","D_Schottky","Diode_THT:D_DO-41_SOD81_P10.16mm_Horizontal","Schottky diode",""
"D4, D5, ","2","4.7V","D_Zener","Diode_THT:D_DO-34_SOD68_P7.62mm_Horizontal","Zener diode",""
"H1, H2, ","2","MountingHole","MountingHole","Footprints2:MountingHoleM3","Mounting Hole without connection",""
"J1, ","1","CV2","Conn_01x01_Female","Footprints2:BananaFoFanna5","Generic connector, single row, 01x01, script generated (kicad-library-utils/schlib/autogen/connector/)",""
"J2, ","1","CV1","Conn_01x01_Female","Footprints2:BananaFoFanna5","Generic connector, single row, 01x01, script generated (kicad-library-utils/schlib/autogen/connector/)",""
"J3, ","1","IN","Conn_01x01_Female","Footprints2:BananaFoFanna5","Generic connector, single row, 01x01, script generated (kicad-library-utils/schlib/autogen/connector/)",""
"J4, ","1","1A","Conn_01x06_Female","Connector_PinSocket_2.54mm:PinSocket_1x06_P2.54mm_Vertical","Generic connector, single row, 01x06, script generated (kicad-library-utils/schlib/autogen/connector/)",""
"J5, ","1","HP","Conn_01x01_Female","Footprints2:BananaFoFanna5","Generic connector, single row, 01x01, script generated (kicad-library-utils/schlib/autogen/connector/)",""
"J6, ","1","BP","Conn_01x01_Female","Footprints2:BananaFoFanna5","Generic connector, single row, 01x01, script generated (kicad-library-utils/schlib/autogen/connector/)",""
"J7, ","1","LP","Conn_01x01_Female","Footprints2:BananaFoFanna5","Generic connector, single row, 01x01, script generated (kicad-library-utils/schlib/autogen/connector/)",""
"J8, ","1","2A","Conn_01x04_Female","Connector_PinSocket_2.54mm:PinSocket_1x04_P2.54mm_Vertical","Generic connector, single row, 01x04, script generated (kicad-library-utils/schlib/autogen/connector/)",""
"J9, ","1","1B","Conn_01x06_Male","Connector_PinHeader_2.54mm:PinHeader_1x06_P2.54mm_Vertical","Generic connector, single row, 01x06, script generated (kicad-library-utils/schlib/autogen/connector/)",""
"J10, ","1","2B","Conn_01x04_Male","Connector_PinHeader_2.54mm:PinHeader_1x04_P2.54mm_Vertical","Generic connector, single row, 01x04, script generated (kicad-library-utils/schlib/autogen/connector/)",""
"J11, ","1","POWER","Conn_01x04_Male","TerminalBlock_TE-Connectivity:TerminalBlock_TE_282834-4_1x04_P2.54mm_Horizontal","Generic connector, single row, 01x04, script generated (kicad-library-utils/schlib/autogen/connector/)",""
"J12, J13, J14, J15, J16, ","5","0V","Conn_01x01_Male","Connector_PinHeader_2.54mm:PinHeader_1x01_P2.54mm_Vertical","Generic connector, single row, 01x01, script generated (kicad-library-utils/schlib/autogen/connector/)",""
"L1, L2, ","2","22mH","INDUCTOR","Inductor_THT:L_Axial_L12.8mm_D5.8mm_P20.32mm_Horizontal_Fastron_HBCC","Inductor symbol for simulation only",""
"PF1, PF2, ","2","10u","C_Polarized","Capacitor_THT:CP_Radial_D6.3mm_P2.50mm","Polarized capacitor",""
"Q1, Q2, ","2","SS8550D","Q_PNP_EBC","Package_TO_SOT_THT:TO-92_Inline_Wide","PNP transistor, emitter/base/collector",""
"R1, R3, R12, R13, R14, R18, R28, ","7","100k","R","Resistor_SMD:R_0805_2012Metric_Pad1.20x1.40mm_HandSolder","Resistor",""
"R5, R8, R19, R29, ","4","270k","R","Resistor_SMD:R_0805_2012Metric_Pad1.20x1.40mm_HandSolder","Resistor",""
"R6, ","1","1k8","R","Resistor_SMD:R_0805_2012Metric_Pad1.20x1.40mm_HandSolder","Resistor",""
"R7, ","1","2k7","R","Resistor_SMD:R_0805_2012Metric_Pad1.20x1.40mm_HandSolder","Resistor",""
"R9, R17, ","2","51k","R","Resistor_SMD:R_0805_2012Metric_Pad1.20x1.40mm_HandSolder","Resistor",""
"R10, ","1","18k","R","Resistor_SMD:R_0805_2012Metric_Pad1.20x1.40mm_HandSolder","Resistor",""
"R11, ","1","36k","R","Resistor_SMD:R_0805_2012Metric_Pad1.20x1.40mm_HandSolder","Resistor",""
"R15, R27, R37, ","3","1k","R","Resistor_SMD:R_0805_2012Metric_Pad1.20x1.40mm_HandSolder","Resistor",""
"R21, R26, R31, R36, ","4","27k","R","Resistor_SMD:R_0805_2012Metric_Pad1.20x1.40mm_HandSolder","Resistor",""
"R22, R23, R32, R33, ","4","510R","R","Resistor_SMD:R_0805_2012Metric_Pad1.20x1.40mm_HandSolder","Resistor",""
"R24, R34, ","2","9k1","R","Resistor_SMD:R_0805_2012Metric_Pad1.20x1.40mm_HandSolder","Resistor",""
"R25, R35, ","2","10k","R","Resistor_SMD:R_0805_2012Metric_Pad1.20x1.40mm_HandSolder","Resistor",""
"R38, ","1","22k","R","Resistor_SMD:R_0805_2012Metric_Pad1.20x1.40mm_HandSolder","Resistor",""
"RV1, RV2, RV3, ","3","B100k","R_Potentiometer","Footprints2:Potentiometer_Alpha_RD901F-40-00D_Single_Vertical_Center","Potentiometer",""
"RV4, RV5, ","2","100k","R_Potentiometer_Trim_US","Potentiometer_THT:Potentiometer_Bourns_3296W_Vertical","Trim-potentiometer, US symbol",""
"SW1, ","1","SW_SPDT","SW_SPDT","w_switch:switch_100sp5","Switch, single pole double throw",""
"U1, U2, ","2","TL074","TL074","Package_SO:SOIC-14_3.9x8.7mm_P1.27mm","Quad Low-Noise JFET-Input Operational Amplifiers, DIP-14/SOIC-14",""
"U3, ","1","LM13700","LM13700","Package_SO:SOIC-16_3.9x9.9mm_P1.27mm","Dual Operational Transconductance Amplifiers with Linearizing Diodes and Buffers, DIP-16/SOIC-16",""
