<?xml version="1.0" encoding="UTF-8"?>
<export version="D">
  <design>
    <source>/Users/usb/Desktop/Kicad/reseq/reseq.sch</source>
    <date>Tuesday, January 11, 2022 at 12:09:54 PM</date>
    <tool>Eeschema (5.1.2-1)-1</tool>
    <sheet number="1" name="/" tstamps="/">
      <title_block>
        <title>Resonant Equalizer</title>
        <company/>
        <rev>v01</rev>
        <date>2022</date>
        <source>reseq.sch</source>
        <comment number="1" value=""/>
        <comment number="2" value="not for distribution"/>
        <comment number="3" value="frac rack remix by matt hartman"/>
        <comment number="4" value="original design copyright by serge tcherepnin"/>
      </title_block>
    </sheet>
  </design>
  <components>
    <comp ref="R1">
      <value>100k</value>
      <footprint>Resistor_SMD:R_0805_2012Metric_Pad1.15x1.40mm_HandSolder</footprint>
      <datasheet>~</datasheet>
      <libsource lib="Device" part="R" description="Resistor"/>
      <sheetpath names="/" tstamps="/"/>
      <tstamp>61DA94E4</tstamp>
    </comp>
    <comp ref="R8">
      <value>100k</value>
      <footprint>Resistor_SMD:R_0805_2012Metric_Pad1.15x1.40mm_HandSolder</footprint>
      <datasheet>~</datasheet>
      <libsource lib="Device" part="R" description="Resistor"/>
      <sheetpath names="/" tstamps="/"/>
      <tstamp>61DA9D84</tstamp>
    </comp>
    <comp ref="U11">
      <value>TL072</value>
      <footprint>Package_SO:SOIC-8_3.9x4.9mm_P1.27mm</footprint>
      <datasheet>http://www.ti.com/lit/ds/symlink/tl071.pdf</datasheet>
      <libsource lib="Amplifier_Operational" part="TL072" description="Dual Low-Noise JFET-Input Operational Amplifiers, DIP-8/SOIC-8"/>
      <sheetpath names="/" tstamps="/"/>
      <tstamp>61DAC21F</tstamp>
    </comp>
    <comp ref="R10">
      <value>100k</value>
      <footprint>Resistor_SMD:R_0805_2012Metric_Pad1.15x1.40mm_HandSolder</footprint>
      <datasheet>~</datasheet>
      <libsource lib="Device" part="R" description="Resistor"/>
      <sheetpath names="/" tstamps="/"/>
      <tstamp>61DAE223</tstamp>
    </comp>
    <comp ref="R16">
      <value>3k3</value>
      <footprint>Resistor_SMD:R_0805_2012Metric_Pad1.15x1.40mm_HandSolder</footprint>
      <datasheet>~</datasheet>
      <libsource lib="Device" part="R" description="Resistor"/>
      <sheetpath names="/" tstamps="/"/>
      <tstamp>61DB0D31</tstamp>
    </comp>
    <comp ref="R17">
      <value>470k</value>
      <footprint>Resistor_SMD:R_0805_2012Metric_Pad1.15x1.40mm_HandSolder</footprint>
      <datasheet>~</datasheet>
      <libsource lib="Device" part="R" description="Resistor"/>
      <sheetpath names="/" tstamps="/"/>
      <tstamp>61DB1541</tstamp>
    </comp>
    <comp ref="U1">
      <value>TL072</value>
      <footprint>Package_SO:SOIC-8_3.9x4.9mm_P1.27mm</footprint>
      <datasheet>http://www.ti.com/lit/ds/symlink/tl071.pdf</datasheet>
      <libsource lib="Amplifier_Operational" part="TL072" description="Dual Low-Noise JFET-Input Operational Amplifiers, DIP-8/SOIC-8"/>
      <sheetpath names="/" tstamps="/"/>
      <tstamp>61DB218C</tstamp>
    </comp>
    <comp ref="R12">
      <value>1k</value>
      <footprint>Resistor_SMD:R_0805_2012Metric_Pad1.15x1.40mm_HandSolder</footprint>
      <datasheet>~</datasheet>
      <libsource lib="Device" part="R" description="Resistor"/>
      <sheetpath names="/" tstamps="/"/>
      <tstamp>61DBB674</tstamp>
    </comp>
    <comp ref="C2">
      <value>22p*</value>
      <footprint>Capacitor_SMD:C_0805_2012Metric_Pad1.15x1.40mm_HandSolder</footprint>
      <datasheet>~</datasheet>
      <libsource lib="Device" part="C" description="Unpolarized capacitor"/>
      <sheetpath names="/" tstamps="/"/>
      <tstamp>61DBD1A1</tstamp>
    </comp>
    <comp ref="RV2">
      <value>29</value>
      <footprint>Footprints2:Potentiometer_Alpha_RD901F-40-00D_Single_Vertical_Center</footprint>
      <datasheet>~</datasheet>
      <libsource lib="Device" part="R_POT" description="Potentiometer"/>
      <sheetpath names="/" tstamps="/"/>
      <tstamp>61DC440C</tstamp>
    </comp>
    <comp ref="RV3">
      <value>115</value>
      <footprint>Footprints2:Potentiometer_Alpha_RD901F-40-00D_Single_Vertical_Center</footprint>
      <datasheet>~</datasheet>
      <libsource lib="Device" part="R_POT" description="Potentiometer"/>
      <sheetpath names="/" tstamps="/"/>
      <tstamp>61DC50A4</tstamp>
    </comp>
    <comp ref="RV4">
      <value>411</value>
      <footprint>Footprints2:Potentiometer_Alpha_RD901F-40-00D_Single_Vertical_Center</footprint>
      <datasheet>~</datasheet>
      <libsource lib="Device" part="R_POT" description="Potentiometer"/>
      <sheetpath names="/" tstamps="/"/>
      <tstamp>61DC6154</tstamp>
    </comp>
    <comp ref="RV5">
      <value>1k5</value>
      <footprint>Footprints2:Potentiometer_Alpha_RD901F-40-00D_Single_Vertical_Center</footprint>
      <datasheet>~</datasheet>
      <libsource lib="Device" part="R_POT" description="Potentiometer"/>
      <sheetpath names="/" tstamps="/"/>
      <tstamp>61DC6B1F</tstamp>
    </comp>
    <comp ref="RV6">
      <value>5k2</value>
      <footprint>Footprints2:Potentiometer_Alpha_RD901F-40-00D_Single_Vertical_Center</footprint>
      <datasheet>~</datasheet>
      <libsource lib="Device" part="R_POT" description="Potentiometer"/>
      <sheetpath names="/" tstamps="/"/>
      <tstamp>61DCFE81</tstamp>
    </comp>
    <comp ref="RV7">
      <value>61</value>
      <footprint>Footprints2:Potentiometer_Alpha_RD901F-40-00D_Single_Vertical_Center</footprint>
      <datasheet>~</datasheet>
      <libsource lib="Device" part="R_POT" description="Potentiometer"/>
      <sheetpath names="/" tstamps="/"/>
      <tstamp>61DD60A2</tstamp>
    </comp>
    <comp ref="RV8">
      <value>218</value>
      <footprint>Footprints2:Potentiometer_Alpha_RD901F-40-00D_Single_Vertical_Center</footprint>
      <datasheet>~</datasheet>
      <libsource lib="Device" part="R_POT" description="Potentiometer"/>
      <sheetpath names="/" tstamps="/"/>
      <tstamp>61DDAF98</tstamp>
    </comp>
    <comp ref="RV9">
      <value>777</value>
      <footprint>Footprints2:Potentiometer_Alpha_RD901F-40-00D_Single_Vertical_Center</footprint>
      <datasheet>~</datasheet>
      <libsource lib="Device" part="R_POT" description="Potentiometer"/>
      <sheetpath names="/" tstamps="/"/>
      <tstamp>61DE06F5</tstamp>
    </comp>
    <comp ref="RV10">
      <value>2k8</value>
      <footprint>Footprints2:Potentiometer_Alpha_RD901F-40-00D_Single_Vertical_Center</footprint>
      <datasheet>~</datasheet>
      <libsource lib="Device" part="R_POT" description="Potentiometer"/>
      <sheetpath names="/" tstamps="/"/>
      <tstamp>61DE6597</tstamp>
    </comp>
    <comp ref="RV11">
      <value>11k</value>
      <footprint>Footprints2:Potentiometer_Alpha_RD901F-40-00D_Single_Vertical_Center</footprint>
      <datasheet>~</datasheet>
      <libsource lib="Device" part="R_POT" description="Potentiometer"/>
      <sheetpath names="/" tstamps="/"/>
      <tstamp>61DECA21</tstamp>
    </comp>
    <comp ref="J10">
      <value>2A</value>
      <footprint>Connector_PinSocket_2.54mm:PinSocket_1x06_P2.54mm_Vertical</footprint>
      <datasheet>~</datasheet>
      <libsource lib="Connector" part="Conn_01x06_Female" description="Generic connector, single row, 01x06, script generated (kicad-library-utils/schlib/autogen/connector/)"/>
      <sheetpath names="/" tstamps="/"/>
      <tstamp>61DF433F</tstamp>
    </comp>
    <comp ref="J15">
      <value>3A</value>
      <footprint>Connector_PinSocket_2.54mm:PinSocket_1x06_P2.54mm_Vertical</footprint>
      <datasheet>~</datasheet>
      <libsource lib="Connector" part="Conn_01x06_Female" description="Generic connector, single row, 01x06, script generated (kicad-library-utils/schlib/autogen/connector/)"/>
      <sheetpath names="/" tstamps="/"/>
      <tstamp>61E239B4</tstamp>
    </comp>
    <comp ref="J6">
      <value>COMBL</value>
      <footprint>Footprints2:BananaFoFanna4</footprint>
      <datasheet>~</datasheet>
      <libsource lib="Connector" part="Conn_01x01_Female" description="Generic connector, single row, 01x01, script generated (kicad-library-utils/schlib/autogen/connector/)"/>
      <sheetpath names="/" tstamps="/"/>
      <tstamp>61DA185E</tstamp>
    </comp>
    <comp ref="J5">
      <value>COMBR</value>
      <footprint>Footprints2:BananaFoFanna4</footprint>
      <datasheet>~</datasheet>
      <libsource lib="Connector" part="Conn_01x01_Female" description="Generic connector, single row, 01x01, script generated (kicad-library-utils/schlib/autogen/connector/)"/>
      <sheetpath names="/" tstamps="/"/>
      <tstamp>61DA2039</tstamp>
    </comp>
    <comp ref="RV1">
      <value>A50K</value>
      <footprint>Footprints2:Potentiometer_Alpha_RD901F-40-00D_Single_Vertical_Center</footprint>
      <datasheet>~</datasheet>
      <libsource lib="Device" part="R_POT" description="Potentiometer"/>
      <sheetpath names="/" tstamps="/"/>
      <tstamp>61D9EB1F</tstamp>
    </comp>
    <comp ref="U8">
      <value>TL072</value>
      <footprint>Package_SO:SOIC-8_3.9x4.9mm_P1.27mm</footprint>
      <datasheet>http://www.ti.com/lit/ds/symlink/tl071.pdf</datasheet>
      <libsource lib="Amplifier_Operational" part="TL072" description="Dual Low-Noise JFET-Input Operational Amplifiers, DIP-8/SOIC-8"/>
      <sheetpath names="/" tstamps="/"/>
      <tstamp>62024C6C</tstamp>
    </comp>
    <comp ref="C22">
      <value>220p</value>
      <footprint>Capacitor_THT:C_Rect_L13.0mm_W5.0mm_P10.00mm_x7.5mm_x5mm</footprint>
      <datasheet>~</datasheet>
      <libsource lib="Device" part="C" description="Unpolarized capacitor"/>
      <sheetpath names="/" tstamps="/"/>
      <tstamp>61FA0EBA</tstamp>
    </comp>
    <comp ref="R53">
      <value>130k</value>
      <footprint>Resistor_SMD:R_0805_2012Metric_Pad1.15x1.40mm_HandSolder</footprint>
      <datasheet>~</datasheet>
      <libsource lib="Device" part="R" description="Resistor"/>
      <sheetpath names="/" tstamps="/"/>
      <tstamp>61FA009B</tstamp>
    </comp>
    <comp ref="R55">
      <value>10k</value>
      <footprint>Resistor_SMD:R_0805_2012Metric_Pad1.15x1.40mm_HandSolder</footprint>
      <datasheet>~</datasheet>
      <libsource lib="Device" part="R" description="Resistor"/>
      <sheetpath names="/" tstamps="/"/>
      <tstamp>61F9E65A</tstamp>
    </comp>
    <comp ref="R54">
      <value>16k5</value>
      <footprint>Resistor_SMD:R_0805_2012Metric_Pad1.15x1.40mm_HandSolder</footprint>
      <datasheet>~</datasheet>
      <libsource lib="Device" part="R" description="Resistor"/>
      <sheetpath names="/" tstamps="/"/>
      <tstamp>61F871F9</tstamp>
    </comp>
    <comp ref="R52">
      <value>130k</value>
      <footprint>Resistor_SMD:R_0805_2012Metric_Pad1.15x1.40mm_HandSolder</footprint>
      <datasheet>~</datasheet>
      <libsource lib="Device" part="R" description="Resistor"/>
      <sheetpath names="/" tstamps="/"/>
      <tstamp>61F85EB1</tstamp>
    </comp>
    <comp ref="R51">
      <value>47k</value>
      <footprint>Resistor_SMD:R_0805_2012Metric_Pad1.15x1.40mm_HandSolder</footprint>
      <datasheet>~</datasheet>
      <libsource lib="Device" part="R" description="Resistor"/>
      <sheetpath names="/" tstamps="/"/>
      <tstamp>61F54E07</tstamp>
    </comp>
    <comp ref="R50">
      <value>620k</value>
      <footprint>Resistor_SMD:R_0805_2012Metric_Pad1.15x1.40mm_HandSolder</footprint>
      <datasheet>~</datasheet>
      <libsource lib="Device" part="R" description="Resistor"/>
      <sheetpath names="/" tstamps="/"/>
      <tstamp>61F54DFD</tstamp>
    </comp>
    <comp ref="U4">
      <value>TL072</value>
      <footprint>Package_SO:SOIC-8_3.9x4.9mm_P1.27mm</footprint>
      <datasheet>http://www.ti.com/lit/ds/symlink/tl071.pdf</datasheet>
      <libsource lib="Amplifier_Operational" part="TL072" description="Dual Low-Noise JFET-Input Operational Amplifiers, DIP-8/SOIC-8"/>
      <sheetpath names="/" tstamps="/"/>
      <tstamp>61F54DF3</tstamp>
    </comp>
    <comp ref="R44">
      <value>27k</value>
      <footprint>Resistor_SMD:R_0805_2012Metric_Pad1.15x1.40mm_HandSolder</footprint>
      <datasheet>~</datasheet>
      <libsource lib="Device" part="R" description="Resistor"/>
      <sheetpath names="/" tstamps="/"/>
      <tstamp>61F54DDF</tstamp>
    </comp>
    <comp ref="C21">
      <value>1n</value>
      <footprint>Capacitor_THT:C_Rect_L13.0mm_W5.0mm_P10.00mm_x7.5mm_x5mm</footprint>
      <datasheet>~</datasheet>
      <libsource lib="Device" part="C" description="Unpolarized capacitor"/>
      <sheetpath names="/" tstamps="/"/>
      <tstamp>61F54DD5</tstamp>
    </comp>
    <comp ref="C20">
      <value>1n</value>
      <footprint>Capacitor_THT:C_Rect_L13.0mm_W5.0mm_P10.00mm_x7.5mm_x5mm</footprint>
      <datasheet>~</datasheet>
      <libsource lib="Device" part="C" description="Unpolarized capacitor"/>
      <sheetpath names="/" tstamps="/"/>
      <tstamp>61F54DCB</tstamp>
    </comp>
    <comp ref="R43">
      <value>47k</value>
      <footprint>Resistor_SMD:R_0805_2012Metric_Pad1.15x1.40mm_HandSolder</footprint>
      <datasheet>~</datasheet>
      <libsource lib="Device" part="R" description="Resistor"/>
      <sheetpath names="/" tstamps="/"/>
      <tstamp>61F54DC1</tstamp>
    </comp>
    <comp ref="R41">
      <value>47k</value>
      <footprint>Resistor_SMD:R_0805_2012Metric_Pad1.15x1.40mm_HandSolder</footprint>
      <datasheet>~</datasheet>
      <libsource lib="Device" part="R" description="Resistor"/>
      <sheetpath names="/" tstamps="/"/>
      <tstamp>61F54D96</tstamp>
    </comp>
    <comp ref="R39">
      <value>510k</value>
      <footprint>Resistor_SMD:R_0805_2012Metric_Pad1.15x1.40mm_HandSolder</footprint>
      <datasheet>~</datasheet>
      <libsource lib="Device" part="R" description="Resistor"/>
      <sheetpath names="/" tstamps="/"/>
      <tstamp>61F54D8C</tstamp>
    </comp>
    <comp ref="U3">
      <value>TL072</value>
      <footprint>Package_SO:SOIC-8_3.9x4.9mm_P1.27mm</footprint>
      <datasheet>http://www.ti.com/lit/ds/symlink/tl071.pdf</datasheet>
      <libsource lib="Amplifier_Operational" part="TL072" description="Dual Low-Noise JFET-Input Operational Amplifiers, DIP-8/SOIC-8"/>
      <sheetpath names="/" tstamps="/"/>
      <tstamp>61F54D82</tstamp>
    </comp>
    <comp ref="R36">
      <value>22k</value>
      <footprint>Resistor_SMD:R_0805_2012Metric_Pad1.15x1.40mm_HandSolder</footprint>
      <datasheet>~</datasheet>
      <libsource lib="Device" part="R" description="Resistor"/>
      <sheetpath names="/" tstamps="/"/>
      <tstamp>61F54D6E</tstamp>
    </comp>
    <comp ref="C15">
      <value>4n7</value>
      <footprint>Capacitor_THT:C_Rect_L13.0mm_W5.0mm_P10.00mm_x7.5mm_x5mm</footprint>
      <datasheet>~</datasheet>
      <libsource lib="Device" part="C" description="Unpolarized capacitor"/>
      <sheetpath names="/" tstamps="/"/>
      <tstamp>61F54D64</tstamp>
    </comp>
    <comp ref="C14">
      <value>4n7</value>
      <footprint>Capacitor_THT:C_Rect_L13.0mm_W5.0mm_P10.00mm_x7.5mm_x5mm</footprint>
      <datasheet>~</datasheet>
      <libsource lib="Device" part="C" description="Unpolarized capacitor"/>
      <sheetpath names="/" tstamps="/"/>
      <tstamp>61F54D5A</tstamp>
    </comp>
    <comp ref="R35">
      <value>36k</value>
      <footprint>Resistor_SMD:R_0805_2012Metric_Pad1.15x1.40mm_HandSolder</footprint>
      <datasheet>~</datasheet>
      <libsource lib="Device" part="R" description="Resistor"/>
      <sheetpath names="/" tstamps="/"/>
      <tstamp>61F54D50</tstamp>
    </comp>
    <comp ref="R33">
      <value>47k</value>
      <footprint>Resistor_SMD:R_0805_2012Metric_Pad1.15x1.40mm_HandSolder</footprint>
      <datasheet>~</datasheet>
      <libsource lib="Device" part="R" description="Resistor"/>
      <sheetpath names="/" tstamps="/"/>
      <tstamp>61F3A75B</tstamp>
    </comp>
    <comp ref="R31">
      <value>820k</value>
      <footprint>Resistor_SMD:R_0805_2012Metric_Pad1.15x1.40mm_HandSolder</footprint>
      <datasheet>~</datasheet>
      <libsource lib="Device" part="R" description="Resistor"/>
      <sheetpath names="/" tstamps="/"/>
      <tstamp>61F3A751</tstamp>
    </comp>
    <comp ref="U2">
      <value>TL072</value>
      <footprint>Package_SO:SOIC-8_3.9x4.9mm_P1.27mm</footprint>
      <datasheet>http://www.ti.com/lit/ds/symlink/tl071.pdf</datasheet>
      <libsource lib="Amplifier_Operational" part="TL072" description="Dual Low-Noise JFET-Input Operational Amplifiers, DIP-8/SOIC-8"/>
      <sheetpath names="/" tstamps="/"/>
      <tstamp>61F3A747</tstamp>
    </comp>
    <comp ref="R28">
      <value>36k</value>
      <footprint>Resistor_SMD:R_0805_2012Metric_Pad1.15x1.40mm_HandSolder</footprint>
      <datasheet>~</datasheet>
      <libsource lib="Device" part="R" description="Resistor"/>
      <sheetpath names="/" tstamps="/"/>
      <tstamp>61F3A733</tstamp>
    </comp>
    <comp ref="C11">
      <value>10n</value>
      <footprint>Capacitor_THT:C_Rect_L13.0mm_W5.0mm_P10.00mm_x7.5mm_x5mm</footprint>
      <datasheet>~</datasheet>
      <libsource lib="Device" part="C" description="Unpolarized capacitor"/>
      <sheetpath names="/" tstamps="/"/>
      <tstamp>61F3A729</tstamp>
    </comp>
    <comp ref="C10">
      <value>10n</value>
      <footprint>Capacitor_THT:C_Rect_L13.0mm_W5.0mm_P10.00mm_x7.5mm_x5mm</footprint>
      <datasheet>~</datasheet>
      <libsource lib="Device" part="C" description="Unpolarized capacitor"/>
      <sheetpath names="/" tstamps="/"/>
      <tstamp>61F3A71F</tstamp>
    </comp>
    <comp ref="R27">
      <value>62k</value>
      <footprint>Resistor_SMD:R_0805_2012Metric_Pad1.15x1.40mm_HandSolder</footprint>
      <datasheet>~</datasheet>
      <libsource lib="Device" part="R" description="Resistor"/>
      <sheetpath names="/" tstamps="/"/>
      <tstamp>61F3A715</tstamp>
    </comp>
    <comp ref="R25">
      <value>47k</value>
      <footprint>Resistor_SMD:R_0805_2012Metric_Pad1.15x1.40mm_HandSolder</footprint>
      <datasheet>~</datasheet>
      <libsource lib="Device" part="R" description="Resistor"/>
      <sheetpath names="/" tstamps="/"/>
      <tstamp>61EBE4B0</tstamp>
    </comp>
    <comp ref="R23">
      <value>510k</value>
      <footprint>Resistor_SMD:R_0805_2012Metric_Pad1.15x1.40mm_HandSolder</footprint>
      <datasheet>~</datasheet>
      <libsource lib="Device" part="R" description="Resistor"/>
      <sheetpath names="/" tstamps="/"/>
      <tstamp>61EBB66D</tstamp>
    </comp>
    <comp ref="R20">
      <value>91k</value>
      <footprint>Resistor_SMD:R_0805_2012Metric_Pad1.15x1.40mm_HandSolder</footprint>
      <datasheet>~</datasheet>
      <libsource lib="Device" part="R" description="Resistor"/>
      <sheetpath names="/" tstamps="/"/>
      <tstamp>61EB65B7</tstamp>
    </comp>
    <comp ref="C7">
      <value>47n</value>
      <footprint>Capacitor_THT:C_Rect_L13.0mm_W5.0mm_P10.00mm_x7.5mm_x5mm</footprint>
      <datasheet>~</datasheet>
      <libsource lib="Device" part="C" description="Unpolarized capacitor"/>
      <sheetpath names="/" tstamps="/"/>
      <tstamp>61EB6064</tstamp>
    </comp>
    <comp ref="C6">
      <value>47n</value>
      <footprint>Capacitor_THT:C_Rect_L13.0mm_W5.0mm_P10.00mm_x7.5mm_x5mm</footprint>
      <datasheet>~</datasheet>
      <libsource lib="Device" part="C" description="Unpolarized capacitor"/>
      <sheetpath names="/" tstamps="/"/>
      <tstamp>61EB5337</tstamp>
    </comp>
    <comp ref="R19">
      <value>39k</value>
      <footprint>Resistor_SMD:R_0805_2012Metric_Pad1.15x1.40mm_HandSolder</footprint>
      <datasheet>~</datasheet>
      <libsource lib="Device" part="R" description="Resistor"/>
      <sheetpath names="/" tstamps="/"/>
      <tstamp>61EB4B38</tstamp>
    </comp>
    <comp ref="J13">
      <value>2B</value>
      <footprint>Connector_PinHeader_2.54mm:PinHeader_1x06_P2.54mm_Vertical</footprint>
      <datasheet>~</datasheet>
      <libsource lib="Connector" part="Conn_01x06_Male" description="Generic connector, single row, 01x06, script generated (kicad-library-utils/schlib/autogen/connector/)"/>
      <sheetpath names="/" tstamps="/"/>
      <tstamp>61EAD857</tstamp>
    </comp>
    <comp ref="R60">
      <value>10k</value>
      <footprint>Resistor_SMD:R_0805_2012Metric_Pad1.15x1.40mm_HandSolder</footprint>
      <datasheet>~</datasheet>
      <libsource lib="Device" part="R" description="Resistor"/>
      <sheetpath names="/" tstamps="/"/>
      <tstamp>621C9639</tstamp>
    </comp>
    <comp ref="R59">
      <value>15k4</value>
      <footprint>Resistor_SMD:R_0805_2012Metric_Pad1.15x1.40mm_HandSolder</footprint>
      <datasheet>~</datasheet>
      <libsource lib="Device" part="R" description="Resistor"/>
      <sheetpath names="/" tstamps="/"/>
      <tstamp>621C964D</tstamp>
    </comp>
    <comp ref="R56">
      <value>68k</value>
      <footprint>Resistor_SMD:R_0805_2012Metric_Pad1.15x1.40mm_HandSolder</footprint>
      <datasheet>~</datasheet>
      <libsource lib="Device" part="R" description="Resistor"/>
      <sheetpath names="/" tstamps="/"/>
      <tstamp>621C9657</tstamp>
    </comp>
    <comp ref="R42">
      <value>47k</value>
      <footprint>Resistor_SMD:R_0805_2012Metric_Pad1.15x1.40mm_HandSolder</footprint>
      <datasheet>~</datasheet>
      <libsource lib="Device" part="R" description="Resistor"/>
      <sheetpath names="/" tstamps="/"/>
      <tstamp>621C96F9</tstamp>
    </comp>
    <comp ref="R40">
      <value>560k</value>
      <footprint>Resistor_SMD:R_0805_2012Metric_Pad1.15x1.40mm_HandSolder</footprint>
      <datasheet>~</datasheet>
      <libsource lib="Device" part="R" description="Resistor"/>
      <sheetpath names="/" tstamps="/"/>
      <tstamp>621C9703</tstamp>
    </comp>
    <comp ref="R38">
      <value>24k</value>
      <footprint>Resistor_SMD:R_0805_2012Metric_Pad1.15x1.40mm_HandSolder</footprint>
      <datasheet>~</datasheet>
      <libsource lib="Device" part="R" description="Resistor"/>
      <sheetpath names="/" tstamps="/"/>
      <tstamp>621C9721</tstamp>
    </comp>
    <comp ref="C17">
      <value>2n2</value>
      <footprint>Capacitor_THT:C_Rect_L13.0mm_W5.0mm_P10.00mm_x7.5mm_x5mm</footprint>
      <datasheet>~</datasheet>
      <libsource lib="Device" part="C" description="Unpolarized capacitor"/>
      <sheetpath names="/" tstamps="/"/>
      <tstamp>621C972B</tstamp>
    </comp>
    <comp ref="C16">
      <value>2n2</value>
      <footprint>Capacitor_THT:C_Rect_L13.0mm_W5.0mm_P10.00mm_x7.5mm_x5mm</footprint>
      <datasheet>~</datasheet>
      <libsource lib="Device" part="C" description="Unpolarized capacitor"/>
      <sheetpath names="/" tstamps="/"/>
      <tstamp>621C9735</tstamp>
    </comp>
    <comp ref="R37">
      <value>43k</value>
      <footprint>Resistor_SMD:R_0805_2012Metric_Pad1.15x1.40mm_HandSolder</footprint>
      <datasheet>~</datasheet>
      <libsource lib="Device" part="R" description="Resistor"/>
      <sheetpath names="/" tstamps="/"/>
      <tstamp>621C973F</tstamp>
    </comp>
    <comp ref="R34">
      <value>47k</value>
      <footprint>Resistor_SMD:R_0805_2012Metric_Pad1.15x1.40mm_HandSolder</footprint>
      <datasheet>~</datasheet>
      <libsource lib="Device" part="R" description="Resistor"/>
      <sheetpath names="/" tstamps="/"/>
      <tstamp>621C976D</tstamp>
    </comp>
    <comp ref="R32">
      <value>910k*</value>
      <footprint>Resistor_SMD:R_0805_2012Metric_Pad1.15x1.40mm_HandSolder</footprint>
      <datasheet>~</datasheet>
      <libsource lib="Device" part="R" description="Resistor"/>
      <sheetpath names="/" tstamps="/"/>
      <tstamp>621C9777</tstamp>
    </comp>
    <comp ref="R30">
      <value>43k</value>
      <footprint>Resistor_SMD:R_0805_2012Metric_Pad1.15x1.40mm_HandSolder</footprint>
      <datasheet>~</datasheet>
      <libsource lib="Device" part="R" description="Resistor"/>
      <sheetpath names="/" tstamps="/"/>
      <tstamp>621C9795</tstamp>
    </comp>
    <comp ref="C13">
      <value>4n7</value>
      <footprint>Capacitor_THT:C_Rect_L13.0mm_W5.0mm_P10.00mm_x7.5mm_x5mm</footprint>
      <datasheet>~</datasheet>
      <libsource lib="Device" part="C" description="Unpolarized capacitor"/>
      <sheetpath names="/" tstamps="/"/>
      <tstamp>621C979F</tstamp>
    </comp>
    <comp ref="C12">
      <value>4n7</value>
      <footprint>Capacitor_THT:C_Rect_L13.0mm_W5.0mm_P10.00mm_x7.5mm_x5mm</footprint>
      <datasheet>~</datasheet>
      <libsource lib="Device" part="C" description="Unpolarized capacitor"/>
      <sheetpath names="/" tstamps="/"/>
      <tstamp>621C97A9</tstamp>
    </comp>
    <comp ref="R29">
      <value>68k</value>
      <footprint>Resistor_SMD:R_0805_2012Metric_Pad1.15x1.40mm_HandSolder</footprint>
      <datasheet>~</datasheet>
      <libsource lib="Device" part="R" description="Resistor"/>
      <sheetpath names="/" tstamps="/"/>
      <tstamp>621C97B3</tstamp>
    </comp>
    <comp ref="R26">
      <value>47k</value>
      <footprint>Resistor_SMD:R_0805_2012Metric_Pad1.15x1.40mm_HandSolder</footprint>
      <datasheet>~</datasheet>
      <libsource lib="Device" part="R" description="Resistor"/>
      <sheetpath names="/" tstamps="/"/>
      <tstamp>621C97DE</tstamp>
    </comp>
    <comp ref="R24">
      <value>680k</value>
      <footprint>Resistor_SMD:R_0805_2012Metric_Pad1.15x1.40mm_HandSolder</footprint>
      <datasheet>~</datasheet>
      <libsource lib="Device" part="R" description="Resistor"/>
      <sheetpath names="/" tstamps="/"/>
      <tstamp>621C97E8</tstamp>
    </comp>
    <comp ref="R22">
      <value>30k</value>
      <footprint>Resistor_SMD:R_0805_2012Metric_Pad1.15x1.40mm_HandSolder</footprint>
      <datasheet>~</datasheet>
      <libsource lib="Device" part="R" description="Resistor"/>
      <sheetpath names="/" tstamps="/"/>
      <tstamp>621C9806</tstamp>
    </comp>
    <comp ref="C9">
      <value>22n</value>
      <footprint>Capacitor_THT:C_Rect_L13.0mm_W5.0mm_P10.00mm_x7.5mm_x5mm</footprint>
      <datasheet>~</datasheet>
      <libsource lib="Device" part="C" description="Unpolarized capacitor"/>
      <sheetpath names="/" tstamps="/"/>
      <tstamp>621C9810</tstamp>
    </comp>
    <comp ref="C8">
      <value>22n</value>
      <footprint>Capacitor_THT:C_Rect_L13.0mm_W5.0mm_P10.00mm_x7.5mm_x5mm</footprint>
      <datasheet>~</datasheet>
      <libsource lib="Device" part="C" description="Unpolarized capacitor"/>
      <sheetpath names="/" tstamps="/"/>
      <tstamp>621C981A</tstamp>
    </comp>
    <comp ref="R21">
      <value>51k</value>
      <footprint>Resistor_SMD:R_0805_2012Metric_Pad1.15x1.40mm_HandSolder</footprint>
      <datasheet>~</datasheet>
      <libsource lib="Device" part="R" description="Resistor"/>
      <sheetpath names="/" tstamps="/"/>
      <tstamp>621C9824</tstamp>
    </comp>
    <comp ref="J14">
      <value>3B</value>
      <footprint>Connector_PinHeader_2.54mm:PinHeader_1x06_P2.54mm_Vertical</footprint>
      <datasheet>~</datasheet>
      <libsource lib="Connector" part="Conn_01x06_Male" description="Generic connector, single row, 01x06, script generated (kicad-library-utils/schlib/autogen/connector/)"/>
      <sheetpath names="/" tstamps="/"/>
      <tstamp>621C982E</tstamp>
    </comp>
    <comp ref="U9">
      <value>TL072</value>
      <footprint>Package_SO:SOIC-8_3.9x4.9mm_P1.27mm</footprint>
      <datasheet>http://www.ti.com/lit/ds/symlink/tl071.pdf</datasheet>
      <libsource lib="Amplifier_Operational" part="TL072" description="Dual Low-Noise JFET-Input Operational Amplifiers, DIP-8/SOIC-8"/>
      <sheetpath names="/" tstamps="/"/>
      <tstamp>622A5EFA</tstamp>
    </comp>
    <comp ref="C18">
      <value>680p</value>
      <footprint>Capacitor_THT:C_Rect_L13.0mm_W5.0mm_P10.00mm_x7.5mm_x5mm</footprint>
      <datasheet>~</datasheet>
      <libsource lib="Device" part="C" description="Unpolarized capacitor"/>
      <sheetpath names="/" tstamps="/"/>
      <tstamp>622A5F2C</tstamp>
    </comp>
    <comp ref="R46">
      <value>82k</value>
      <footprint>Resistor_SMD:R_0805_2012Metric_Pad1.15x1.40mm_HandSolder</footprint>
      <datasheet>~</datasheet>
      <libsource lib="Device" part="R" description="Resistor"/>
      <sheetpath names="/" tstamps="/"/>
      <tstamp>622A5F36</tstamp>
    </comp>
    <comp ref="R48">
      <value>10k</value>
      <footprint>Resistor_SMD:R_0805_2012Metric_Pad1.15x1.40mm_HandSolder</footprint>
      <datasheet>~</datasheet>
      <libsource lib="Device" part="R" description="Resistor"/>
      <sheetpath names="/" tstamps="/"/>
      <tstamp>622A5F40</tstamp>
    </comp>
    <comp ref="R47">
      <value>16k5</value>
      <footprint>Resistor_SMD:R_0805_2012Metric_Pad1.15x1.40mm_HandSolder</footprint>
      <datasheet>~</datasheet>
      <libsource lib="Device" part="R" description="Resistor"/>
      <sheetpath names="/" tstamps="/"/>
      <tstamp>622A5F54</tstamp>
    </comp>
    <comp ref="R45">
      <value>82k</value>
      <footprint>Resistor_SMD:R_0805_2012Metric_Pad1.15x1.40mm_HandSolder</footprint>
      <datasheet>~</datasheet>
      <libsource lib="Device" part="R" description="Resistor"/>
      <sheetpath names="/" tstamps="/"/>
      <tstamp>622A5F5E</tstamp>
    </comp>
    <comp ref="R49">
      <value>33k</value>
      <footprint>Resistor_SMD:R_0805_2012Metric_Pad1.15x1.40mm_HandSolder</footprint>
      <datasheet>~</datasheet>
      <libsource lib="Device" part="R" description="Resistor"/>
      <sheetpath names="/" tstamps="/"/>
      <tstamp>622EAF87</tstamp>
    </comp>
    <comp ref="U10">
      <value>TL072</value>
      <footprint>Package_SO:SOIC-8_3.9x4.9mm_P1.27mm</footprint>
      <datasheet>http://www.ti.com/lit/ds/symlink/tl071.pdf</datasheet>
      <libsource lib="Amplifier_Operational" part="TL072" description="Dual Low-Noise JFET-Input Operational Amplifiers, DIP-8/SOIC-8"/>
      <sheetpath names="/" tstamps="/"/>
      <tstamp>62311FE3</tstamp>
    </comp>
    <comp ref="R57">
      <value>68k</value>
      <footprint>Resistor_SMD:R_0805_2012Metric_Pad1.15x1.40mm_HandSolder</footprint>
      <datasheet>~</datasheet>
      <libsource lib="Device" part="R" description="Resistor"/>
      <sheetpath names="/" tstamps="/"/>
      <tstamp>621C962F</tstamp>
    </comp>
    <comp ref="C24">
      <value>220p</value>
      <footprint>Capacitor_THT:C_Rect_L13.0mm_W5.0mm_P10.00mm_x7.5mm_x5mm</footprint>
      <datasheet>~</datasheet>
      <libsource lib="Device" part="C" description="Unpolarized capacitor"/>
      <sheetpath names="/" tstamps="/"/>
      <tstamp>621C9625</tstamp>
    </comp>
    <comp ref="R58">
      <value>33k</value>
      <footprint>Resistor_SMD:R_0805_2012Metric_Pad1.15x1.40mm_HandSolder</footprint>
      <datasheet>~</datasheet>
      <libsource lib="Device" part="R" description="Resistor"/>
      <sheetpath names="/" tstamps="/"/>
      <tstamp>623B8773</tstamp>
    </comp>
    <comp ref="C23">
      <value>220p</value>
      <footprint>Capacitor_THT:C_Rect_L13.0mm_W5.0mm_P10.00mm_x7.5mm_x5mm</footprint>
      <datasheet>~</datasheet>
      <libsource lib="Device" part="C" description="Unpolarized capacitor"/>
      <sheetpath names="/" tstamps="/"/>
      <tstamp>626D76DA</tstamp>
    </comp>
    <comp ref="C19">
      <value>680p</value>
      <footprint>Capacitor_THT:C_Rect_L13.0mm_W5.0mm_P10.00mm_x7.5mm_x5mm</footprint>
      <datasheet>~</datasheet>
      <libsource lib="Device" part="C" description="Unpolarized capacitor"/>
      <sheetpath names="/" tstamps="/"/>
      <tstamp>6271CD2F</tstamp>
    </comp>
    <comp ref="C25">
      <value>220p</value>
      <footprint>Capacitor_THT:C_Rect_L13.0mm_W5.0mm_P10.00mm_x7.5mm_x5mm</footprint>
      <datasheet>~</datasheet>
      <libsource lib="Device" part="C" description="Unpolarized capacitor"/>
      <sheetpath names="/" tstamps="/"/>
      <tstamp>62740B05</tstamp>
    </comp>
    <comp ref="R61">
      <value>22k</value>
      <footprint>Resistor_SMD:R_0805_2012Metric_Pad1.15x1.40mm_HandSolder</footprint>
      <datasheet>~</datasheet>
      <libsource lib="Device" part="R" description="Resistor"/>
      <sheetpath names="/" tstamps="/"/>
      <tstamp>627EC801</tstamp>
    </comp>
    <comp ref="U7">
      <value>TL072</value>
      <footprint>Package_SO:SOIC-8_3.9x4.9mm_P1.27mm</footprint>
      <datasheet>http://www.ti.com/lit/ds/symlink/tl071.pdf</datasheet>
      <libsource lib="Amplifier_Operational" part="TL072" description="Dual Low-Noise JFET-Input Operational Amplifiers, DIP-8/SOIC-8"/>
      <sheetpath names="/" tstamps="/"/>
      <tstamp>62C1D006</tstamp>
    </comp>
    <comp ref="R18">
      <value>330R</value>
      <footprint>Resistor_SMD:R_0805_2012Metric_Pad1.15x1.40mm_HandSolder</footprint>
      <datasheet>~</datasheet>
      <libsource lib="Device" part="R" description="Resistor"/>
      <sheetpath names="/" tstamps="/"/>
      <tstamp>62C1F702</tstamp>
    </comp>
    <comp ref="C3">
      <value>47p</value>
      <footprint>Capacitor_SMD:C_0805_2012Metric_Pad1.15x1.40mm_HandSolder</footprint>
      <datasheet>~</datasheet>
      <libsource lib="Device" part="C" description="Unpolarized capacitor"/>
      <sheetpath names="/" tstamps="/"/>
      <tstamp>62C20FDE</tstamp>
    </comp>
    <comp ref="R13">
      <value>4k7</value>
      <footprint>Resistor_SMD:R_0805_2012Metric_Pad1.15x1.40mm_HandSolder</footprint>
      <datasheet>~</datasheet>
      <libsource lib="Device" part="R" description="Resistor"/>
      <sheetpath names="/" tstamps="/"/>
      <tstamp>62C2334A</tstamp>
    </comp>
    <comp ref="R11">
      <value>4k7</value>
      <footprint>Resistor_SMD:R_0805_2012Metric_Pad1.15x1.40mm_HandSolder</footprint>
      <datasheet>~</datasheet>
      <libsource lib="Device" part="R" description="Resistor"/>
      <sheetpath names="/" tstamps="/"/>
      <tstamp>62D7E565</tstamp>
    </comp>
    <comp ref="R9">
      <value>47k</value>
      <footprint>Resistor_SMD:R_0805_2012Metric_Pad1.15x1.40mm_HandSolder</footprint>
      <datasheet>~</datasheet>
      <libsource lib="Device" part="R" description="Resistor"/>
      <sheetpath names="/" tstamps="/"/>
      <tstamp>62DB2F0D</tstamp>
    </comp>
    <comp ref="C1">
      <value>47p</value>
      <footprint>Capacitor_SMD:C_0805_2012Metric_Pad1.15x1.40mm_HandSolder</footprint>
      <datasheet>~</datasheet>
      <libsource lib="Device" part="C" description="Unpolarized capacitor"/>
      <sheetpath names="/" tstamps="/"/>
      <tstamp>62DB474F</tstamp>
    </comp>
    <comp ref="R5">
      <value>47k</value>
      <footprint>Resistor_SMD:R_0805_2012Metric_Pad1.15x1.40mm_HandSolder</footprint>
      <datasheet>~</datasheet>
      <libsource lib="Device" part="R" description="Resistor"/>
      <sheetpath names="/" tstamps="/"/>
      <tstamp>6310B759</tstamp>
    </comp>
    <comp ref="R2">
      <value>47k</value>
      <footprint>Resistor_SMD:R_0805_2012Metric_Pad1.15x1.40mm_HandSolder</footprint>
      <datasheet>~</datasheet>
      <libsource lib="Device" part="R" description="Resistor"/>
      <sheetpath names="/" tstamps="/"/>
      <tstamp>6310C98E</tstamp>
    </comp>
    <comp ref="C4">
      <value>4u7</value>
      <footprint>Capacitor_THT:C_Rect_L7.2mm_W7.2mm_P5.00mm_FKS2_FKP2_MKS2_MKP2</footprint>
      <datasheet>~</datasheet>
      <libsource lib="Device" part="C" description="Unpolarized capacitor"/>
      <sheetpath names="/" tstamps="/"/>
      <tstamp>6310E1BA</tstamp>
    </comp>
    <comp ref="U5">
      <value>TL072</value>
      <footprint>Package_SO:SOIC-8_3.9x4.9mm_P1.27mm</footprint>
      <datasheet>http://www.ti.com/lit/ds/symlink/tl071.pdf</datasheet>
      <libsource lib="Amplifier_Operational" part="TL072" description="Dual Low-Noise JFET-Input Operational Amplifiers, DIP-8/SOIC-8"/>
      <sheetpath names="/" tstamps="/"/>
      <tstamp>6310FBE4</tstamp>
    </comp>
    <comp ref="R14">
      <value>47k</value>
      <footprint>Resistor_SMD:R_0805_2012Metric_Pad1.15x1.40mm_HandSolder</footprint>
      <datasheet>~</datasheet>
      <libsource lib="Device" part="R" description="Resistor"/>
      <sheetpath names="/" tstamps="/"/>
      <tstamp>63148B81</tstamp>
    </comp>
    <comp ref="U6">
      <value>TL072</value>
      <footprint>Package_SO:SOIC-8_3.9x4.9mm_P1.27mm</footprint>
      <datasheet>http://www.ti.com/lit/ds/symlink/tl071.pdf</datasheet>
      <libsource lib="Amplifier_Operational" part="TL072" description="Dual Low-Noise JFET-Input Operational Amplifiers, DIP-8/SOIC-8"/>
      <sheetpath names="/" tstamps="/"/>
      <tstamp>6314B059</tstamp>
    </comp>
    <comp ref="R6">
      <value>330R</value>
      <footprint>Resistor_SMD:R_0805_2012Metric_Pad1.15x1.40mm_HandSolder</footprint>
      <datasheet>~</datasheet>
      <libsource lib="Device" part="R" description="Resistor"/>
      <sheetpath names="/" tstamps="/"/>
      <tstamp>631509C6</tstamp>
    </comp>
    <comp ref="C5">
      <value>4u7</value>
      <footprint>Capacitor_THT:C_Rect_L7.2mm_W7.2mm_P5.00mm_FKS2_FKP2_MKS2_MKP2</footprint>
      <datasheet>~</datasheet>
      <libsource lib="Device" part="C" description="Unpolarized capacitor"/>
      <sheetpath names="/" tstamps="/"/>
      <tstamp>63348EE4</tstamp>
    </comp>
    <comp ref="R15">
      <value>47k</value>
      <footprint>Resistor_SMD:R_0805_2012Metric_Pad1.15x1.40mm_HandSolder</footprint>
      <datasheet>~</datasheet>
      <libsource lib="Device" part="R" description="Resistor"/>
      <sheetpath names="/" tstamps="/"/>
      <tstamp>63348EF8</tstamp>
    </comp>
    <comp ref="R7">
      <value>330R</value>
      <footprint>Resistor_SMD:R_0805_2012Metric_Pad1.15x1.40mm_HandSolder</footprint>
      <datasheet>~</datasheet>
      <libsource lib="Device" part="R" description="Resistor"/>
      <sheetpath names="/" tstamps="/"/>
      <tstamp>63348F16</tstamp>
    </comp>
    <comp ref="J16">
      <value>POWER</value>
      <footprint>TerminalBlock_TE-Connectivity:TerminalBlock_TE_282834-4_1x04_P2.54mm_Horizontal</footprint>
      <datasheet>~</datasheet>
      <libsource lib="Connector" part="Conn_01x04_Male" description="Generic connector, single row, 01x04, script generated (kicad-library-utils/schlib/autogen/connector/)"/>
      <sheetpath names="/" tstamps="/"/>
      <tstamp>640266E0</tstamp>
    </comp>
    <comp ref="FB1">
      <value>Ferrite_Bead_Small</value>
      <footprint>Inductor_THT:L_Axial_L5.0mm_D3.6mm_P10.00mm_Horizontal_Murata_BL01RN1A2A2</footprint>
      <datasheet>~</datasheet>
      <libsource lib="Device" part="Ferrite_Bead_Small" description="Ferrite bead, small symbol"/>
      <sheetpath names="/" tstamps="/"/>
      <tstamp>64028D76</tstamp>
    </comp>
    <comp ref="FB2">
      <value>Ferrite_Bead_Small</value>
      <footprint>Inductor_THT:L_Axial_L5.0mm_D3.6mm_P10.00mm_Horizontal_Murata_BL01RN1A2A2</footprint>
      <datasheet>~</datasheet>
      <libsource lib="Device" part="Ferrite_Bead_Small" description="Ferrite bead, small symbol"/>
      <sheetpath names="/" tstamps="/"/>
      <tstamp>6402969D</tstamp>
    </comp>
    <comp ref="BP14">
      <value>10u</value>
      <footprint>Capacitor_THT:CP_Radial_D6.3mm_P2.50mm</footprint>
      <datasheet>~</datasheet>
      <libsource lib="Device" part="CP" description="Polarized capacitor"/>
      <sheetpath names="/" tstamps="/"/>
      <tstamp>6402B1F4</tstamp>
    </comp>
    <comp ref="BP15">
      <value>10u</value>
      <footprint>Capacitor_THT:CP_Radial_D6.3mm_P2.50mm</footprint>
      <datasheet>~</datasheet>
      <libsource lib="Device" part="CP" description="Polarized capacitor"/>
      <sheetpath names="/" tstamps="/"/>
      <tstamp>6402B7F7</tstamp>
    </comp>
    <comp ref="BP12">
      <value>100n</value>
      <footprint>Capacitor_SMD:C_0805_2012Metric_Pad1.15x1.40mm_HandSolder</footprint>
      <datasheet>~</datasheet>
      <libsource lib="Device" part="C" description="Unpolarized capacitor"/>
      <sheetpath names="/" tstamps="/"/>
      <tstamp>642289D9</tstamp>
    </comp>
    <comp ref="BP13">
      <value>100n</value>
      <footprint>Capacitor_SMD:C_0805_2012Metric_Pad1.15x1.40mm_HandSolder</footprint>
      <datasheet>~</datasheet>
      <libsource lib="Device" part="C" description="Unpolarized capacitor"/>
      <sheetpath names="/" tstamps="/"/>
      <tstamp>64228C90</tstamp>
    </comp>
    <comp ref="BP11">
      <value>100n</value>
      <footprint>Capacitor_SMD:C_0805_2012Metric_Pad1.15x1.40mm_HandSolder</footprint>
      <datasheet>~</datasheet>
      <libsource lib="Device" part="C" description="Unpolarized capacitor"/>
      <sheetpath names="/" tstamps="/"/>
      <tstamp>6435AB05</tstamp>
    </comp>
    <comp ref="BP10">
      <value>100n</value>
      <footprint>Capacitor_SMD:C_0805_2012Metric_Pad1.15x1.40mm_HandSolder</footprint>
      <datasheet>~</datasheet>
      <libsource lib="Device" part="C" description="Unpolarized capacitor"/>
      <sheetpath names="/" tstamps="/"/>
      <tstamp>6452CB82</tstamp>
    </comp>
    <comp ref="BP9">
      <value>100n</value>
      <footprint>Capacitor_SMD:C_0805_2012Metric_Pad1.15x1.40mm_HandSolder</footprint>
      <datasheet>~</datasheet>
      <libsource lib="Device" part="C" description="Unpolarized capacitor"/>
      <sheetpath names="/" tstamps="/"/>
      <tstamp>647ADC62</tstamp>
    </comp>
    <comp ref="BP8">
      <value>100n</value>
      <footprint>Capacitor_SMD:C_0805_2012Metric_Pad1.15x1.40mm_HandSolder</footprint>
      <datasheet>~</datasheet>
      <libsource lib="Device" part="C" description="Unpolarized capacitor"/>
      <sheetpath names="/" tstamps="/"/>
      <tstamp>647ADC86</tstamp>
    </comp>
    <comp ref="BP7">
      <value>100n</value>
      <footprint>Capacitor_SMD:C_0805_2012Metric_Pad1.15x1.40mm_HandSolder</footprint>
      <datasheet>~</datasheet>
      <libsource lib="Device" part="C" description="Unpolarized capacitor"/>
      <sheetpath names="/" tstamps="/"/>
      <tstamp>648B74EE</tstamp>
    </comp>
    <comp ref="BP6">
      <value>100n</value>
      <footprint>Capacitor_SMD:C_0805_2012Metric_Pad1.15x1.40mm_HandSolder</footprint>
      <datasheet>~</datasheet>
      <libsource lib="Device" part="C" description="Unpolarized capacitor"/>
      <sheetpath names="/" tstamps="/"/>
      <tstamp>648B7512</tstamp>
    </comp>
    <comp ref="BP5">
      <value>100n</value>
      <footprint>Capacitor_SMD:C_0805_2012Metric_Pad1.15x1.40mm_HandSolder</footprint>
      <datasheet>~</datasheet>
      <libsource lib="Device" part="C" description="Unpolarized capacitor"/>
      <sheetpath names="/" tstamps="/"/>
      <tstamp>648B7543</tstamp>
    </comp>
    <comp ref="BP4">
      <value>100n</value>
      <footprint>Capacitor_SMD:C_0805_2012Metric_Pad1.15x1.40mm_HandSolder</footprint>
      <datasheet>~</datasheet>
      <libsource lib="Device" part="C" description="Unpolarized capacitor"/>
      <sheetpath names="/" tstamps="/"/>
      <tstamp>648B7567</tstamp>
    </comp>
    <comp ref="BP3">
      <value>100n</value>
      <footprint>Capacitor_SMD:C_0805_2012Metric_Pad1.15x1.40mm_HandSolder</footprint>
      <datasheet>~</datasheet>
      <libsource lib="Device" part="C" description="Unpolarized capacitor"/>
      <sheetpath names="/" tstamps="/"/>
      <tstamp>64A863CF</tstamp>
    </comp>
    <comp ref="BP2">
      <value>100n</value>
      <footprint>Capacitor_SMD:C_0805_2012Metric_Pad1.15x1.40mm_HandSolder</footprint>
      <datasheet>~</datasheet>
      <libsource lib="Device" part="C" description="Unpolarized capacitor"/>
      <sheetpath names="/" tstamps="/"/>
      <tstamp>64A863F3</tstamp>
    </comp>
    <comp ref="J8">
      <value>0V</value>
      <footprint>Footprints2:PAD</footprint>
      <datasheet>~</datasheet>
      <libsource lib="Connector" part="Conn_01x01_Female" description="Generic connector, single row, 01x01, script generated (kicad-library-utils/schlib/autogen/connector/)"/>
      <sheetpath names="/" tstamps="/"/>
      <tstamp>65516DCE</tstamp>
    </comp>
    <comp ref="J11">
      <value>0V</value>
      <footprint>Footprints2:PAD</footprint>
      <datasheet>~</datasheet>
      <libsource lib="Connector" part="Conn_01x01_Female" description="Generic connector, single row, 01x01, script generated (kicad-library-utils/schlib/autogen/connector/)"/>
      <sheetpath names="/" tstamps="/"/>
      <tstamp>65517E5B</tstamp>
    </comp>
    <comp ref="J9">
      <value>0V</value>
      <footprint>Footprints2:PAD</footprint>
      <datasheet>~</datasheet>
      <libsource lib="Connector" part="Conn_01x01_Female" description="Generic connector, single row, 01x01, script generated (kicad-library-utils/schlib/autogen/connector/)"/>
      <sheetpath names="/" tstamps="/"/>
      <tstamp>655183FE</tstamp>
    </comp>
    <comp ref="J12">
      <value>0V</value>
      <footprint>Footprints2:PAD</footprint>
      <datasheet>~</datasheet>
      <libsource lib="Connector" part="Conn_01x01_Female" description="Generic connector, single row, 01x01, script generated (kicad-library-utils/schlib/autogen/connector/)"/>
      <sheetpath names="/" tstamps="/"/>
      <tstamp>65518A2B</tstamp>
    </comp>
    <comp ref="R4">
      <value>100k</value>
      <footprint>Resistor_SMD:R_0805_2012Metric_Pad1.15x1.40mm_HandSolder</footprint>
      <datasheet>~</datasheet>
      <libsource lib="Device" part="R" description="Resistor"/>
      <sheetpath names="/" tstamps="/"/>
      <tstamp>657FB144</tstamp>
    </comp>
    <comp ref="R3">
      <value>100k</value>
      <footprint>Resistor_SMD:R_0805_2012Metric_Pad1.15x1.40mm_HandSolder</footprint>
      <datasheet>~</datasheet>
      <libsource lib="Device" part="R" description="Resistor"/>
      <sheetpath names="/" tstamps="/"/>
      <tstamp>659542A4</tstamp>
    </comp>
    <comp ref="J18">
      <value>0V</value>
      <footprint>Footprints2:PAD</footprint>
      <datasheet>~</datasheet>
      <libsource lib="Connector" part="Conn_01x01_Female" description="Generic connector, single row, 01x01, script generated (kicad-library-utils/schlib/autogen/connector/)"/>
      <sheetpath names="/" tstamps="/"/>
      <tstamp>6640125C</tstamp>
    </comp>
    <comp ref="J2">
      <value>IN2</value>
      <footprint>Footprints2:BananaFoFanna4</footprint>
      <datasheet>~</datasheet>
      <libsource lib="Connector" part="Conn_01x01_Female" description="Generic connector, single row, 01x01, script generated (kicad-library-utils/schlib/autogen/connector/)"/>
      <sheetpath names="/" tstamps="/"/>
      <tstamp>61D9D6A1</tstamp>
    </comp>
    <comp ref="J3">
      <value>IN1</value>
      <footprint>Footprints2:BananaFoFanna4</footprint>
      <datasheet>~</datasheet>
      <libsource lib="Connector" part="Conn_01x01_Female" description="Generic connector, single row, 01x01, script generated (kicad-library-utils/schlib/autogen/connector/)"/>
      <sheetpath names="/" tstamps="/"/>
      <tstamp>61D9E6B3</tstamp>
    </comp>
    <comp ref="JP1">
      <value>Jumper_3_Open</value>
      <footprint>Connector_PinHeader_2.54mm:PinHeader_1x03_P2.54mm_Vertical</footprint>
      <datasheet>~</datasheet>
      <libsource lib="Jumper" part="Jumper_3_Open" description="Jumper, 3-pole, both open"/>
      <sheetpath names="/" tstamps="/"/>
      <tstamp>6317C715</tstamp>
    </comp>
    <comp ref="J4">
      <value>OUT</value>
      <footprint>Footprints2:BananaFoFanna4</footprint>
      <datasheet>~</datasheet>
      <libsource lib="Connector" part="Conn_01x01_Female" description="Generic connector, single row, 01x01, script generated (kicad-library-utils/schlib/autogen/connector/)"/>
      <sheetpath names="/" tstamps="/"/>
      <tstamp>61DA0FD8</tstamp>
    </comp>
    <comp ref="J7">
      <value>1A</value>
      <footprint>Connector_PinSocket_2.54mm:PinSocket_1x04_P2.54mm_Vertical</footprint>
      <datasheet>~</datasheet>
      <libsource lib="Connector" part="Conn_01x04_Female" description="Generic connector, single row, 01x04, script generated (kicad-library-utils/schlib/autogen/connector/)"/>
      <sheetpath names="/" tstamps="/"/>
      <tstamp>63A00059</tstamp>
    </comp>
    <comp ref="J1">
      <value>1B</value>
      <footprint>Connector_PinHeader_2.54mm:PinHeader_1x04_P2.54mm_Vertical</footprint>
      <datasheet>~</datasheet>
      <libsource lib="Connector" part="Conn_01x04_Male" description="Generic connector, single row, 01x04, script generated (kicad-library-utils/schlib/autogen/connector/)"/>
      <sheetpath names="/" tstamps="/"/>
      <tstamp>63EED176</tstamp>
    </comp>
    <comp ref="J17">
      <value>4B</value>
      <footprint>Connector_PinHeader_2.54mm:PinHeader_1x04_P2.54mm_Vertical</footprint>
      <datasheet>~</datasheet>
      <libsource lib="Connector" part="Conn_01x04_Male" description="Generic connector, single row, 01x04, script generated (kicad-library-utils/schlib/autogen/connector/)"/>
      <sheetpath names="/" tstamps="/"/>
      <tstamp>63F63C7E</tstamp>
    </comp>
    <comp ref="BP1">
      <value>100n</value>
      <footprint>Capacitor_SMD:C_0805_2012Metric_Pad1.15x1.40mm_HandSolder</footprint>
      <datasheet>~</datasheet>
      <libsource lib="Device" part="C" description="Unpolarized capacitor"/>
      <sheetpath names="/" tstamps="/"/>
      <tstamp>64A86424</tstamp>
    </comp>
    <comp ref="J19">
      <value>4A</value>
      <footprint>Connector_PinSocket_2.54mm:PinSocket_1x04_P2.54mm_Vertical</footprint>
      <datasheet>~</datasheet>
      <libsource lib="Connector" part="Conn_01x04_Female" description="Generic connector, single row, 01x04, script generated (kicad-library-utils/schlib/autogen/connector/)"/>
      <sheetpath names="/" tstamps="/"/>
      <tstamp>64199B4A</tstamp>
    </comp>
    <comp ref="BP16">
      <value>100n</value>
      <footprint>Capacitor_SMD:C_0805_2012Metric_Pad1.15x1.40mm_HandSolder</footprint>
      <datasheet>~</datasheet>
      <libsource lib="Device" part="C" description="Unpolarized capacitor"/>
      <sheetpath names="/" tstamps="/"/>
      <tstamp>6420CCED</tstamp>
    </comp>
  </components>
  <libparts>
    <libpart lib="Amplifier_Operational" part="LM2904">
      <aliases>
        <alias>LM358</alias>
        <alias>AD8620</alias>
        <alias>LMC6062</alias>
        <alias>LMC6082</alias>
        <alias>TL062</alias>
        <alias>TL072</alias>
        <alias>TL082</alias>
        <alias>NE5532</alias>
        <alias>SA5532</alias>
        <alias>RC4558</alias>
        <alias>RC4560</alias>
        <alias>RC4580</alias>
        <alias>LMV358</alias>
        <alias>TS912</alias>
        <alias>TSV912IDT</alias>
        <alias>TSV912IST</alias>
        <alias>TLC272</alias>
        <alias>TLC277</alias>
        <alias>MCP602</alias>
        <alias>OPA2134</alias>
        <alias>OPA2340</alias>
        <alias>OPA2376xxD</alias>
        <alias>OPA2376xxDGK</alias>
        <alias>MC33078</alias>
        <alias>MC33178</alias>
        <alias>LM4562</alias>
        <alias>OP249</alias>
        <alias>OP275</alias>
        <alias>ADA4075-2</alias>
        <alias>MCP6002-xP</alias>
        <alias>MCP6002-xSN</alias>
        <alias>MCP6002-xMS</alias>
        <alias>LM7332</alias>
        <alias>OPA2333xxD</alias>
        <alias>OPA2333xxDGK</alias>
        <alias>LMC6482</alias>
        <alias>LT1492</alias>
        <alias>LTC6081xMS8</alias>
        <alias>LM6172</alias>
        <alias>MCP6L92</alias>
        <alias>NJM2043</alias>
        <alias>NJM2114</alias>
        <alias>NJM4556A</alias>
        <alias>NJM4558</alias>
        <alias>NJM4559</alias>
        <alias>NJM4560</alias>
        <alias>NJM4580</alias>
        <alias>NJM5532</alias>
        <alias>ADA4807-2ARM</alias>
        <alias>OPA2691</alias>
        <alias>LT6234</alias>
        <alias>OPA2356xxD</alias>
        <alias>OPA2356xxDGK</alias>
        <alias>OPA1612AxD</alias>
        <alias>MC33172</alias>
        <alias>OPA1602</alias>
        <alias>TLV2372</alias>
        <alias>LT6237</alias>
      </aliases>
      <description>Dual Operational Amplifiers, DIP-8/SOIC-8/TSSOP-8/VSSOP-8</description>
      <docs>http://www.ti.com/lit/ds/symlink/lm358.pdf</docs>
      <footprints>
        <fp>SOIC*3.9x4.9mm*P1.27mm*</fp>
        <fp>DIP*W7.62mm*</fp>
        <fp>TO*99*</fp>
        <fp>OnSemi*Micro8*</fp>
        <fp>TSSOP*3x3mm*P0.65mm*</fp>
        <fp>TSSOP*4.4x3mm*P0.65mm*</fp>
        <fp>MSOP*3x3mm*P0.65mm*</fp>
        <fp>SSOP*3.9x4.9mm*P0.635mm*</fp>
        <fp>LFCSP*2x2mm*P0.5mm*</fp>
        <fp>*SIP*</fp>
        <fp>SOIC*5.3x6.2mm*P1.27mm*</fp>
      </footprints>
      <fields>
        <field name="Reference">U</field>
        <field name="Value">LM2904</field>
      </fields>
      <pins>
        <pin num="1" name="~" type="output"/>
        <pin num="2" name="-" type="input"/>
        <pin num="3" name="+" type="input"/>
        <pin num="4" name="V-" type="power_in"/>
        <pin num="5" name="+" type="input"/>
        <pin num="6" name="-" type="input"/>
        <pin num="7" name="~" type="output"/>
        <pin num="8" name="V+" type="power_in"/>
      </pins>
    </libpart>
    <libpart lib="Connector" part="Conn_01x01_Female">
      <description>Generic connector, single row, 01x01, script generated (kicad-library-utils/schlib/autogen/connector/)</description>
      <docs>~</docs>
      <footprints>
        <fp>Connector*:*</fp>
      </footprints>
      <fields>
        <field name="Reference">J</field>
        <field name="Value">Conn_01x01_Female</field>
      </fields>
      <pins>
        <pin num="1" name="Pin_1" type="passive"/>
      </pins>
    </libpart>
    <libpart lib="Connector" part="Conn_01x04_Female">
      <description>Generic connector, single row, 01x04, script generated (kicad-library-utils/schlib/autogen/connector/)</description>
      <docs>~</docs>
      <footprints>
        <fp>Connector*:*_1x??_*</fp>
      </footprints>
      <fields>
        <field name="Reference">J</field>
        <field name="Value">Conn_01x04_Female</field>
      </fields>
      <pins>
        <pin num="1" name="Pin_1" type="passive"/>
        <pin num="2" name="Pin_2" type="passive"/>
        <pin num="3" name="Pin_3" type="passive"/>
        <pin num="4" name="Pin_4" type="passive"/>
      </pins>
    </libpart>
    <libpart lib="Connector" part="Conn_01x04_Male">
      <description>Generic connector, single row, 01x04, script generated (kicad-library-utils/schlib/autogen/connector/)</description>
      <docs>~</docs>
      <footprints>
        <fp>Connector*:*_1x??_*</fp>
      </footprints>
      <fields>
        <field name="Reference">J</field>
        <field name="Value">Conn_01x04_Male</field>
      </fields>
      <pins>
        <pin num="1" name="Pin_1" type="passive"/>
        <pin num="2" name="Pin_2" type="passive"/>
        <pin num="3" name="Pin_3" type="passive"/>
        <pin num="4" name="Pin_4" type="passive"/>
      </pins>
    </libpart>
    <libpart lib="Connector" part="Conn_01x06_Female">
      <description>Generic connector, single row, 01x06, script generated (kicad-library-utils/schlib/autogen/connector/)</description>
      <docs>~</docs>
      <footprints>
        <fp>Connector*:*_1x??_*</fp>
      </footprints>
      <fields>
        <field name="Reference">J</field>
        <field name="Value">Conn_01x06_Female</field>
      </fields>
      <pins>
        <pin num="1" name="Pin_1" type="passive"/>
        <pin num="2" name="Pin_2" type="passive"/>
        <pin num="3" name="Pin_3" type="passive"/>
        <pin num="4" name="Pin_4" type="passive"/>
        <pin num="5" name="Pin_5" type="passive"/>
        <pin num="6" name="Pin_6" type="passive"/>
      </pins>
    </libpart>
    <libpart lib="Connector" part="Conn_01x06_Male">
      <description>Generic connector, single row, 01x06, script generated (kicad-library-utils/schlib/autogen/connector/)</description>
      <docs>~</docs>
      <footprints>
        <fp>Connector*:*_1x??_*</fp>
      </footprints>
      <fields>
        <field name="Reference">J</field>
        <field name="Value">Conn_01x06_Male</field>
      </fields>
      <pins>
        <pin num="1" name="Pin_1" type="passive"/>
        <pin num="2" name="Pin_2" type="passive"/>
        <pin num="3" name="Pin_3" type="passive"/>
        <pin num="4" name="Pin_4" type="passive"/>
        <pin num="5" name="Pin_5" type="passive"/>
        <pin num="6" name="Pin_6" type="passive"/>
      </pins>
    </libpart>
    <libpart lib="Device" part="C">
      <description>Unpolarized capacitor</description>
      <docs>~</docs>
      <footprints>
        <fp>C_*</fp>
      </footprints>
      <fields>
        <field name="Reference">C</field>
        <field name="Value">C</field>
      </fields>
      <pins>
        <pin num="1" name="~" type="passive"/>
        <pin num="2" name="~" type="passive"/>
      </pins>
    </libpart>
    <libpart lib="Device" part="CP">
      <description>Polarized capacitor</description>
      <docs>~</docs>
      <footprints>
        <fp>CP_*</fp>
      </footprints>
      <fields>
        <field name="Reference">C</field>
        <field name="Value">CP</field>
      </fields>
      <pins>
        <pin num="1" name="~" type="passive"/>
        <pin num="2" name="~" type="passive"/>
      </pins>
    </libpart>
    <libpart lib="Device" part="Ferrite_Bead_Small">
      <description>Ferrite bead, small symbol</description>
      <docs>~</docs>
      <footprints>
        <fp>Inductor_*</fp>
        <fp>L_*</fp>
        <fp>*Ferrite*</fp>
      </footprints>
      <fields>
        <field name="Reference">FB</field>
        <field name="Value">Ferrite_Bead_Small</field>
      </fields>
      <pins>
        <pin num="1" name="~" type="passive"/>
        <pin num="2" name="~" type="passive"/>
      </pins>
    </libpart>
    <libpart lib="Device" part="R">
      <description>Resistor</description>
      <docs>~</docs>
      <footprints>
        <fp>R_*</fp>
      </footprints>
      <fields>
        <field name="Reference">R</field>
        <field name="Value">R</field>
      </fields>
      <pins>
        <pin num="1" name="~" type="passive"/>
        <pin num="2" name="~" type="passive"/>
      </pins>
    </libpart>
    <libpart lib="Device" part="R_POT">
      <description>Potentiometer</description>
      <docs>~</docs>
      <footprints>
        <fp>Potentiometer*</fp>
      </footprints>
      <fields>
        <field name="Reference">RV</field>
        <field name="Value">R_POT</field>
      </fields>
      <pins>
        <pin num="1" name="1" type="passive"/>
        <pin num="2" name="2" type="passive"/>
        <pin num="3" name="3" type="passive"/>
      </pins>
    </libpart>
    <libpart lib="Jumper" part="Jumper_3_Open">
      <description>Jumper, 3-pole, both open</description>
      <docs>~</docs>
      <footprints>
        <fp>SolderJumper*Open*</fp>
      </footprints>
      <fields>
        <field name="Reference">JP</field>
        <field name="Value">Jumper_3_Open</field>
      </fields>
      <pins>
        <pin num="1" name="A" type="passive"/>
        <pin num="2" name="C" type="input"/>
        <pin num="3" name="B" type="passive"/>
      </pins>
    </libpart>
  </libparts>
  <libraries>
    <library logical="Amplifier_Operational">
      <uri>/Library/Application Support/kicad/library/Amplifier_Operational.lib</uri>
    </library>
    <library logical="Connector">
      <uri>/Library/Application Support/kicad/library/Connector.lib</uri>
    </library>
    <library logical="Device">
      <uri>/Library/Application Support/kicad/library/Device.lib</uri>
    </library>
    <library logical="Jumper">
      <uri>/Library/Application Support/kicad/library/Jumper.lib</uri>
    </library>
  </libraries>
  <nets>
    <net code="1" name="Net-(R1-Pad1)">
      <node ref="R1" pin="1"/>
      <node ref="U11" pin="7"/>
      <node ref="R8" pin="2"/>
    </net>
    <net code="2" name="Net-(J7-Pad1)">
      <node ref="R10" pin="1"/>
      <node ref="J7" pin="1"/>
      <node ref="R12" pin="1"/>
    </net>
    <net code="3" name="Net-(R16-Pad1)">
      <node ref="R16" pin="1"/>
      <node ref="R17" pin="1"/>
      <node ref="U1" pin="3"/>
    </net>
    <net code="4" name="GND">
      <node ref="J17" pin="3"/>
      <node ref="J17" pin="2"/>
      <node ref="R38" pin="2"/>
      <node ref="R30" pin="2"/>
      <node ref="R22" pin="2"/>
      <node ref="C18" pin="2"/>
      <node ref="R46" pin="2"/>
      <node ref="U2" pin="3"/>
      <node ref="U3" pin="3"/>
      <node ref="U4" pin="3"/>
      <node ref="R57" pin="2"/>
      <node ref="C24" pin="2"/>
      <node ref="U7" pin="5"/>
      <node ref="R20" pin="2"/>
      <node ref="U1" pin="5"/>
      <node ref="U7" pin="3"/>
      <node ref="U5" pin="5"/>
      <node ref="U5" pin="3"/>
      <node ref="J16" pin="2"/>
      <node ref="J16" pin="3"/>
      <node ref="BP14" pin="2"/>
      <node ref="R28" pin="2"/>
      <node ref="BP15" pin="1"/>
      <node ref="U2" pin="5"/>
      <node ref="BP12" pin="2"/>
      <node ref="BP13" pin="1"/>
      <node ref="R36" pin="2"/>
      <node ref="U3" pin="5"/>
      <node ref="R44" pin="2"/>
      <node ref="U4" pin="5"/>
      <node ref="R17" pin="2"/>
      <node ref="R53" pin="2"/>
      <node ref="C22" pin="2"/>
    </net>
    <net code="5" name="Net-(C2-Pad1)">
      <node ref="R12" pin="2"/>
      <node ref="C2" pin="1"/>
      <node ref="U11" pin="1"/>
    </net>
    <net code="6" name="Net-(J10-Pad3)">
      <node ref="RV3" pin="2"/>
      <node ref="J10" pin="3"/>
    </net>
    <net code="7" name="Net-(J10-Pad4)">
      <node ref="RV4" pin="2"/>
      <node ref="J10" pin="4"/>
    </net>
    <net code="8" name="Net-(J10-Pad5)">
      <node ref="RV5" pin="2"/>
      <node ref="J10" pin="5"/>
    </net>
    <net code="9" name="Net-(J10-Pad6)">
      <node ref="RV6" pin="2"/>
      <node ref="J10" pin="6"/>
    </net>
    <net code="10" name="Net-(J15-Pad1)">
      <node ref="J15" pin="1"/>
      <node ref="RV7" pin="2"/>
    </net>
    <net code="11" name="Net-(J15-Pad2)">
      <node ref="J15" pin="2"/>
      <node ref="RV8" pin="2"/>
    </net>
    <net code="12" name="Net-(J15-Pad3)">
      <node ref="RV9" pin="2"/>
      <node ref="J15" pin="3"/>
    </net>
    <net code="13" name="Net-(J15-Pad4)">
      <node ref="RV10" pin="2"/>
      <node ref="J15" pin="4"/>
    </net>
    <net code="14" name="Net-(J10-Pad2)">
      <node ref="RV2" pin="2"/>
      <node ref="J10" pin="2"/>
    </net>
    <net code="15" name="Net-(J10-Pad1)">
      <node ref="RV6" pin="3"/>
      <node ref="RV10" pin="3"/>
      <node ref="J10" pin="1"/>
      <node ref="RV9" pin="3"/>
      <node ref="RV7" pin="3"/>
      <node ref="RV11" pin="3"/>
      <node ref="RV5" pin="3"/>
      <node ref="RV4" pin="3"/>
      <node ref="RV8" pin="3"/>
      <node ref="RV3" pin="3"/>
      <node ref="RV2" pin="3"/>
    </net>
    <net code="16" name="Net-(J15-Pad5)">
      <node ref="RV11" pin="2"/>
      <node ref="J15" pin="5"/>
    </net>
    <net code="17" name="Net-(J15-Pad6)">
      <node ref="RV8" pin="1"/>
      <node ref="RV9" pin="1"/>
      <node ref="RV7" pin="1"/>
      <node ref="RV6" pin="1"/>
      <node ref="J15" pin="6"/>
      <node ref="RV10" pin="1"/>
      <node ref="RV5" pin="1"/>
      <node ref="RV4" pin="1"/>
      <node ref="RV3" pin="1"/>
      <node ref="RV2" pin="1"/>
      <node ref="RV11" pin="1"/>
    </net>
    <net code="18" name="Net-(J5-Pad1)">
      <node ref="J5" pin="1"/>
      <node ref="J7" pin="3"/>
    </net>
    <net code="19" name="Net-(JP1-Pad2)">
      <node ref="JP1" pin="2"/>
      <node ref="RV1" pin="1"/>
    </net>
    <net code="20" name="Net-(R54-Pad1)">
      <node ref="U8" pin="5"/>
      <node ref="R54" pin="1"/>
      <node ref="U8" pin="1"/>
      <node ref="R55" pin="1"/>
    </net>
    <net code="21" name="Net-(C22-Pad1)">
      <node ref="C22" pin="1"/>
      <node ref="R53" pin="1"/>
      <node ref="R55" pin="2"/>
      <node ref="U8" pin="3"/>
    </net>
    <net code="22" name="Net-(C23-Pad1)">
      <node ref="R52" pin="1"/>
      <node ref="C23" pin="1"/>
    </net>
    <net code="23" name="Net-(R52-Pad2)">
      <node ref="U8" pin="2"/>
      <node ref="R54" pin="2"/>
      <node ref="R52" pin="2"/>
    </net>
    <net code="24" name="Net-(C20-Pad1)">
      <node ref="R50" pin="1"/>
      <node ref="R51" pin="2"/>
      <node ref="U4" pin="7"/>
      <node ref="C20" pin="1"/>
    </net>
    <net code="25" name="Net-(C20-Pad2)">
      <node ref="R43" pin="2"/>
      <node ref="C20" pin="2"/>
      <node ref="C21" pin="2"/>
      <node ref="R44" pin="1"/>
    </net>
    <net code="26" name="Net-(C21-Pad1)">
      <node ref="R50" pin="2"/>
      <node ref="U4" pin="6"/>
      <node ref="C21" pin="1"/>
    </net>
    <net code="27" name="Net-(J13-Pad5)">
      <node ref="J13" pin="5"/>
      <node ref="R43" pin="1"/>
    </net>
    <net code="28" name="Net-(C14-Pad1)">
      <node ref="C14" pin="1"/>
      <node ref="U3" pin="7"/>
      <node ref="R39" pin="1"/>
      <node ref="R41" pin="2"/>
    </net>
    <net code="29" name="Net-(C14-Pad2)">
      <node ref="R35" pin="2"/>
      <node ref="C14" pin="2"/>
      <node ref="C15" pin="2"/>
      <node ref="R36" pin="1"/>
    </net>
    <net code="30" name="Net-(C15-Pad1)">
      <node ref="R39" pin="2"/>
      <node ref="U3" pin="6"/>
      <node ref="C15" pin="1"/>
    </net>
    <net code="31" name="Net-(J13-Pad4)">
      <node ref="J13" pin="4"/>
      <node ref="R35" pin="1"/>
    </net>
    <net code="32" name="Net-(C10-Pad1)">
      <node ref="R31" pin="1"/>
      <node ref="R33" pin="2"/>
      <node ref="U2" pin="7"/>
      <node ref="C10" pin="1"/>
    </net>
    <net code="33" name="Net-(C10-Pad2)">
      <node ref="C10" pin="2"/>
      <node ref="C11" pin="2"/>
      <node ref="R27" pin="2"/>
      <node ref="R28" pin="1"/>
    </net>
    <net code="34" name="Net-(C11-Pad1)">
      <node ref="C11" pin="1"/>
      <node ref="U2" pin="6"/>
      <node ref="R31" pin="2"/>
    </net>
    <net code="35" name="Net-(J13-Pad3)">
      <node ref="R27" pin="1"/>
      <node ref="J13" pin="3"/>
    </net>
    <net code="36" name="Net-(C6-Pad1)">
      <node ref="R25" pin="2"/>
      <node ref="R23" pin="1"/>
      <node ref="U1" pin="7"/>
      <node ref="C6" pin="1"/>
    </net>
    <net code="37" name="Net-(C6-Pad2)">
      <node ref="R20" pin="1"/>
      <node ref="C6" pin="2"/>
      <node ref="C7" pin="2"/>
      <node ref="R19" pin="2"/>
    </net>
    <net code="38" name="Net-(C7-Pad1)">
      <node ref="R23" pin="2"/>
      <node ref="U1" pin="6"/>
      <node ref="C7" pin="1"/>
    </net>
    <net code="39" name="Net-(J13-Pad1)">
      <node ref="J13" pin="1"/>
      <node ref="U1" pin="2"/>
      <node ref="U1" pin="1"/>
    </net>
    <net code="40" name="Net-(J13-Pad2)">
      <node ref="R19" pin="1"/>
      <node ref="J13" pin="2"/>
    </net>
    <net code="41" name="Net-(R59-Pad1)">
      <node ref="U10" pin="7"/>
      <node ref="R59" pin="1"/>
      <node ref="U10" pin="3"/>
      <node ref="R60" pin="1"/>
    </net>
    <net code="42" name="Net-(C24-Pad1)">
      <node ref="C24" pin="1"/>
      <node ref="R57" pin="1"/>
      <node ref="U10" pin="5"/>
      <node ref="R60" pin="2"/>
    </net>
    <net code="43" name="Net-(R56-Pad2)">
      <node ref="R59" pin="2"/>
      <node ref="U10" pin="6"/>
      <node ref="R56" pin="2"/>
    </net>
    <net code="44" name="Net-(C16-Pad1)">
      <node ref="R42" pin="2"/>
      <node ref="R40" pin="1"/>
      <node ref="U4" pin="1"/>
      <node ref="C16" pin="1"/>
    </net>
    <net code="45" name="Net-(C16-Pad2)">
      <node ref="R38" pin="1"/>
      <node ref="R37" pin="2"/>
      <node ref="C17" pin="2"/>
      <node ref="C16" pin="2"/>
    </net>
    <net code="46" name="Net-(C17-Pad1)">
      <node ref="R40" pin="2"/>
      <node ref="U4" pin="2"/>
      <node ref="C17" pin="1"/>
    </net>
    <net code="47" name="Net-(J14-Pad3)">
      <node ref="R37" pin="1"/>
      <node ref="J14" pin="3"/>
    </net>
    <net code="48" name="Net-(C12-Pad1)">
      <node ref="C12" pin="1"/>
      <node ref="R32" pin="1"/>
      <node ref="R34" pin="2"/>
      <node ref="U3" pin="1"/>
    </net>
    <net code="49" name="Net-(C12-Pad2)">
      <node ref="C12" pin="2"/>
      <node ref="C13" pin="2"/>
      <node ref="R29" pin="2"/>
      <node ref="R30" pin="1"/>
    </net>
    <net code="50" name="Net-(C13-Pad1)">
      <node ref="U3" pin="2"/>
      <node ref="C13" pin="1"/>
      <node ref="R32" pin="2"/>
    </net>
    <net code="51" name="Net-(J14-Pad2)">
      <node ref="J14" pin="2"/>
      <node ref="R29" pin="1"/>
    </net>
    <net code="52" name="Net-(C8-Pad1)">
      <node ref="C8" pin="1"/>
      <node ref="R26" pin="2"/>
      <node ref="U2" pin="1"/>
      <node ref="R24" pin="1"/>
    </net>
    <net code="53" name="Net-(C8-Pad2)">
      <node ref="C8" pin="2"/>
      <node ref="R22" pin="1"/>
      <node ref="C9" pin="2"/>
      <node ref="R21" pin="2"/>
    </net>
    <net code="54" name="Net-(C9-Pad1)">
      <node ref="R24" pin="2"/>
      <node ref="U2" pin="2"/>
      <node ref="C9" pin="1"/>
    </net>
    <net code="55" name="Net-(J14-Pad1)">
      <node ref="J14" pin="1"/>
      <node ref="R21" pin="1"/>
    </net>
    <net code="56" name="Net-(C1-Pad1)">
      <node ref="R11" pin="2"/>
      <node ref="U7" pin="1"/>
      <node ref="R9" pin="1"/>
      <node ref="C1" pin="1"/>
      <node ref="J14" pin="6"/>
    </net>
    <net code="57" name="Net-(R47-Pad1)">
      <node ref="U9" pin="5"/>
      <node ref="R48" pin="1"/>
      <node ref="U9" pin="1"/>
      <node ref="R47" pin="1"/>
    </net>
    <net code="58" name="Net-(C18-Pad1)">
      <node ref="R48" pin="2"/>
      <node ref="U9" pin="3"/>
      <node ref="R46" pin="1"/>
      <node ref="C18" pin="1"/>
    </net>
    <net code="59" name="Net-(C19-Pad1)">
      <node ref="C19" pin="1"/>
      <node ref="R45" pin="1"/>
    </net>
    <net code="60" name="Net-(R45-Pad2)">
      <node ref="R45" pin="2"/>
      <node ref="R47" pin="2"/>
      <node ref="U9" pin="2"/>
    </net>
    <net code="61" name="Net-(R49-Pad1)">
      <node ref="U9" pin="7"/>
      <node ref="U9" pin="6"/>
      <node ref="R49" pin="1"/>
    </net>
    <net code="62" name="Net-(R58-Pad1)">
      <node ref="U8" pin="7"/>
      <node ref="U8" pin="6"/>
      <node ref="R58" pin="1"/>
    </net>
    <net code="63" name="Net-(C23-Pad2)">
      <node ref="J13" pin="6"/>
      <node ref="C23" pin="2"/>
    </net>
    <net code="64" name="Net-(C19-Pad2)">
      <node ref="J14" pin="4"/>
      <node ref="C19" pin="2"/>
    </net>
    <net code="65" name="Net-(C25-Pad1)">
      <node ref="R56" pin="1"/>
      <node ref="C25" pin="1"/>
    </net>
    <net code="66" name="Net-(R61-Pad1)">
      <node ref="R61" pin="1"/>
      <node ref="U10" pin="2"/>
      <node ref="U10" pin="1"/>
    </net>
    <net code="67" name="Net-(C4-Pad1)">
      <node ref="C4" pin="1"/>
      <node ref="R61" pin="2"/>
      <node ref="R26" pin="1"/>
      <node ref="R49" pin="2"/>
      <node ref="R34" pin="1"/>
      <node ref="R42" pin="1"/>
    </net>
    <net code="68" name="Net-(C25-Pad2)">
      <node ref="C25" pin="2"/>
      <node ref="J14" pin="5"/>
    </net>
    <net code="69" name="Net-(C3-Pad1)">
      <node ref="U7" pin="7"/>
      <node ref="R18" pin="2"/>
      <node ref="C3" pin="1"/>
    </net>
    <net code="70" name="Net-(C3-Pad2)">
      <node ref="U7" pin="6"/>
      <node ref="C3" pin="2"/>
      <node ref="R13" pin="2"/>
      <node ref="R11" pin="1"/>
    </net>
    <net code="71" name="Net-(R14-Pad2)">
      <node ref="R5" pin="1"/>
      <node ref="U6" pin="5"/>
      <node ref="R14" pin="2"/>
      <node ref="U5" pin="7"/>
    </net>
    <net code="72" name="Net-(R15-Pad2)">
      <node ref="U5" pin="1"/>
      <node ref="U6" pin="3"/>
      <node ref="R15" pin="2"/>
      <node ref="R2" pin="1"/>
    </net>
    <net code="73" name="Net-(C1-Pad2)">
      <node ref="R2" pin="2"/>
      <node ref="R5" pin="2"/>
      <node ref="U7" pin="2"/>
      <node ref="C1" pin="2"/>
      <node ref="R9" pin="2"/>
    </net>
    <net code="74" name="Net-(C4-Pad2)">
      <node ref="C4" pin="2"/>
      <node ref="U5" pin="6"/>
      <node ref="R14" pin="1"/>
    </net>
    <net code="75" name="Net-(R6-Pad1)">
      <node ref="U6" pin="6"/>
      <node ref="U6" pin="7"/>
      <node ref="R6" pin="1"/>
    </net>
    <net code="76" name="Net-(C5-Pad2)">
      <node ref="U5" pin="2"/>
      <node ref="R15" pin="1"/>
      <node ref="C5" pin="2"/>
    </net>
    <net code="77" name="Net-(R7-Pad1)">
      <node ref="R7" pin="1"/>
      <node ref="U6" pin="1"/>
      <node ref="U6" pin="2"/>
    </net>
    <net code="78" name="Net-(C5-Pad1)">
      <node ref="R33" pin="1"/>
      <node ref="R25" pin="1"/>
      <node ref="C5" pin="1"/>
      <node ref="R58" pin="2"/>
      <node ref="R41" pin="1"/>
      <node ref="R51" pin="1"/>
    </net>
    <net code="79" name="Net-(FB2-Pad1)">
      <node ref="J16" pin="1"/>
      <node ref="FB2" pin="1"/>
    </net>
    <net code="80" name="Net-(FB1-Pad1)">
      <node ref="FB1" pin="1"/>
      <node ref="J16" pin="4"/>
    </net>
    <net code="81" name="Net-(R4-Pad1)">
      <node ref="RV1" pin="2"/>
      <node ref="R4" pin="1"/>
    </net>
    <net code="82" name="Net-(R1-Pad2)">
      <node ref="U11" pin="6"/>
      <node ref="R3" pin="1"/>
      <node ref="RV1" pin="3"/>
      <node ref="R1" pin="2"/>
    </net>
    <net code="83" name="Net-(J1-Pad3)">
      <node ref="J1" pin="3"/>
      <node ref="R6" pin="2"/>
    </net>
    <net code="84" name="Net-(J1-Pad4)">
      <node ref="J1" pin="4"/>
      <node ref="R13" pin="1"/>
      <node ref="R18" pin="1"/>
    </net>
    <net code="85" name="Net-(J1-Pad2)">
      <node ref="J1" pin="2"/>
      <node ref="R7" pin="2"/>
    </net>
    <net code="86" name="Net-(J2-Pad1)">
      <node ref="J2" pin="1"/>
      <node ref="R3" pin="2"/>
    </net>
    <net code="87" name="Net-(J3-Pad1)">
      <node ref="J3" pin="1"/>
      <node ref="R4" pin="2"/>
    </net>
    <net code="88" name="Net-(C2-Pad2)">
      <node ref="R8" pin="1"/>
      <node ref="C2" pin="2"/>
      <node ref="JP1" pin="1"/>
      <node ref="R10" pin="2"/>
      <node ref="U11" pin="2"/>
    </net>
    <net code="89" name="GNDREF">
      <node ref="BP16" pin="1"/>
      <node ref="J19" pin="3"/>
      <node ref="J19" pin="2"/>
      <node ref="J8" pin="1"/>
      <node ref="J11" pin="1"/>
      <node ref="J9" pin="1"/>
      <node ref="J12" pin="1"/>
      <node ref="U11" pin="5"/>
      <node ref="BP1" pin="2"/>
      <node ref="U11" pin="3"/>
      <node ref="J18" pin="1"/>
      <node ref="JP1" pin="3"/>
    </net>
    <net code="90" name="Net-(J4-Pad1)">
      <node ref="J4" pin="1"/>
      <node ref="J7" pin="4"/>
    </net>
    <net code="91" name="Net-(J6-Pad1)">
      <node ref="J6" pin="1"/>
      <node ref="J7" pin="2"/>
    </net>
    <net code="92" name="Net-(J1-Pad1)">
      <node ref="J1" pin="1"/>
      <node ref="R16" pin="2"/>
    </net>
    <net code="93" name="Net-(BP10-Pad2)">
      <node ref="FB2" pin="2"/>
      <node ref="BP15" pin="2"/>
      <node ref="BP13" pin="2"/>
      <node ref="U1" pin="4"/>
      <node ref="BP11" pin="2"/>
      <node ref="U2" pin="4"/>
      <node ref="BP10" pin="2"/>
      <node ref="U3" pin="4"/>
      <node ref="BP9" pin="2"/>
      <node ref="U4" pin="4"/>
      <node ref="BP8" pin="2"/>
      <node ref="U5" pin="4"/>
      <node ref="BP7" pin="2"/>
      <node ref="J17" pin="1"/>
      <node ref="U6" pin="4"/>
      <node ref="BP6" pin="2"/>
      <node ref="U7" pin="4"/>
      <node ref="BP5" pin="2"/>
      <node ref="U8" pin="4"/>
      <node ref="BP4" pin="2"/>
      <node ref="U9" pin="4"/>
      <node ref="BP3" pin="2"/>
      <node ref="BP2" pin="2"/>
      <node ref="U10" pin="4"/>
    </net>
    <net code="94" name="Net-(BP10-Pad1)">
      <node ref="U10" pin="8"/>
      <node ref="BP2" pin="1"/>
      <node ref="BP3" pin="1"/>
      <node ref="U9" pin="8"/>
      <node ref="U1" pin="8"/>
      <node ref="FB1" pin="2"/>
      <node ref="BP4" pin="1"/>
      <node ref="U8" pin="8"/>
      <node ref="BP5" pin="1"/>
      <node ref="U7" pin="8"/>
      <node ref="BP6" pin="1"/>
      <node ref="U6" pin="8"/>
      <node ref="BP7" pin="1"/>
      <node ref="J17" pin="4"/>
      <node ref="U5" pin="8"/>
      <node ref="BP8" pin="1"/>
      <node ref="U4" pin="8"/>
      <node ref="BP14" pin="1"/>
      <node ref="BP9" pin="1"/>
      <node ref="U3" pin="8"/>
      <node ref="BP12" pin="1"/>
      <node ref="BP11" pin="1"/>
      <node ref="BP10" pin="1"/>
      <node ref="U2" pin="8"/>
    </net>
    <net code="95" name="Net-(BP1-Pad1)">
      <node ref="J19" pin="4"/>
      <node ref="BP1" pin="1"/>
      <node ref="U11" pin="8"/>
    </net>
    <net code="96" name="Net-(BP16-Pad2)">
      <node ref="BP16" pin="2"/>
      <node ref="J19" pin="1"/>
      <node ref="U11" pin="4"/>
    </net>
  </nets>
</export>
