<?xml version="1.0" encoding="UTF-8"?>
<export version="E">
  <design>
    <source>/Users/usb/Desktop/Kicad/matrix_v6/matrix.kicad_sch</source>
    <date>Friday, May 12, 2023 at 12:00:48 PM</date>
    <tool>Eeschema (6.0.7-1)-1</tool>
    <sheet number="1" name="/" tstamps="/">
      <title_block>
        <title>matrix mixer</title>
        <company/>
        <rev>v03</rev>
        <date>2023</date>
        <source>matrix.kicad_sch</source>
        <comment number="1" value="bananas : matt hartman"/>
        <comment number="2" value=""/>
        <comment number="3" value=""/>
        <comment number="4" value=""/>
        <comment number="5" value=""/>
        <comment number="6" value=""/>
        <comment number="7" value=""/>
        <comment number="8" value=""/>
        <comment number="9" value=""/>
      </title_block>
    </sheet>
  </design>
  <components>
    <comp ref="BP1">
      <value>100n</value>
      <footprint>Capacitor_SMD:C_0805_2012Metric_Pad1.18x1.45mm_HandSolder</footprint>
      <libsource lib="Device" part="C" description="Unpolarized capacitor"/>
      <property name="Sheetname" value=""/>
      <property name="Sheetfile" value="matrix.kicad_sch"/>
      <sheetpath names="/" tstamps="/"/>
      <tstamps>fb5f5085-b03f-48bb-b37d-e73a2976087b</tstamps>
    </comp>
    <comp ref="BP2">
      <value>100n</value>
      <footprint>Capacitor_SMD:C_0805_2012Metric_Pad1.18x1.45mm_HandSolder</footprint>
      <libsource lib="Device" part="C" description="Unpolarized capacitor"/>
      <property name="Sheetname" value=""/>
      <property name="Sheetfile" value="matrix.kicad_sch"/>
      <sheetpath names="/" tstamps="/"/>
      <tstamps>00000000-0000-0000-0000-000063038b61</tstamps>
    </comp>
    <comp ref="BP3">
      <value>100n</value>
      <footprint>Capacitor_SMD:C_0805_2012Metric_Pad1.18x1.45mm_HandSolder</footprint>
      <libsource lib="Device" part="C" description="Unpolarized capacitor"/>
      <property name="Sheetname" value=""/>
      <property name="Sheetfile" value="matrix.kicad_sch"/>
      <sheetpath names="/" tstamps="/"/>
      <tstamps>00000000-0000-0000-0000-00006303cf75</tstamps>
    </comp>
    <comp ref="BP4">
      <value>100n</value>
      <footprint>Capacitor_SMD:C_0805_2012Metric_Pad1.18x1.45mm_HandSolder</footprint>
      <libsource lib="Device" part="C" description="Unpolarized capacitor"/>
      <property name="Sheetname" value=""/>
      <property name="Sheetfile" value="matrix.kicad_sch"/>
      <sheetpath names="/" tstamps="/"/>
      <tstamps>00000000-0000-0000-0000-0000630ffcac</tstamps>
    </comp>
    <comp ref="BP5">
      <value>100n</value>
      <footprint>Capacitor_SMD:C_0805_2012Metric_Pad1.18x1.45mm_HandSolder</footprint>
      <libsource lib="Device" part="C" description="Unpolarized capacitor"/>
      <property name="Sheetname" value=""/>
      <property name="Sheetfile" value="matrix.kicad_sch"/>
      <sheetpath names="/" tstamps="/"/>
      <tstamps>828dd8c6-90e1-43cd-90bf-a06a75023b22</tstamps>
    </comp>
    <comp ref="BP6">
      <value>100n</value>
      <footprint>Capacitor_SMD:C_0805_2012Metric_Pad1.18x1.45mm_HandSolder</footprint>
      <libsource lib="Device" part="C" description="Unpolarized capacitor"/>
      <property name="Sheetname" value=""/>
      <property name="Sheetfile" value="matrix.kicad_sch"/>
      <sheetpath names="/" tstamps="/"/>
      <tstamps>00000000-0000-0000-0000-00006331c08b</tstamps>
    </comp>
    <comp ref="BP7">
      <value>100n</value>
      <footprint>Capacitor_SMD:C_0805_2012Metric_Pad1.18x1.45mm_HandSolder</footprint>
      <libsource lib="Device" part="C" description="Unpolarized capacitor"/>
      <property name="Sheetname" value=""/>
      <property name="Sheetfile" value="matrix.kicad_sch"/>
      <sheetpath names="/" tstamps="/"/>
      <tstamps>00000000-0000-0000-0000-00006303d427</tstamps>
    </comp>
    <comp ref="BP8">
      <value>100n</value>
      <footprint>Capacitor_SMD:C_0805_2012Metric_Pad1.18x1.45mm_HandSolder</footprint>
      <libsource lib="Device" part="C" description="Unpolarized capacitor"/>
      <property name="Sheetname" value=""/>
      <property name="Sheetfile" value="matrix.kicad_sch"/>
      <sheetpath names="/" tstamps="/"/>
      <tstamps>00000000-0000-0000-0000-0000640fd128</tstamps>
    </comp>
    <comp ref="BP9">
      <value>100n</value>
      <footprint>Capacitor_SMD:C_0805_2012Metric_Pad1.18x1.45mm_HandSolder</footprint>
      <libsource lib="Device" part="C" description="Unpolarized capacitor"/>
      <property name="Sheetname" value=""/>
      <property name="Sheetfile" value="matrix.kicad_sch"/>
      <sheetpath names="/" tstamps="/"/>
      <tstamps>00000000-0000-0000-0000-0000640feb77</tstamps>
    </comp>
    <comp ref="BP10">
      <value>100n</value>
      <footprint>Capacitor_SMD:C_0805_2012Metric_Pad1.18x1.45mm_HandSolder</footprint>
      <libsource lib="Device" part="C" description="Unpolarized capacitor"/>
      <property name="Sheetname" value=""/>
      <property name="Sheetfile" value="matrix.kicad_sch"/>
      <sheetpath names="/" tstamps="/"/>
      <tstamps>00000000-0000-0000-0000-0000640fc757</tstamps>
    </comp>
    <comp ref="BP11">
      <value>100n</value>
      <footprint>Capacitor_SMD:C_0805_2012Metric_Pad1.18x1.45mm_HandSolder</footprint>
      <libsource lib="Device" part="C" description="Unpolarized capacitor"/>
      <property name="Sheetname" value=""/>
      <property name="Sheetfile" value="matrix.kicad_sch"/>
      <sheetpath names="/" tstamps="/"/>
      <tstamps>00000000-0000-0000-0000-0000640fef15</tstamps>
    </comp>
    <comp ref="BP12">
      <value>100n</value>
      <footprint>Capacitor_SMD:C_0805_2012Metric_Pad1.18x1.45mm_HandSolder</footprint>
      <libsource lib="Device" part="C" description="Unpolarized capacitor"/>
      <property name="Sheetname" value=""/>
      <property name="Sheetfile" value="matrix.kicad_sch"/>
      <sheetpath names="/" tstamps="/"/>
      <tstamps>c587b1bb-e066-4680-b514-708f0d7104c4</tstamps>
    </comp>
    <comp ref="BP13">
      <value>100n</value>
      <footprint>Capacitor_SMD:C_0805_2012Metric_Pad1.18x1.45mm_HandSolder</footprint>
      <libsource lib="Device" part="C" description="Unpolarized capacitor"/>
      <property name="Sheetname" value=""/>
      <property name="Sheetfile" value="matrix.kicad_sch"/>
      <sheetpath names="/" tstamps="/"/>
      <tstamps>58c17928-cfe1-44f9-9d16-b76f65d11fa5</tstamps>
    </comp>
    <comp ref="BP14">
      <value>100n</value>
      <footprint>Capacitor_SMD:C_0805_2012Metric_Pad1.18x1.45mm_HandSolder</footprint>
      <libsource lib="Device" part="C" description="Unpolarized capacitor"/>
      <property name="Sheetname" value=""/>
      <property name="Sheetfile" value="matrix.kicad_sch"/>
      <sheetpath names="/" tstamps="/"/>
      <tstamps>85e5c6b2-f335-4874-82aa-96f66684f94e</tstamps>
    </comp>
    <comp ref="BP15">
      <value>100n</value>
      <footprint>Capacitor_SMD:C_0805_2012Metric_Pad1.18x1.45mm_HandSolder</footprint>
      <libsource lib="Device" part="C" description="Unpolarized capacitor"/>
      <property name="Sheetname" value=""/>
      <property name="Sheetfile" value="matrix.kicad_sch"/>
      <sheetpath names="/" tstamps="/"/>
      <tstamps>80f2767a-69b9-4a7a-bbb9-d783f21fdde9</tstamps>
    </comp>
    <comp ref="BP16">
      <value>100n</value>
      <footprint>Capacitor_SMD:C_0805_2012Metric_Pad1.18x1.45mm_HandSolder</footprint>
      <libsource lib="Device" part="C" description="Unpolarized capacitor"/>
      <property name="Sheetname" value=""/>
      <property name="Sheetfile" value="matrix.kicad_sch"/>
      <sheetpath names="/" tstamps="/"/>
      <tstamps>ffe092d0-f7ee-4b60-9a81-98420df1b27c</tstamps>
    </comp>
    <comp ref="BP17">
      <value>100n</value>
      <footprint>Capacitor_SMD:C_0805_2012Metric_Pad1.18x1.45mm_HandSolder</footprint>
      <libsource lib="Device" part="C" description="Unpolarized capacitor"/>
      <property name="Sheetname" value=""/>
      <property name="Sheetfile" value="matrix.kicad_sch"/>
      <sheetpath names="/" tstamps="/"/>
      <tstamps>bbcd48b2-1fef-4576-83e9-43892205162d</tstamps>
    </comp>
    <comp ref="C1">
      <value>22p</value>
      <footprint>Capacitor_SMD:C_0805_2012Metric_Pad1.18x1.45mm_HandSolder</footprint>
      <libsource lib="Device" part="C" description="Unpolarized capacitor"/>
      <property name="Sheetname" value=""/>
      <property name="Sheetfile" value="matrix.kicad_sch"/>
      <sheetpath names="/" tstamps="/"/>
      <tstamps>00000000-0000-0000-0000-00006341f016</tstamps>
    </comp>
    <comp ref="C2">
      <value>22p</value>
      <footprint>Capacitor_SMD:C_0805_2012Metric_Pad1.18x1.45mm_HandSolder</footprint>
      <libsource lib="Device" part="C" description="Unpolarized capacitor"/>
      <property name="Sheetname" value=""/>
      <property name="Sheetfile" value="matrix.kicad_sch"/>
      <sheetpath names="/" tstamps="/"/>
      <tstamps>00000000-0000-0000-0000-0000634f2f9b</tstamps>
    </comp>
    <comp ref="C3">
      <value>22p</value>
      <footprint>Capacitor_SMD:C_0805_2012Metric_Pad1.18x1.45mm_HandSolder</footprint>
      <libsource lib="Device" part="C" description="Unpolarized capacitor"/>
      <property name="Sheetname" value=""/>
      <property name="Sheetfile" value="matrix.kicad_sch"/>
      <sheetpath names="/" tstamps="/"/>
      <tstamps>00000000-0000-0000-0000-000063693af1</tstamps>
    </comp>
    <comp ref="C4">
      <value>22p</value>
      <footprint>Capacitor_SMD:C_0805_2012Metric_Pad1.18x1.45mm_HandSolder</footprint>
      <libsource lib="Device" part="C" description="Unpolarized capacitor"/>
      <property name="Sheetname" value=""/>
      <property name="Sheetfile" value="matrix.kicad_sch"/>
      <sheetpath names="/" tstamps="/"/>
      <tstamps>00000000-0000-0000-0000-000063693a7b</tstamps>
    </comp>
    <comp ref="D1">
      <value>BIPOLAR</value>
      <footprint>Footprints2:LED-5MMcenter</footprint>
      <libsource lib="Device" part="LED" description="Light emitting diode"/>
      <property name="Sheetname" value=""/>
      <property name="Sheetfile" value="matrix.kicad_sch"/>
      <sheetpath names="/" tstamps="/"/>
      <tstamps>00000000-0000-0000-0000-000062f55367</tstamps>
    </comp>
    <comp ref="D2">
      <value>BIPOLAR</value>
      <footprint>Footprints2:LED-5MMcenter</footprint>
      <libsource lib="Device" part="LED" description="Light emitting diode"/>
      <property name="Sheetname" value=""/>
      <property name="Sheetfile" value="matrix.kicad_sch"/>
      <sheetpath names="/" tstamps="/"/>
      <tstamps>00000000-0000-0000-0000-000062f85d58</tstamps>
    </comp>
    <comp ref="D3">
      <value>BIPOLAR</value>
      <footprint>Footprints2:LED-5MMcenter</footprint>
      <libsource lib="Device" part="LED" description="Light emitting diode"/>
      <property name="Sheetname" value=""/>
      <property name="Sheetfile" value="matrix.kicad_sch"/>
      <sheetpath names="/" tstamps="/"/>
      <tstamps>00000000-0000-0000-0000-000062f92dd8</tstamps>
    </comp>
    <comp ref="D4">
      <value>BIPOLAR</value>
      <footprint>Footprints2:LED-5MMcenter</footprint>
      <libsource lib="Device" part="LED" description="Light emitting diode"/>
      <property name="Sheetname" value=""/>
      <property name="Sheetfile" value="matrix.kicad_sch"/>
      <sheetpath names="/" tstamps="/"/>
      <tstamps>00000000-0000-0000-0000-000062f92e16</tstamps>
    </comp>
    <comp ref="D5">
      <value>1N5819</value>
      <footprint>Diode_THT:D_DO-41_SOD81_P10.16mm_Horizontal</footprint>
      <libsource lib="Device" part="D" description="Diode"/>
      <property name="Sheetname" value=""/>
      <property name="Sheetfile" value="matrix.kicad_sch"/>
      <sheetpath names="/" tstamps="/"/>
      <tstamps>00000000-0000-0000-0000-000064037297</tstamps>
    </comp>
    <comp ref="D6">
      <value>1N5819</value>
      <footprint>Diode_THT:D_DO-41_SOD81_P10.16mm_Horizontal</footprint>
      <libsource lib="Device" part="D" description="Diode"/>
      <property name="Sheetname" value=""/>
      <property name="Sheetfile" value="matrix.kicad_sch"/>
      <sheetpath names="/" tstamps="/"/>
      <tstamps>00000000-0000-0000-0000-00006403510c</tstamps>
    </comp>
    <comp ref="J1">
      <value>IN4</value>
      <footprint>Footprints2:BananaFoFanna4</footprint>
      <libsource lib="Connector" part="Conn_01x01_Female" description="Generic connector, single row, 01x01, script generated (kicad-library-utils/schlib/autogen/connector/)"/>
      <property name="Sheetname" value=""/>
      <property name="Sheetfile" value="matrix.kicad_sch"/>
      <sheetpath names="/" tstamps="/"/>
      <tstamps>00000000-0000-0000-0000-000062e074d4</tstamps>
    </comp>
    <comp ref="J2">
      <value>IN1</value>
      <footprint>Footprints2:BananaFoFanna4</footprint>
      <libsource lib="Connector" part="Conn_01x01_Female" description="Generic connector, single row, 01x01, script generated (kicad-library-utils/schlib/autogen/connector/)"/>
      <property name="Sheetname" value=""/>
      <property name="Sheetfile" value="matrix.kicad_sch"/>
      <sheetpath names="/" tstamps="/"/>
      <tstamps>00000000-0000-0000-0000-000062dfc76f</tstamps>
    </comp>
    <comp ref="J3">
      <value>IN2</value>
      <footprint>Footprints2:BananaFoFanna4</footprint>
      <libsource lib="Connector" part="Conn_01x01_Female" description="Generic connector, single row, 01x01, script generated (kicad-library-utils/schlib/autogen/connector/)"/>
      <property name="Sheetname" value=""/>
      <property name="Sheetfile" value="matrix.kicad_sch"/>
      <sheetpath names="/" tstamps="/"/>
      <tstamps>00000000-0000-0000-0000-000062e01acf</tstamps>
    </comp>
    <comp ref="J4">
      <value>IN3</value>
      <footprint>Footprints2:BananaFoFanna4</footprint>
      <libsource lib="Connector" part="Conn_01x01_Female" description="Generic connector, single row, 01x01, script generated (kicad-library-utils/schlib/autogen/connector/)"/>
      <property name="Sheetname" value=""/>
      <property name="Sheetfile" value="matrix.kicad_sch"/>
      <sheetpath names="/" tstamps="/"/>
      <tstamps>00000000-0000-0000-0000-000062e05872</tstamps>
    </comp>
    <comp ref="J6">
      <value>OUT1</value>
      <footprint>Footprints2:BananaFoFanna4</footprint>
      <libsource lib="Connector" part="Conn_01x01_Female" description="Generic connector, single row, 01x01, script generated (kicad-library-utils/schlib/autogen/connector/)"/>
      <property name="Sheetname" value=""/>
      <property name="Sheetfile" value="matrix.kicad_sch"/>
      <sheetpath names="/" tstamps="/"/>
      <tstamps>00000000-0000-0000-0000-000062f530eb</tstamps>
    </comp>
    <comp ref="J7">
      <value>OUT2</value>
      <footprint>Footprints2:BananaFoFanna4</footprint>
      <libsource lib="Connector" part="Conn_01x01_Female" description="Generic connector, single row, 01x01, script generated (kicad-library-utils/schlib/autogen/connector/)"/>
      <property name="Sheetname" value=""/>
      <property name="Sheetfile" value="matrix.kicad_sch"/>
      <sheetpath names="/" tstamps="/"/>
      <tstamps>00000000-0000-0000-0000-000062f85d44</tstamps>
    </comp>
    <comp ref="J8">
      <value>OUT3</value>
      <footprint>Footprints2:BananaFoFanna4</footprint>
      <libsource lib="Connector" part="Conn_01x01_Female" description="Generic connector, single row, 01x01, script generated (kicad-library-utils/schlib/autogen/connector/)"/>
      <property name="Sheetname" value=""/>
      <property name="Sheetfile" value="matrix.kicad_sch"/>
      <sheetpath names="/" tstamps="/"/>
      <tstamps>00000000-0000-0000-0000-000062f92dc4</tstamps>
    </comp>
    <comp ref="J9">
      <value>OUT4</value>
      <footprint>Footprints2:BananaFoFanna4</footprint>
      <libsource lib="Connector" part="Conn_01x01_Female" description="Generic connector, single row, 01x01, script generated (kicad-library-utils/schlib/autogen/connector/)"/>
      <property name="Sheetname" value=""/>
      <property name="Sheetfile" value="matrix.kicad_sch"/>
      <sheetpath names="/" tstamps="/"/>
      <tstamps>00000000-0000-0000-0000-000062f92e02</tstamps>
    </comp>
    <comp ref="J16">
      <value>POWER</value>
      <footprint>TerminalBlock_TE-Connectivity:TerminalBlock_TE_282834-4_1x04_P2.54mm_Horizontal</footprint>
      <libsource lib="Connector" part="Conn_01x04_Male" description="Generic connector, single row, 01x04, script generated (kicad-library-utils/schlib/autogen/connector/)"/>
      <property name="Sheetname" value=""/>
      <property name="Sheetfile" value="matrix.kicad_sch"/>
      <sheetpath names="/" tstamps="/"/>
      <tstamps>00000000-0000-0000-0000-00006400332a</tstamps>
    </comp>
    <comp ref="J18">
      <value>0V</value>
      <footprint>Connector_PinHeader_2.54mm:PinHeader_1x01_P2.54mm_Vertical</footprint>
      <libsource lib="Connector" part="Conn_01x01_Male" description="Generic connector, single row, 01x01, script generated (kicad-library-utils/schlib/autogen/connector/)"/>
      <property name="Sheetname" value=""/>
      <property name="Sheetfile" value="matrix.kicad_sch"/>
      <sheetpath names="/" tstamps="/"/>
      <tstamps>00000000-0000-0000-0000-0000630f9caa</tstamps>
    </comp>
    <comp ref="J19">
      <value>0V</value>
      <footprint>Connector_PinHeader_2.54mm:PinHeader_1x01_P2.54mm_Vertical</footprint>
      <libsource lib="Connector" part="Conn_01x01_Male" description="Generic connector, single row, 01x01, script generated (kicad-library-utils/schlib/autogen/connector/)"/>
      <property name="Sheetname" value=""/>
      <property name="Sheetfile" value="matrix.kicad_sch"/>
      <sheetpath names="/" tstamps="/"/>
      <tstamps>00000000-0000-0000-0000-0000630fd4a2</tstamps>
    </comp>
    <comp ref="J20">
      <value>0V</value>
      <footprint>Connector_PinHeader_2.54mm:PinHeader_1x01_P2.54mm_Vertical</footprint>
      <libsource lib="Connector" part="Conn_01x01_Male" description="Generic connector, single row, 01x01, script generated (kicad-library-utils/schlib/autogen/connector/)"/>
      <property name="Sheetname" value=""/>
      <property name="Sheetfile" value="matrix.kicad_sch"/>
      <sheetpath names="/" tstamps="/"/>
      <tstamps>00000000-0000-0000-0000-0000630fd7b1</tstamps>
    </comp>
    <comp ref="J21">
      <value>0V</value>
      <footprint>Connector_PinHeader_2.54mm:PinHeader_1x01_P2.54mm_Vertical</footprint>
      <libsource lib="Connector" part="Conn_01x01_Male" description="Generic connector, single row, 01x01, script generated (kicad-library-utils/schlib/autogen/connector/)"/>
      <property name="Sheetname" value=""/>
      <property name="Sheetfile" value="matrix.kicad_sch"/>
      <sheetpath names="/" tstamps="/"/>
      <tstamps>00000000-0000-0000-0000-0000630fdb7d</tstamps>
    </comp>
    <comp ref="J22">
      <value>0V</value>
      <footprint>Connector_PinHeader_2.54mm:PinHeader_1x01_P2.54mm_Vertical</footprint>
      <libsource lib="Connector" part="Conn_01x01_Male" description="Generic connector, single row, 01x01, script generated (kicad-library-utils/schlib/autogen/connector/)"/>
      <property name="Sheetname" value=""/>
      <property name="Sheetfile" value="matrix.kicad_sch"/>
      <sheetpath names="/" tstamps="/"/>
      <tstamps>00000000-0000-0000-0000-0000630fdf0a</tstamps>
    </comp>
    <comp ref="J23">
      <value>0V</value>
      <footprint>Connector_PinHeader_2.54mm:PinHeader_1x01_P2.54mm_Vertical</footprint>
      <libsource lib="Connector" part="Conn_01x01_Male" description="Generic connector, single row, 01x01, script generated (kicad-library-utils/schlib/autogen/connector/)"/>
      <property name="Sheetname" value=""/>
      <property name="Sheetfile" value="matrix.kicad_sch"/>
      <sheetpath names="/" tstamps="/"/>
      <tstamps>00000000-0000-0000-0000-0000630fe8fc</tstamps>
    </comp>
    <comp ref="J24">
      <value>0V</value>
      <footprint>Connector_PinHeader_2.54mm:PinHeader_1x01_P2.54mm_Vertical</footprint>
      <libsource lib="Connector" part="Conn_01x01_Male" description="Generic connector, single row, 01x01, script generated (kicad-library-utils/schlib/autogen/connector/)"/>
      <property name="Sheetname" value=""/>
      <property name="Sheetfile" value="matrix.kicad_sch"/>
      <sheetpath names="/" tstamps="/"/>
      <tstamps>00000000-0000-0000-0000-0000630fec9e</tstamps>
    </comp>
    <comp ref="J25">
      <value>0V</value>
      <footprint>Connector_PinHeader_2.54mm:PinHeader_1x01_P2.54mm_Vertical</footprint>
      <libsource lib="Connector" part="Conn_01x01_Male" description="Generic connector, single row, 01x01, script generated (kicad-library-utils/schlib/autogen/connector/)"/>
      <property name="Sheetname" value=""/>
      <property name="Sheetfile" value="matrix.kicad_sch"/>
      <sheetpath names="/" tstamps="/"/>
      <tstamps>00000000-0000-0000-0000-0000630ff0fd</tstamps>
    </comp>
    <comp ref="PF3">
      <value>22u</value>
      <footprint>Capacitor_THT:CP_Radial_D6.3mm_P2.50mm</footprint>
      <libsource lib="matrix-rescue" part="CP-Device" description=""/>
      <property name="Sheetname" value=""/>
      <property name="Sheetfile" value="matrix.kicad_sch"/>
      <sheetpath names="/" tstamps="/"/>
      <tstamps>00000000-0000-0000-0000-00006403b34c</tstamps>
    </comp>
    <comp ref="PF4">
      <value>22u</value>
      <footprint>Capacitor_THT:CP_Radial_D6.3mm_P2.50mm</footprint>
      <libsource lib="matrix-rescue" part="CP-Device" description=""/>
      <property name="Sheetname" value=""/>
      <property name="Sheetfile" value="matrix.kicad_sch"/>
      <sheetpath names="/" tstamps="/"/>
      <tstamps>00000000-0000-0000-0000-000064039bd9</tstamps>
    </comp>
    <comp ref="R1">
      <value>100k</value>
      <footprint>Resistor_SMD:R_0805_2012Metric_Pad1.20x1.40mm_HandSolder</footprint>
      <libsource lib="Device" part="R" description="Resistor"/>
      <property name="Sheetname" value=""/>
      <property name="Sheetfile" value="matrix.kicad_sch"/>
      <sheetpath names="/" tstamps="/"/>
      <tstamps>00000000-0000-0000-0000-000062e1a20f</tstamps>
    </comp>
    <comp ref="R2">
      <value>100k</value>
      <footprint>Resistor_SMD:R_0805_2012Metric_Pad1.20x1.40mm_HandSolder</footprint>
      <libsource lib="Device" part="R" description="Resistor"/>
      <property name="Sheetname" value=""/>
      <property name="Sheetfile" value="matrix.kicad_sch"/>
      <sheetpath names="/" tstamps="/"/>
      <tstamps>00000000-0000-0000-0000-000062e591b2</tstamps>
    </comp>
    <comp ref="R3">
      <value>100k</value>
      <footprint>Resistor_SMD:R_0805_2012Metric_Pad1.20x1.40mm_HandSolder</footprint>
      <libsource lib="Device" part="R" description="Resistor"/>
      <property name="Sheetname" value=""/>
      <property name="Sheetfile" value="matrix.kicad_sch"/>
      <sheetpath names="/" tstamps="/"/>
      <tstamps>00000000-0000-0000-0000-000062e5d6a1</tstamps>
    </comp>
    <comp ref="R4">
      <value>100k</value>
      <footprint>Resistor_SMD:R_0805_2012Metric_Pad1.20x1.40mm_HandSolder</footprint>
      <libsource lib="Device" part="R" description="Resistor"/>
      <property name="Sheetname" value=""/>
      <property name="Sheetfile" value="matrix.kicad_sch"/>
      <sheetpath names="/" tstamps="/"/>
      <tstamps>00000000-0000-0000-0000-000062e5d707</tstamps>
    </comp>
    <comp ref="R5">
      <value>1M</value>
      <footprint>Resistor_SMD:R_0805_2012Metric_Pad1.20x1.40mm_HandSolder</footprint>
      <libsource lib="Device" part="R" description="Resistor"/>
      <property name="Sheetname" value=""/>
      <property name="Sheetfile" value="matrix.kicad_sch"/>
      <sheetpath names="/" tstamps="/"/>
      <tstamps>00000000-0000-0000-0000-000062dfe782</tstamps>
    </comp>
    <comp ref="R6">
      <value>100k</value>
      <footprint>Resistor_SMD:R_0805_2012Metric_Pad1.20x1.40mm_HandSolder</footprint>
      <libsource lib="Device" part="R" description="Resistor"/>
      <property name="Sheetname" value=""/>
      <property name="Sheetfile" value="matrix.kicad_sch"/>
      <sheetpath names="/" tstamps="/"/>
      <tstamps>00000000-0000-0000-0000-000062e44d0c</tstamps>
    </comp>
    <comp ref="R7">
      <value>100k</value>
      <footprint>Resistor_SMD:R_0805_2012Metric_Pad1.20x1.40mm_HandSolder</footprint>
      <libsource lib="Device" part="R" description="Resistor"/>
      <property name="Sheetname" value=""/>
      <property name="Sheetfile" value="matrix.kicad_sch"/>
      <sheetpath names="/" tstamps="/"/>
      <tstamps>00000000-0000-0000-0000-000062e591c7</tstamps>
    </comp>
    <comp ref="R8">
      <value>100k</value>
      <footprint>Resistor_SMD:R_0805_2012Metric_Pad1.20x1.40mm_HandSolder</footprint>
      <libsource lib="Device" part="R" description="Resistor"/>
      <property name="Sheetname" value=""/>
      <property name="Sheetfile" value="matrix.kicad_sch"/>
      <sheetpath names="/" tstamps="/"/>
      <tstamps>00000000-0000-0000-0000-000062e5d6b6</tstamps>
    </comp>
    <comp ref="R9">
      <value>100k</value>
      <footprint>Resistor_SMD:R_0805_2012Metric_Pad1.20x1.40mm_HandSolder</footprint>
      <libsource lib="Device" part="R" description="Resistor"/>
      <property name="Sheetname" value=""/>
      <property name="Sheetfile" value="matrix.kicad_sch"/>
      <sheetpath names="/" tstamps="/"/>
      <tstamps>00000000-0000-0000-0000-000062e5d71c</tstamps>
    </comp>
    <comp ref="R10">
      <value>1M</value>
      <footprint>Resistor_SMD:R_0805_2012Metric_Pad1.20x1.40mm_HandSolder</footprint>
      <libsource lib="Device" part="R" description="Resistor"/>
      <property name="Sheetname" value=""/>
      <property name="Sheetfile" value="matrix.kicad_sch"/>
      <sheetpath names="/" tstamps="/"/>
      <tstamps>00000000-0000-0000-0000-000062e01ae3</tstamps>
    </comp>
    <comp ref="R11">
      <value>100k</value>
      <footprint>Resistor_SMD:R_0805_2012Metric_Pad1.20x1.40mm_HandSolder</footprint>
      <libsource lib="Device" part="R" description="Resistor"/>
      <property name="Sheetname" value=""/>
      <property name="Sheetfile" value="matrix.kicad_sch"/>
      <sheetpath names="/" tstamps="/"/>
      <tstamps>00000000-0000-0000-0000-000062e4656f</tstamps>
    </comp>
    <comp ref="R12">
      <value>100k</value>
      <footprint>Resistor_SMD:R_0805_2012Metric_Pad1.20x1.40mm_HandSolder</footprint>
      <libsource lib="Device" part="R" description="Resistor"/>
      <property name="Sheetname" value=""/>
      <property name="Sheetfile" value="matrix.kicad_sch"/>
      <sheetpath names="/" tstamps="/"/>
      <tstamps>00000000-0000-0000-0000-000062e591dc</tstamps>
    </comp>
    <comp ref="R13">
      <value>100k</value>
      <footprint>Resistor_SMD:R_0805_2012Metric_Pad1.20x1.40mm_HandSolder</footprint>
      <libsource lib="Device" part="R" description="Resistor"/>
      <property name="Sheetname" value=""/>
      <property name="Sheetfile" value="matrix.kicad_sch"/>
      <sheetpath names="/" tstamps="/"/>
      <tstamps>00000000-0000-0000-0000-000062e5d6cb</tstamps>
    </comp>
    <comp ref="R14">
      <value>100k</value>
      <footprint>Resistor_SMD:R_0805_2012Metric_Pad1.20x1.40mm_HandSolder</footprint>
      <libsource lib="Device" part="R" description="Resistor"/>
      <property name="Sheetname" value=""/>
      <property name="Sheetfile" value="matrix.kicad_sch"/>
      <sheetpath names="/" tstamps="/"/>
      <tstamps>00000000-0000-0000-0000-000062e5d731</tstamps>
    </comp>
    <comp ref="R15">
      <value>1M</value>
      <footprint>Resistor_SMD:R_0805_2012Metric_Pad1.20x1.40mm_HandSolder</footprint>
      <libsource lib="Device" part="R" description="Resistor"/>
      <property name="Sheetname" value=""/>
      <property name="Sheetfile" value="matrix.kicad_sch"/>
      <sheetpath names="/" tstamps="/"/>
      <tstamps>00000000-0000-0000-0000-000062e0587c</tstamps>
    </comp>
    <comp ref="R16">
      <value>100k</value>
      <footprint>Resistor_SMD:R_0805_2012Metric_Pad1.20x1.40mm_HandSolder</footprint>
      <libsource lib="Device" part="R" description="Resistor"/>
      <property name="Sheetname" value=""/>
      <property name="Sheetfile" value="matrix.kicad_sch"/>
      <sheetpath names="/" tstamps="/"/>
      <tstamps>00000000-0000-0000-0000-000062e4f3c0</tstamps>
    </comp>
    <comp ref="R17">
      <value>100k</value>
      <footprint>Resistor_SMD:R_0805_2012Metric_Pad1.20x1.40mm_HandSolder</footprint>
      <libsource lib="Device" part="R" description="Resistor"/>
      <property name="Sheetname" value=""/>
      <property name="Sheetfile" value="matrix.kicad_sch"/>
      <sheetpath names="/" tstamps="/"/>
      <tstamps>00000000-0000-0000-0000-000062e591f1</tstamps>
    </comp>
    <comp ref="R18">
      <value>100k</value>
      <footprint>Resistor_SMD:R_0805_2012Metric_Pad1.20x1.40mm_HandSolder</footprint>
      <libsource lib="Device" part="R" description="Resistor"/>
      <property name="Sheetname" value=""/>
      <property name="Sheetfile" value="matrix.kicad_sch"/>
      <sheetpath names="/" tstamps="/"/>
      <tstamps>00000000-0000-0000-0000-000062e5d6e0</tstamps>
    </comp>
    <comp ref="R19">
      <value>100k</value>
      <footprint>Resistor_SMD:R_0805_2012Metric_Pad1.20x1.40mm_HandSolder</footprint>
      <libsource lib="Device" part="R" description="Resistor"/>
      <property name="Sheetname" value=""/>
      <property name="Sheetfile" value="matrix.kicad_sch"/>
      <sheetpath names="/" tstamps="/"/>
      <tstamps>00000000-0000-0000-0000-000062e5d746</tstamps>
    </comp>
    <comp ref="R20">
      <value>1M</value>
      <footprint>Resistor_SMD:R_0805_2012Metric_Pad1.20x1.40mm_HandSolder</footprint>
      <libsource lib="Device" part="R" description="Resistor"/>
      <property name="Sheetname" value=""/>
      <property name="Sheetfile" value="matrix.kicad_sch"/>
      <sheetpath names="/" tstamps="/"/>
      <tstamps>00000000-0000-0000-0000-000062e074de</tstamps>
    </comp>
    <comp ref="R21">
      <value>1k</value>
      <footprint>Resistor_SMD:R_0805_2012Metric_Pad1.20x1.40mm_HandSolder</footprint>
      <libsource lib="Device" part="R" description="Resistor"/>
      <property name="Sheetname" value=""/>
      <property name="Sheetfile" value="matrix.kicad_sch"/>
      <sheetpath names="/" tstamps="/"/>
      <tstamps>00000000-0000-0000-0000-000062f586cc</tstamps>
    </comp>
    <comp ref="R22">
      <value>1k</value>
      <footprint>Resistor_SMD:R_0805_2012Metric_Pad1.20x1.40mm_HandSolder</footprint>
      <libsource lib="Device" part="R" description="Resistor"/>
      <property name="Sheetname" value=""/>
      <property name="Sheetfile" value="matrix.kicad_sch"/>
      <sheetpath names="/" tstamps="/"/>
      <tstamps>00000000-0000-0000-0000-000062f85d62</tstamps>
    </comp>
    <comp ref="R23">
      <value>1k</value>
      <footprint>Resistor_SMD:R_0805_2012Metric_Pad1.20x1.40mm_HandSolder</footprint>
      <libsource lib="Device" part="R" description="Resistor"/>
      <property name="Sheetname" value=""/>
      <property name="Sheetfile" value="matrix.kicad_sch"/>
      <sheetpath names="/" tstamps="/"/>
      <tstamps>00000000-0000-0000-0000-000062f92de2</tstamps>
    </comp>
    <comp ref="R24">
      <value>1k</value>
      <footprint>Resistor_SMD:R_0805_2012Metric_Pad1.20x1.40mm_HandSolder</footprint>
      <libsource lib="Device" part="R" description="Resistor"/>
      <property name="Sheetname" value=""/>
      <property name="Sheetfile" value="matrix.kicad_sch"/>
      <sheetpath names="/" tstamps="/"/>
      <tstamps>00000000-0000-0000-0000-000062f92e20</tstamps>
    </comp>
    <comp ref="R25">
      <value>3k3</value>
      <footprint>Resistor_SMD:R_0805_2012Metric_Pad1.20x1.40mm_HandSolder</footprint>
      <libsource lib="Device" part="R" description="Resistor"/>
      <property name="Sheetname" value=""/>
      <property name="Sheetfile" value="matrix.kicad_sch"/>
      <sheetpath names="/" tstamps="/"/>
      <tstamps>00000000-0000-0000-0000-0000630fdc60</tstamps>
    </comp>
    <comp ref="R26">
      <value>100k</value>
      <footprint>Resistor_SMD:R_0805_2012Metric_Pad1.20x1.40mm_HandSolder</footprint>
      <libsource lib="Device" part="R" description="Resistor"/>
      <property name="Sheetname" value=""/>
      <property name="Sheetfile" value="matrix.kicad_sch"/>
      <sheetpath names="/" tstamps="/"/>
      <tstamps>00000000-0000-0000-0000-0000633c3521</tstamps>
    </comp>
    <comp ref="R27">
      <value>100k</value>
      <footprint>Resistor_SMD:R_0805_2012Metric_Pad1.20x1.40mm_HandSolder</footprint>
      <libsource lib="Device" part="R" description="Resistor"/>
      <property name="Sheetname" value=""/>
      <property name="Sheetfile" value="matrix.kicad_sch"/>
      <sheetpath names="/" tstamps="/"/>
      <tstamps>00000000-0000-0000-0000-0000634f2f6d</tstamps>
    </comp>
    <comp ref="R28">
      <value>100k</value>
      <footprint>Resistor_SMD:R_0805_2012Metric_Pad1.20x1.40mm_HandSolder</footprint>
      <libsource lib="Device" part="R" description="Resistor"/>
      <property name="Sheetname" value=""/>
      <property name="Sheetfile" value="matrix.kicad_sch"/>
      <sheetpath names="/" tstamps="/"/>
      <tstamps>00000000-0000-0000-0000-000063693ac3</tstamps>
    </comp>
    <comp ref="R29">
      <value>100k</value>
      <footprint>Resistor_SMD:R_0805_2012Metric_Pad1.20x1.40mm_HandSolder</footprint>
      <libsource lib="Device" part="R" description="Resistor"/>
      <property name="Sheetname" value=""/>
      <property name="Sheetfile" value="matrix.kicad_sch"/>
      <sheetpath names="/" tstamps="/"/>
      <tstamps>00000000-0000-0000-0000-000063693a4d</tstamps>
    </comp>
    <comp ref="R30">
      <value>100k</value>
      <footprint>Resistor_SMD:R_0805_2012Metric_Pad1.20x1.40mm_HandSolder</footprint>
      <libsource lib="Device" part="R" description="Resistor"/>
      <property name="Sheetname" value=""/>
      <property name="Sheetfile" value="matrix.kicad_sch"/>
      <sheetpath names="/" tstamps="/"/>
      <tstamps>00000000-0000-0000-0000-000063404680</tstamps>
    </comp>
    <comp ref="R31">
      <value>100k</value>
      <footprint>Resistor_SMD:R_0805_2012Metric_Pad1.20x1.40mm_HandSolder</footprint>
      <libsource lib="Device" part="R" description="Resistor"/>
      <property name="Sheetname" value=""/>
      <property name="Sheetfile" value="matrix.kicad_sch"/>
      <sheetpath names="/" tstamps="/"/>
      <tstamps>00000000-0000-0000-0000-0000634f2f87</tstamps>
    </comp>
    <comp ref="R32">
      <value>100k</value>
      <footprint>Resistor_SMD:R_0805_2012Metric_Pad1.20x1.40mm_HandSolder</footprint>
      <libsource lib="Device" part="R" description="Resistor"/>
      <property name="Sheetname" value=""/>
      <property name="Sheetfile" value="matrix.kicad_sch"/>
      <sheetpath names="/" tstamps="/"/>
      <tstamps>00000000-0000-0000-0000-000063693add</tstamps>
    </comp>
    <comp ref="R33">
      <value>100k</value>
      <footprint>Resistor_SMD:R_0805_2012Metric_Pad1.20x1.40mm_HandSolder</footprint>
      <libsource lib="Device" part="R" description="Resistor"/>
      <property name="Sheetname" value=""/>
      <property name="Sheetfile" value="matrix.kicad_sch"/>
      <sheetpath names="/" tstamps="/"/>
      <tstamps>00000000-0000-0000-0000-000063693a67</tstamps>
    </comp>
    <comp ref="R34">
      <value>100k</value>
      <footprint>Resistor_SMD:R_0805_2012Metric_Pad1.20x1.40mm_HandSolder</footprint>
      <libsource lib="Device" part="R" description="Resistor"/>
      <property name="Sheetname" value=""/>
      <property name="Sheetfile" value="matrix.kicad_sch"/>
      <sheetpath names="/" tstamps="/"/>
      <tstamps>00000000-0000-0000-0000-00006342068c</tstamps>
    </comp>
    <comp ref="R35">
      <value>100k</value>
      <footprint>Resistor_SMD:R_0805_2012Metric_Pad1.20x1.40mm_HandSolder</footprint>
      <libsource lib="Device" part="R" description="Resistor"/>
      <property name="Sheetname" value=""/>
      <property name="Sheetfile" value="matrix.kicad_sch"/>
      <sheetpath names="/" tstamps="/"/>
      <tstamps>00000000-0000-0000-0000-0000634f2fa5</tstamps>
    </comp>
    <comp ref="R36">
      <value>100k</value>
      <footprint>Resistor_SMD:R_0805_2012Metric_Pad1.20x1.40mm_HandSolder</footprint>
      <libsource lib="Device" part="R" description="Resistor"/>
      <property name="Sheetname" value=""/>
      <property name="Sheetfile" value="matrix.kicad_sch"/>
      <sheetpath names="/" tstamps="/"/>
      <tstamps>00000000-0000-0000-0000-000063693afb</tstamps>
    </comp>
    <comp ref="R37">
      <value>100k</value>
      <footprint>Resistor_SMD:R_0805_2012Metric_Pad1.20x1.40mm_HandSolder</footprint>
      <libsource lib="Device" part="R" description="Resistor"/>
      <property name="Sheetname" value=""/>
      <property name="Sheetfile" value="matrix.kicad_sch"/>
      <sheetpath names="/" tstamps="/"/>
      <tstamps>00000000-0000-0000-0000-000063693a85</tstamps>
    </comp>
    <comp ref="R38">
      <value>1k</value>
      <footprint>Resistor_SMD:R_0805_2012Metric_Pad1.20x1.40mm_HandSolder</footprint>
      <libsource lib="Device" part="R" description="Resistor"/>
      <property name="Sheetname" value=""/>
      <property name="Sheetfile" value="matrix.kicad_sch"/>
      <sheetpath names="/" tstamps="/"/>
      <tstamps>00000000-0000-0000-0000-00006342184a</tstamps>
    </comp>
    <comp ref="R39">
      <value>1k</value>
      <footprint>Resistor_SMD:R_0805_2012Metric_Pad1.20x1.40mm_HandSolder</footprint>
      <libsource lib="Device" part="R" description="Resistor"/>
      <property name="Sheetname" value=""/>
      <property name="Sheetfile" value="matrix.kicad_sch"/>
      <sheetpath names="/" tstamps="/"/>
      <tstamps>00000000-0000-0000-0000-0000634f2faf</tstamps>
    </comp>
    <comp ref="R40">
      <value>1k</value>
      <footprint>Resistor_SMD:R_0805_2012Metric_Pad1.20x1.40mm_HandSolder</footprint>
      <libsource lib="Device" part="R" description="Resistor"/>
      <property name="Sheetname" value=""/>
      <property name="Sheetfile" value="matrix.kicad_sch"/>
      <sheetpath names="/" tstamps="/"/>
      <tstamps>00000000-0000-0000-0000-000063693b05</tstamps>
    </comp>
    <comp ref="R41">
      <value>1k</value>
      <footprint>Resistor_SMD:R_0805_2012Metric_Pad1.20x1.40mm_HandSolder</footprint>
      <libsource lib="Device" part="R" description="Resistor"/>
      <property name="Sheetname" value=""/>
      <property name="Sheetfile" value="matrix.kicad_sch"/>
      <sheetpath names="/" tstamps="/"/>
      <tstamps>00000000-0000-0000-0000-000063693a8f</tstamps>
    </comp>
    <comp ref="RV1">
      <value>B10k</value>
      <footprint>Footprints2:Potentiometer_Alpha_RD901F-40-00D_Single_Vertical_Center</footprint>
      <libsource lib="matrix-rescue" part="R_POT-Device" description=""/>
      <property name="Sheetname" value=""/>
      <property name="Sheetfile" value="matrix.kicad_sch"/>
      <sheetpath names="/" tstamps="/"/>
      <tstamps>00000000-0000-0000-0000-000062e186f1</tstamps>
    </comp>
    <comp ref="RV2">
      <value>B10k</value>
      <footprint>Footprints2:Potentiometer_Alpha_RD901F-40-00D_Single_Vertical_Center</footprint>
      <libsource lib="matrix-rescue" part="R_POT-Device" description=""/>
      <property name="Sheetname" value=""/>
      <property name="Sheetfile" value="matrix.kicad_sch"/>
      <sheetpath names="/" tstamps="/"/>
      <tstamps>00000000-0000-0000-0000-000062e591a8</tstamps>
    </comp>
    <comp ref="RV3">
      <value>B10k</value>
      <footprint>Footprints2:Potentiometer_Alpha_RD901F-40-00D_Single_Vertical_Center</footprint>
      <libsource lib="matrix-rescue" part="R_POT-Device" description=""/>
      <property name="Sheetname" value=""/>
      <property name="Sheetfile" value="matrix.kicad_sch"/>
      <sheetpath names="/" tstamps="/"/>
      <tstamps>00000000-0000-0000-0000-000062e5d697</tstamps>
    </comp>
    <comp ref="RV4">
      <value>B10k</value>
      <footprint>Footprints2:Potentiometer_Alpha_RD901F-40-00D_Single_Vertical_Center</footprint>
      <libsource lib="matrix-rescue" part="R_POT-Device" description=""/>
      <property name="Sheetname" value=""/>
      <property name="Sheetfile" value="matrix.kicad_sch"/>
      <sheetpath names="/" tstamps="/"/>
      <tstamps>00000000-0000-0000-0000-000062e5d6fd</tstamps>
    </comp>
    <comp ref="RV5">
      <value>B10k</value>
      <footprint>Footprints2:Potentiometer_Alpha_RD901F-40-00D_Single_Vertical_Center</footprint>
      <libsource lib="matrix-rescue" part="R_POT-Device" description=""/>
      <property name="Sheetname" value=""/>
      <property name="Sheetfile" value="matrix.kicad_sch"/>
      <sheetpath names="/" tstamps="/"/>
      <tstamps>00000000-0000-0000-0000-000062e44d02</tstamps>
    </comp>
    <comp ref="RV6">
      <value>B10k</value>
      <footprint>Footprints2:Potentiometer_Alpha_RD901F-40-00D_Single_Vertical_Center</footprint>
      <libsource lib="matrix-rescue" part="R_POT-Device" description=""/>
      <property name="Sheetname" value=""/>
      <property name="Sheetfile" value="matrix.kicad_sch"/>
      <sheetpath names="/" tstamps="/"/>
      <tstamps>00000000-0000-0000-0000-000062e591bd</tstamps>
    </comp>
    <comp ref="RV7">
      <value>B10k</value>
      <footprint>Footprints2:Potentiometer_Alpha_RD901F-40-00D_Single_Vertical_Center</footprint>
      <libsource lib="matrix-rescue" part="R_POT-Device" description=""/>
      <property name="Sheetname" value=""/>
      <property name="Sheetfile" value="matrix.kicad_sch"/>
      <sheetpath names="/" tstamps="/"/>
      <tstamps>00000000-0000-0000-0000-000062e5d6ac</tstamps>
    </comp>
    <comp ref="RV8">
      <value>B10k</value>
      <footprint>Footprints2:Potentiometer_Alpha_RD901F-40-00D_Single_Vertical_Center</footprint>
      <libsource lib="matrix-rescue" part="R_POT-Device" description=""/>
      <property name="Sheetname" value=""/>
      <property name="Sheetfile" value="matrix.kicad_sch"/>
      <sheetpath names="/" tstamps="/"/>
      <tstamps>00000000-0000-0000-0000-000062e5d712</tstamps>
    </comp>
    <comp ref="RV9">
      <value>B10k</value>
      <footprint>Footprints2:Potentiometer_Alpha_RD901F-40-00D_Single_Vertical_Center</footprint>
      <libsource lib="matrix-rescue" part="R_POT-Device" description=""/>
      <property name="Sheetname" value=""/>
      <property name="Sheetfile" value="matrix.kicad_sch"/>
      <sheetpath names="/" tstamps="/"/>
      <tstamps>00000000-0000-0000-0000-000062e46565</tstamps>
    </comp>
    <comp ref="RV10">
      <value>B10k</value>
      <footprint>Footprints2:Potentiometer_Alpha_RD901F-40-00D_Single_Vertical_Center</footprint>
      <libsource lib="matrix-rescue" part="R_POT-Device" description=""/>
      <property name="Sheetname" value=""/>
      <property name="Sheetfile" value="matrix.kicad_sch"/>
      <sheetpath names="/" tstamps="/"/>
      <tstamps>00000000-0000-0000-0000-000062e591d2</tstamps>
    </comp>
    <comp ref="RV11">
      <value>B10k</value>
      <footprint>Footprints2:Potentiometer_Alpha_RD901F-40-00D_Single_Vertical_Center</footprint>
      <libsource lib="matrix-rescue" part="R_POT-Device" description=""/>
      <property name="Sheetname" value=""/>
      <property name="Sheetfile" value="matrix.kicad_sch"/>
      <sheetpath names="/" tstamps="/"/>
      <tstamps>00000000-0000-0000-0000-000062e5d6c1</tstamps>
    </comp>
    <comp ref="RV12">
      <value>B10k</value>
      <footprint>Footprints2:Potentiometer_Alpha_RD901F-40-00D_Single_Vertical_Center</footprint>
      <libsource lib="matrix-rescue" part="R_POT-Device" description=""/>
      <property name="Sheetname" value=""/>
      <property name="Sheetfile" value="matrix.kicad_sch"/>
      <sheetpath names="/" tstamps="/"/>
      <tstamps>00000000-0000-0000-0000-000062e5d727</tstamps>
    </comp>
    <comp ref="RV13">
      <value>B10k</value>
      <footprint>Footprints2:Potentiometer_Alpha_RD901F-40-00D_Single_Vertical_Center</footprint>
      <libsource lib="matrix-rescue" part="R_POT-Device" description=""/>
      <property name="Sheetname" value=""/>
      <property name="Sheetfile" value="matrix.kicad_sch"/>
      <sheetpath names="/" tstamps="/"/>
      <tstamps>00000000-0000-0000-0000-000062e4f3b6</tstamps>
    </comp>
    <comp ref="RV14">
      <value>B10k</value>
      <footprint>Footprints2:Potentiometer_Alpha_RD901F-40-00D_Single_Vertical_Center</footprint>
      <libsource lib="matrix-rescue" part="R_POT-Device" description=""/>
      <property name="Sheetname" value=""/>
      <property name="Sheetfile" value="matrix.kicad_sch"/>
      <sheetpath names="/" tstamps="/"/>
      <tstamps>00000000-0000-0000-0000-000062e591e7</tstamps>
    </comp>
    <comp ref="RV15">
      <value>B10k</value>
      <footprint>Footprints2:Potentiometer_Alpha_RD901F-40-00D_Single_Vertical_Center</footprint>
      <libsource lib="matrix-rescue" part="R_POT-Device" description=""/>
      <property name="Sheetname" value=""/>
      <property name="Sheetfile" value="matrix.kicad_sch"/>
      <sheetpath names="/" tstamps="/"/>
      <tstamps>00000000-0000-0000-0000-000062e5d6d6</tstamps>
    </comp>
    <comp ref="RV16">
      <value>B10k</value>
      <footprint>Footprints2:Potentiometer_Alpha_RD901F-40-00D_Single_Vertical_Center</footprint>
      <libsource lib="matrix-rescue" part="R_POT-Device" description=""/>
      <property name="Sheetname" value=""/>
      <property name="Sheetfile" value="matrix.kicad_sch"/>
      <sheetpath names="/" tstamps="/"/>
      <tstamps>00000000-0000-0000-0000-000062e5d73c</tstamps>
    </comp>
    <comp ref="SW1">
      <value>ON/ON</value>
      <footprint>4ms_Switch:Switch_Toggle_SPDT_SubMini</footprint>
      <libsource lib="Switch" part="SW_SPDT" description="Switch, single pole double throw"/>
      <property name="Sheetname" value=""/>
      <property name="Sheetfile" value="matrix.kicad_sch"/>
      <sheetpath names="/" tstamps="/"/>
      <tstamps>00000000-0000-0000-0000-000062ea1070</tstamps>
    </comp>
    <comp ref="SW2">
      <value>ON/ON</value>
      <footprint>4ms_Switch:Switch_Toggle_SPDT_SubMini</footprint>
      <libsource lib="Switch" part="SW_SPDT" description="Switch, single pole double throw"/>
      <property name="Sheetname" value=""/>
      <property name="Sheetfile" value="matrix.kicad_sch"/>
      <sheetpath names="/" tstamps="/"/>
      <tstamps>00000000-0000-0000-0000-000062ea2420</tstamps>
    </comp>
    <comp ref="SW3">
      <value>ON/ON</value>
      <footprint>4ms_Switch:Switch_Toggle_SPDT_SubMini</footprint>
      <libsource lib="Switch" part="SW_SPDT" description="Switch, single pole double throw"/>
      <property name="Sheetname" value=""/>
      <property name="Sheetfile" value="matrix.kicad_sch"/>
      <sheetpath names="/" tstamps="/"/>
      <tstamps>00000000-0000-0000-0000-000062eea477</tstamps>
    </comp>
    <comp ref="SW4">
      <value>ON/ON</value>
      <footprint>4ms_Switch:Switch_Toggle_SPDT_SubMini</footprint>
      <libsource lib="Switch" part="SW_SPDT" description="Switch, single pole double throw"/>
      <property name="Sheetname" value=""/>
      <property name="Sheetfile" value="matrix.kicad_sch"/>
      <sheetpath names="/" tstamps="/"/>
      <tstamps>00000000-0000-0000-0000-000062f2146d</tstamps>
    </comp>
    <comp ref="SW5">
      <value>ON/ON</value>
      <footprint>4ms_Switch:Switch_Toggle_SPDT_SubMini</footprint>
      <libsource lib="Switch" part="SW_SPDT" description="Switch, single pole double throw"/>
      <property name="Sheetname" value=""/>
      <property name="Sheetfile" value="matrix.kicad_sch"/>
      <sheetpath names="/" tstamps="/"/>
      <tstamps>00000000-0000-0000-0000-000062dfd156</tstamps>
    </comp>
    <comp ref="U1">
      <value>OPA1652</value>
      <footprint>Package_SO:SOIC-8_3.9x4.9mm_P1.27mm</footprint>
      <datasheet>http://www.ti.com/lit/ds/symlink/opa1678.pdf</datasheet>
      <libsource lib="Amplifier_Operational" part="OPA1678" description="Low-Distortion Audio Operational Amplifiers, SOIC-8/VSSOP-8"/>
      <property name="Sheetname" value=""/>
      <property name="Sheetfile" value="matrix.kicad_sch"/>
      <sheetpath names="/" tstamps="/"/>
      <tstamps>9787a33b-3f47-4dd6-8d0a-478ee2c6d723 42103a49-648a-414f-bac1-6e78b0694ebe 3a8528ea-ad38-4ae6-a611-90227d20af92</tstamps>
    </comp>
    <comp ref="U2">
      <value>OPA1652</value>
      <footprint>Package_SO:SOIC-8_3.9x4.9mm_P1.27mm</footprint>
      <datasheet>http://www.ti.com/lit/ds/symlink/opa1678.pdf</datasheet>
      <libsource lib="Amplifier_Operational" part="OPA1678" description="Low-Distortion Audio Operational Amplifiers, SOIC-8/VSSOP-8"/>
      <property name="Sheetname" value=""/>
      <property name="Sheetfile" value="matrix.kicad_sch"/>
      <sheetpath names="/" tstamps="/"/>
      <tstamps>aef2ffaf-e1ee-4cc5-83cc-099d32738b00 4fdacadc-3907-4163-a266-f6579dd3d066 0ac3b2dd-7a3b-454b-8b7a-9bcc5a287ccb</tstamps>
    </comp>
    <comp ref="U3">
      <value>OPA1652</value>
      <footprint>Package_SO:SOIC-8_3.9x4.9mm_P1.27mm</footprint>
      <datasheet>http://www.ti.com/lit/ds/symlink/opa1678.pdf</datasheet>
      <libsource lib="Amplifier_Operational" part="OPA1678" description="Low-Distortion Audio Operational Amplifiers, SOIC-8/VSSOP-8"/>
      <property name="Sheetname" value=""/>
      <property name="Sheetfile" value="matrix.kicad_sch"/>
      <sheetpath names="/" tstamps="/"/>
      <tstamps>7a109cd7-611b-42dd-bf6a-2d461364f782 95660204-c133-4eee-98a1-baca96b096e7 246a3881-9b2d-42bc-aa69-a1a6b5cace45</tstamps>
    </comp>
    <comp ref="U4">
      <value>OPA1652</value>
      <footprint>Package_SO:SOIC-8_3.9x4.9mm_P1.27mm</footprint>
      <datasheet>http://www.ti.com/lit/ds/symlink/opa1678.pdf</datasheet>
      <libsource lib="Amplifier_Operational" part="OPA1678" description="Low-Distortion Audio Operational Amplifiers, SOIC-8/VSSOP-8"/>
      <property name="Sheetname" value=""/>
      <property name="Sheetfile" value="matrix.kicad_sch"/>
      <sheetpath names="/" tstamps="/"/>
      <tstamps>7510752b-dc9f-4dd4-8907-02a0eec2b7a7 61e919c3-d8b3-46cf-a3ce-2a04b6ca6278 56f713a0-d165-4fd7-90af-66d7741a43c9</tstamps>
    </comp>
    <comp ref="U5">
      <value>OPA1652</value>
      <footprint>Package_SO:SOIC-8_3.9x4.9mm_P1.27mm</footprint>
      <datasheet>http://www.ti.com/lit/ds/symlink/opa1678.pdf</datasheet>
      <libsource lib="Amplifier_Operational" part="OPA1678" description="Low-Distortion Audio Operational Amplifiers, SOIC-8/VSSOP-8"/>
      <property name="Sheetname" value=""/>
      <property name="Sheetfile" value="matrix.kicad_sch"/>
      <sheetpath names="/" tstamps="/"/>
      <tstamps>c9885617-829a-4ce1-9b5e-2d55022858fa 34131084-e1b8-412a-a10e-22ca3e9ae456 023a4493-06e8-43fa-9cc2-534fef92c5d1</tstamps>
    </comp>
    <comp ref="U6">
      <value>OPA1652</value>
      <footprint>Package_SO:SOIC-8_3.9x4.9mm_P1.27mm</footprint>
      <datasheet>http://www.ti.com/lit/ds/symlink/opa1678.pdf</datasheet>
      <libsource lib="Amplifier_Operational" part="OPA1678" description="Low-Distortion Audio Operational Amplifiers, SOIC-8/VSSOP-8"/>
      <property name="Sheetname" value=""/>
      <property name="Sheetfile" value="matrix.kicad_sch"/>
      <sheetpath names="/" tstamps="/"/>
      <tstamps>a2784ed9-919f-4db0-b148-ae785a039246 ada8bdc0-a46f-4351-bf85-7958006d884e 5d3a35fa-2bb0-44e6-ab17-74c445af404b</tstamps>
    </comp>
    <comp ref="U7">
      <value>LM358</value>
      <footprint>Package_SO:SOIC-8_3.9x4.9mm_P1.27mm</footprint>
      <datasheet>http://www.ti.com/lit/ds/symlink/lm2904-n.pdf</datasheet>
      <libsource lib="Amplifier_Operational" part="LM358" description="Low-Power, Dual Operational Amplifiers, DIP-8/SOIC-8/TO-99-8"/>
      <property name="Sheetname" value=""/>
      <property name="Sheetfile" value="matrix.kicad_sch"/>
      <sheetpath names="/" tstamps="/"/>
      <tstamps>f14de59d-e2a9-44aa-8bfe-1676857d1379 78675d7e-02a6-4e01-85fd-ad171c38c70d 1ca40f37-13c1-4420-94a5-c95ab21da80d</tstamps>
    </comp>
    <comp ref="U8">
      <value>LM358</value>
      <footprint>Package_SO:SOIC-8_3.9x4.9mm_P1.27mm</footprint>
      <datasheet>http://www.ti.com/lit/ds/symlink/lm2904-n.pdf</datasheet>
      <libsource lib="Amplifier_Operational" part="LM358" description="Low-Power, Dual Operational Amplifiers, DIP-8/SOIC-8/TO-99-8"/>
      <property name="Sheetname" value=""/>
      <property name="Sheetfile" value="matrix.kicad_sch"/>
      <sheetpath names="/" tstamps="/"/>
      <tstamps>d4931bce-0894-4c42-abc2-bef153a9a647 ee9d70e6-b9a0-4de7-8fd9-6240c86efd6d 6e922ad6-84d1-479e-b312-3b7894c2ff07</tstamps>
    </comp>
    <comp ref="U9">
      <value>LM4040-5</value>
      <footprint>Package_TO_SOT_THT:TO-92_Inline</footprint>
      <datasheet>http://www.ti.com/lit/ds/symlink/lm4040-n.pdf</datasheet>
      <libsource lib="Reference_Voltage" part="LM4040LP-5" description="5.000V Precision Micropower Shunt Voltage Reference, TO-92"/>
      <property name="Sheetname" value=""/>
      <property name="Sheetfile" value="matrix.kicad_sch"/>
      <sheetpath names="/" tstamps="/"/>
      <tstamps>00000000-0000-0000-0000-0000630fefab</tstamps>
    </comp>
  </components>
  <libparts>
    <libpart lib="Amplifier_Operational" part="LM358">
      <description>Low-Power, Dual Operational Amplifiers, DIP-8/SOIC-8/TO-99-8</description>
      <docs>http://www.ti.com/lit/ds/symlink/lm2904-n.pdf</docs>
      <footprints>
        <fp>SOIC*3.9x4.9mm*P1.27mm*</fp>
        <fp>DIP*W7.62mm*</fp>
        <fp>TO*99*</fp>
        <fp>OnSemi*Micro8*</fp>
        <fp>TSSOP*3x3mm*P0.65mm*</fp>
        <fp>TSSOP*4.4x3mm*P0.65mm*</fp>
        <fp>MSOP*3x3mm*P0.65mm*</fp>
        <fp>SSOP*3.9x4.9mm*P0.635mm*</fp>
        <fp>LFCSP*2x2mm*P0.5mm*</fp>
        <fp>*SIP*</fp>
        <fp>SOIC*5.3x6.2mm*P1.27mm*</fp>
      </footprints>
      <fields>
        <field name="Reference">U</field>
        <field name="Value">LM358</field>
        <field name="Datasheet">http://www.ti.com/lit/ds/symlink/lm2904-n.pdf</field>
      </fields>
      <pins>
        <pin num="1" name="" type="output"/>
        <pin num="2" name="-" type="input"/>
        <pin num="3" name="+" type="input"/>
        <pin num="4" name="V-" type="power_in"/>
        <pin num="5" name="+" type="input"/>
        <pin num="6" name="-" type="input"/>
        <pin num="7" name="" type="output"/>
        <pin num="8" name="V+" type="power_in"/>
      </pins>
    </libpart>
    <libpart lib="Amplifier_Operational" part="OPA1678">
      <description>Low-Distortion Audio Operational Amplifiers, SOIC-8/VSSOP-8</description>
      <docs>http://www.ti.com/lit/ds/symlink/opa1678.pdf</docs>
      <footprints>
        <fp>SOIC*3.9x4.9mm*P1.27mm*</fp>
        <fp>DIP*W7.62mm*</fp>
        <fp>TO*99*</fp>
        <fp>OnSemi*Micro8*</fp>
        <fp>TSSOP*3x3mm*P0.65mm*</fp>
        <fp>TSSOP*4.4x3mm*P0.65mm*</fp>
        <fp>MSOP*3x3mm*P0.65mm*</fp>
        <fp>SSOP*3.9x4.9mm*P0.635mm*</fp>
        <fp>LFCSP*2x2mm*P0.5mm*</fp>
        <fp>*SIP*</fp>
        <fp>SOIC*5.3x6.2mm*P1.27mm*</fp>
      </footprints>
      <fields>
        <field name="Reference">U</field>
        <field name="Value">OPA1678</field>
        <field name="Datasheet">http://www.ti.com/lit/ds/symlink/opa1678.pdf</field>
      </fields>
      <pins>
        <pin num="1" name="" type="output"/>
        <pin num="2" name="-" type="input"/>
        <pin num="3" name="+" type="input"/>
        <pin num="4" name="V-" type="power_in"/>
        <pin num="5" name="+" type="input"/>
        <pin num="6" name="-" type="input"/>
        <pin num="7" name="" type="output"/>
        <pin num="8" name="V+" type="power_in"/>
      </pins>
    </libpart>
    <libpart lib="Connector" part="Conn_01x01_Female">
      <description>Generic connector, single row, 01x01, script generated (kicad-library-utils/schlib/autogen/connector/)</description>
      <docs>~</docs>
      <footprints>
        <fp>Connector*:*</fp>
      </footprints>
      <fields>
        <field name="Reference">J</field>
        <field name="Value">Conn_01x01_Female</field>
        <field name="Datasheet">~</field>
      </fields>
      <pins>
        <pin num="1" name="Pin_1" type="passive"/>
      </pins>
    </libpart>
    <libpart lib="Connector" part="Conn_01x01_Male">
      <description>Generic connector, single row, 01x01, script generated (kicad-library-utils/schlib/autogen/connector/)</description>
      <docs>~</docs>
      <footprints>
        <fp>Connector*:*</fp>
      </footprints>
      <fields>
        <field name="Reference">J</field>
        <field name="Value">Conn_01x01_Male</field>
        <field name="Datasheet">~</field>
      </fields>
      <pins>
        <pin num="1" name="Pin_1" type="passive"/>
      </pins>
    </libpart>
    <libpart lib="Connector" part="Conn_01x04_Male">
      <description>Generic connector, single row, 01x04, script generated (kicad-library-utils/schlib/autogen/connector/)</description>
      <docs>~</docs>
      <footprints>
        <fp>Connector*:*_1x??_*</fp>
      </footprints>
      <fields>
        <field name="Reference">J</field>
        <field name="Value">Conn_01x04_Male</field>
        <field name="Datasheet">~</field>
      </fields>
      <pins>
        <pin num="1" name="Pin_1" type="passive"/>
        <pin num="2" name="Pin_2" type="passive"/>
        <pin num="3" name="Pin_3" type="passive"/>
        <pin num="4" name="Pin_4" type="passive"/>
      </pins>
    </libpart>
    <libpart lib="Device" part="C">
      <description>Unpolarized capacitor</description>
      <docs>~</docs>
      <footprints>
        <fp>C_*</fp>
      </footprints>
      <fields>
        <field name="Reference">C</field>
        <field name="Value">C</field>
        <field name="Datasheet">~</field>
      </fields>
      <pins>
        <pin num="1" name="" type="passive"/>
        <pin num="2" name="" type="passive"/>
      </pins>
    </libpart>
    <libpart lib="Device" part="D">
      <description>Diode</description>
      <docs>~</docs>
      <footprints>
        <fp>TO-???*</fp>
        <fp>*_Diode_*</fp>
        <fp>*SingleDiode*</fp>
        <fp>D_*</fp>
      </footprints>
      <fields>
        <field name="Reference">D</field>
        <field name="Value">D</field>
        <field name="Datasheet">~</field>
      </fields>
      <pins>
        <pin num="1" name="K" type="passive"/>
        <pin num="2" name="A" type="passive"/>
      </pins>
    </libpart>
    <libpart lib="Device" part="LED">
      <description>Light emitting diode</description>
      <docs>~</docs>
      <footprints>
        <fp>LED*</fp>
        <fp>LED_SMD:*</fp>
        <fp>LED_THT:*</fp>
      </footprints>
      <fields>
        <field name="Reference">D</field>
        <field name="Value">LED</field>
        <field name="Datasheet">~</field>
      </fields>
      <pins>
        <pin num="1" name="K" type="passive"/>
        <pin num="2" name="A" type="passive"/>
      </pins>
    </libpart>
    <libpart lib="Device" part="R">
      <description>Resistor</description>
      <docs>~</docs>
      <footprints>
        <fp>R_*</fp>
      </footprints>
      <fields>
        <field name="Reference">R</field>
        <field name="Value">R</field>
        <field name="Datasheet">~</field>
      </fields>
      <pins>
        <pin num="1" name="" type="passive"/>
        <pin num="2" name="" type="passive"/>
      </pins>
    </libpart>
    <libpart lib="Reference_Voltage" part="LM4040LP-5">
      <description>5.000V Precision Micropower Shunt Voltage Reference, TO-92</description>
      <docs>http://www.ti.com/lit/ds/symlink/lm4040-n.pdf</docs>
      <footprints>
        <fp>TO?92*Inline*</fp>
      </footprints>
      <fields>
        <field name="Reference">U</field>
        <field name="Value">LM4040LP-5</field>
        <field name="Footprint">Package_TO_SOT_THT:TO-92_Inline</field>
        <field name="Datasheet">http://www.ti.com/lit/ds/symlink/lm4040-n.pdf</field>
      </fields>
      <pins>
        <pin num="2" name="K" type="passive"/>
        <pin num="3" name="A" type="passive"/>
      </pins>
    </libpart>
    <libpart lib="Switch" part="SW_SPDT">
      <description>Switch, single pole double throw</description>
      <docs>~</docs>
      <fields>
        <field name="Reference">SW</field>
        <field name="Value">SW_SPDT</field>
        <field name="Datasheet">~</field>
      </fields>
      <pins>
        <pin num="1" name="A" type="passive"/>
        <pin num="2" name="B" type="passive"/>
        <pin num="3" name="C" type="passive"/>
      </pins>
    </libpart>
    <libpart lib="matrix-rescue" part="CP-Device">
      <footprints>
        <fp>CP_*</fp>
      </footprints>
      <fields>
        <field name="Reference">C</field>
        <field name="Value">CP-Device</field>
      </fields>
      <pins>
        <pin num="1" name="" type="passive"/>
        <pin num="2" name="" type="passive"/>
      </pins>
    </libpart>
    <libpart lib="matrix-rescue" part="R_POT-Device">
      <footprints>
        <fp>Potentiometer*</fp>
      </footprints>
      <fields>
        <field name="Reference">RV</field>
        <field name="Value">R_POT-Device</field>
      </fields>
      <pins>
        <pin num="1" name="1" type="passive"/>
        <pin num="2" name="2" type="passive"/>
        <pin num="3" name="3" type="passive"/>
      </pins>
    </libpart>
  </libparts>
  <libraries>
    <library logical="Amplifier_Operational">
      <uri>/Applications/KiCad/KiCad.app/Contents/SharedSupport/symbols//Amplifier_Operational.kicad_sym</uri>
    </library>
    <library logical="Connector">
      <uri>/Applications/KiCad/KiCad.app/Contents/SharedSupport/symbols//Connector.kicad_sym</uri>
    </library>
    <library logical="Device">
      <uri>/Applications/KiCad/KiCad.app/Contents/SharedSupport/symbols//Device.kicad_sym</uri>
    </library>
    <library logical="Reference_Voltage">
      <uri>/Applications/KiCad/KiCad.app/Contents/SharedSupport/symbols//Reference_Voltage.kicad_sym</uri>
    </library>
    <library logical="Switch">
      <uri>/Applications/KiCad/KiCad.app/Contents/SharedSupport/symbols//Switch.kicad_sym</uri>
    </library>
  </libraries>
  <nets>
    <net code="1" name="+5V">
      <node ref="BP4" pin="2" pintype="passive"/>
      <node ref="R25" pin="1" pintype="passive"/>
      <node ref="SW5" pin="3" pinfunction="C" pintype="passive"/>
      <node ref="U9" pin="2" pinfunction="K" pintype="passive"/>
    </net>
    <net code="2" name="+15V">
      <node ref="BP1" pin="1" pintype="passive"/>
      <node ref="BP10" pin="1" pintype="passive"/>
      <node ref="BP11" pin="1" pintype="passive"/>
      <node ref="BP12" pin="1" pintype="passive"/>
      <node ref="BP14" pin="1" pintype="passive"/>
      <node ref="BP16" pin="1" pintype="passive"/>
      <node ref="BP6" pin="1" pintype="passive"/>
      <node ref="BP7" pin="1" pintype="passive"/>
      <node ref="D6" pin="1" pinfunction="K" pintype="passive"/>
      <node ref="PF4" pin="1" pintype="passive"/>
      <node ref="R25" pin="2" pintype="passive"/>
      <node ref="U1" pin="8" pinfunction="V+" pintype="power_in"/>
      <node ref="U2" pin="8" pinfunction="V+" pintype="power_in"/>
      <node ref="U3" pin="8" pinfunction="V+" pintype="power_in"/>
      <node ref="U4" pin="8" pinfunction="V+" pintype="power_in"/>
      <node ref="U5" pin="8" pinfunction="V+" pintype="power_in"/>
      <node ref="U6" pin="8" pinfunction="V+" pintype="power_in"/>
      <node ref="U7" pin="8" pinfunction="V+" pintype="power_in"/>
      <node ref="U8" pin="8" pinfunction="V+" pintype="power_in"/>
    </net>
    <net code="3" name="-15V">
      <node ref="BP13" pin="2" pintype="passive"/>
      <node ref="BP15" pin="2" pintype="passive"/>
      <node ref="BP17" pin="2" pintype="passive"/>
      <node ref="BP2" pin="2" pintype="passive"/>
      <node ref="BP3" pin="2" pintype="passive"/>
      <node ref="BP5" pin="2" pintype="passive"/>
      <node ref="BP8" pin="2" pintype="passive"/>
      <node ref="BP9" pin="2" pintype="passive"/>
      <node ref="D5" pin="2" pinfunction="A" pintype="passive"/>
      <node ref="PF3" pin="2" pintype="passive"/>
      <node ref="U1" pin="4" pinfunction="V-" pintype="power_in"/>
      <node ref="U2" pin="4" pinfunction="V-" pintype="power_in"/>
      <node ref="U3" pin="4" pinfunction="V-" pintype="power_in"/>
      <node ref="U4" pin="4" pinfunction="V-" pintype="power_in"/>
      <node ref="U5" pin="4" pinfunction="V-" pintype="power_in"/>
      <node ref="U6" pin="4" pinfunction="V-" pintype="power_in"/>
      <node ref="U7" pin="4" pinfunction="V-" pintype="power_in"/>
      <node ref="U8" pin="4" pinfunction="V-" pintype="power_in"/>
    </net>
    <net code="4" name="1">
      <node ref="J6" pin="1" pinfunction="Pin_1" pintype="passive"/>
      <node ref="R34" pin="1" pintype="passive"/>
      <node ref="R38" pin="1" pintype="passive"/>
      <node ref="U7" pin="3" pinfunction="+" pintype="input"/>
    </net>
    <net code="5" name="2">
      <node ref="J7" pin="1" pinfunction="Pin_1" pintype="passive"/>
      <node ref="R35" pin="1" pintype="passive"/>
      <node ref="R39" pin="1" pintype="passive"/>
      <node ref="U7" pin="5" pinfunction="+" pintype="input"/>
    </net>
    <net code="6" name="3">
      <node ref="J9" pin="1" pinfunction="Pin_1" pintype="passive"/>
      <node ref="R36" pin="1" pintype="passive"/>
      <node ref="R40" pin="1" pintype="passive"/>
      <node ref="U8" pin="5" pinfunction="+" pintype="input"/>
    </net>
    <net code="7" name="4">
      <node ref="J8" pin="1" pinfunction="Pin_1" pintype="passive"/>
      <node ref="R37" pin="1" pintype="passive"/>
      <node ref="R41" pin="1" pintype="passive"/>
      <node ref="U8" pin="3" pinfunction="+" pintype="input"/>
    </net>
    <net code="8" name="GNDREF">
      <node ref="BP1" pin="2" pintype="passive"/>
      <node ref="BP10" pin="2" pintype="passive"/>
      <node ref="BP11" pin="2" pintype="passive"/>
      <node ref="BP12" pin="2" pintype="passive"/>
      <node ref="BP13" pin="1" pintype="passive"/>
      <node ref="BP14" pin="2" pintype="passive"/>
      <node ref="BP15" pin="1" pintype="passive"/>
      <node ref="BP16" pin="2" pintype="passive"/>
      <node ref="BP17" pin="1" pintype="passive"/>
      <node ref="BP2" pin="1" pintype="passive"/>
      <node ref="BP3" pin="1" pintype="passive"/>
      <node ref="BP4" pin="1" pintype="passive"/>
      <node ref="BP5" pin="1" pintype="passive"/>
      <node ref="BP6" pin="2" pintype="passive"/>
      <node ref="BP7" pin="2" pintype="passive"/>
      <node ref="BP8" pin="1" pintype="passive"/>
      <node ref="BP9" pin="1" pintype="passive"/>
      <node ref="J16" pin="2" pinfunction="Pin_2" pintype="passive"/>
      <node ref="J16" pin="3" pinfunction="Pin_3" pintype="passive"/>
      <node ref="J18" pin="1" pinfunction="Pin_1" pintype="passive"/>
      <node ref="J19" pin="1" pinfunction="Pin_1" pintype="passive"/>
      <node ref="J20" pin="1" pinfunction="Pin_1" pintype="passive"/>
      <node ref="J21" pin="1" pinfunction="Pin_1" pintype="passive"/>
      <node ref="J22" pin="1" pinfunction="Pin_1" pintype="passive"/>
      <node ref="J23" pin="1" pinfunction="Pin_1" pintype="passive"/>
      <node ref="J24" pin="1" pinfunction="Pin_1" pintype="passive"/>
      <node ref="J25" pin="1" pinfunction="Pin_1" pintype="passive"/>
      <node ref="PF3" pin="1" pintype="passive"/>
      <node ref="PF4" pin="2" pintype="passive"/>
      <node ref="R10" pin="2" pintype="passive"/>
      <node ref="R15" pin="2" pintype="passive"/>
      <node ref="R20" pin="2" pintype="passive"/>
      <node ref="R21" pin="2" pintype="passive"/>
      <node ref="R22" pin="2" pintype="passive"/>
      <node ref="R23" pin="2" pintype="passive"/>
      <node ref="R24" pin="2" pintype="passive"/>
      <node ref="R5" pin="2" pintype="passive"/>
      <node ref="SW1" pin="3" pinfunction="C" pintype="passive"/>
      <node ref="SW2" pin="3" pinfunction="C" pintype="passive"/>
      <node ref="SW3" pin="3" pinfunction="C" pintype="passive"/>
      <node ref="SW4" pin="3" pinfunction="C" pintype="passive"/>
      <node ref="U3" pin="3" pinfunction="+" pintype="input"/>
      <node ref="U3" pin="5" pinfunction="+" pintype="input"/>
      <node ref="U4" pin="3" pinfunction="+" pintype="input"/>
      <node ref="U4" pin="5" pinfunction="+" pintype="input"/>
      <node ref="U5" pin="3" pinfunction="+" pintype="input"/>
      <node ref="U5" pin="5" pinfunction="+" pintype="input"/>
      <node ref="U6" pin="3" pinfunction="+" pintype="input"/>
      <node ref="U6" pin="5" pinfunction="+" pintype="input"/>
      <node ref="U9" pin="3" pinfunction="A" pintype="passive"/>
    </net>
    <net code="9" name="Net-(C1-Pad1)">
      <node ref="C1" pin="1" pintype="passive"/>
      <node ref="R38" pin="2" pintype="passive"/>
      <node ref="U3" pin="7" pintype="output"/>
    </net>
    <net code="10" name="Net-(C1-Pad2)">
      <node ref="C1" pin="2" pintype="passive"/>
      <node ref="R30" pin="1" pintype="passive"/>
      <node ref="R34" pin="2" pintype="passive"/>
      <node ref="SW1" pin="1" pinfunction="A" pintype="passive"/>
      <node ref="U3" pin="6" pinfunction="-" pintype="input"/>
    </net>
    <net code="11" name="Net-(C2-Pad1)">
      <node ref="C2" pin="1" pintype="passive"/>
      <node ref="R39" pin="2" pintype="passive"/>
      <node ref="U4" pin="1" pintype="output"/>
    </net>
    <net code="12" name="Net-(C2-Pad2)">
      <node ref="C2" pin="2" pintype="passive"/>
      <node ref="R31" pin="1" pintype="passive"/>
      <node ref="R35" pin="2" pintype="passive"/>
      <node ref="SW2" pin="1" pinfunction="A" pintype="passive"/>
      <node ref="U4" pin="2" pinfunction="-" pintype="input"/>
    </net>
    <net code="13" name="Net-(C3-Pad1)">
      <node ref="C3" pin="1" pintype="passive"/>
      <node ref="R40" pin="2" pintype="passive"/>
      <node ref="U6" pin="1" pintype="output"/>
    </net>
    <net code="14" name="Net-(C3-Pad2)">
      <node ref="C3" pin="2" pintype="passive"/>
      <node ref="R32" pin="1" pintype="passive"/>
      <node ref="R36" pin="2" pintype="passive"/>
      <node ref="SW4" pin="1" pinfunction="A" pintype="passive"/>
      <node ref="U6" pin="2" pinfunction="-" pintype="input"/>
    </net>
    <net code="15" name="Net-(C4-Pad1)">
      <node ref="C4" pin="1" pintype="passive"/>
      <node ref="R41" pin="2" pintype="passive"/>
      <node ref="U5" pin="7" pintype="output"/>
    </net>
    <net code="16" name="Net-(C4-Pad2)">
      <node ref="C4" pin="2" pintype="passive"/>
      <node ref="R33" pin="1" pintype="passive"/>
      <node ref="R37" pin="2" pintype="passive"/>
      <node ref="SW3" pin="1" pinfunction="A" pintype="passive"/>
      <node ref="U5" pin="6" pinfunction="-" pintype="input"/>
    </net>
    <net code="17" name="Net-(D1-Pad1)">
      <node ref="D1" pin="1" pinfunction="K" pintype="passive"/>
      <node ref="U7" pin="1" pintype="output"/>
    </net>
    <net code="18" name="Net-(D1-Pad2)">
      <node ref="D1" pin="2" pinfunction="A" pintype="passive"/>
      <node ref="R21" pin="1" pintype="passive"/>
      <node ref="U7" pin="2" pinfunction="-" pintype="input"/>
    </net>
    <net code="19" name="Net-(D2-Pad1)">
      <node ref="D2" pin="1" pinfunction="K" pintype="passive"/>
      <node ref="U7" pin="7" pintype="output"/>
    </net>
    <net code="20" name="Net-(D2-Pad2)">
      <node ref="D2" pin="2" pinfunction="A" pintype="passive"/>
      <node ref="R22" pin="1" pintype="passive"/>
      <node ref="U7" pin="6" pinfunction="-" pintype="input"/>
    </net>
    <net code="21" name="Net-(D3-Pad1)">
      <node ref="D3" pin="1" pinfunction="K" pintype="passive"/>
      <node ref="U8" pin="1" pintype="output"/>
    </net>
    <net code="22" name="Net-(D3-Pad2)">
      <node ref="D3" pin="2" pinfunction="A" pintype="passive"/>
      <node ref="R23" pin="1" pintype="passive"/>
      <node ref="U8" pin="2" pinfunction="-" pintype="input"/>
    </net>
    <net code="23" name="Net-(D4-Pad1)">
      <node ref="D4" pin="1" pinfunction="K" pintype="passive"/>
      <node ref="U8" pin="7" pintype="output"/>
    </net>
    <net code="24" name="Net-(D4-Pad2)">
      <node ref="D4" pin="2" pinfunction="A" pintype="passive"/>
      <node ref="R24" pin="1" pintype="passive"/>
      <node ref="U8" pin="6" pinfunction="-" pintype="input"/>
    </net>
    <net code="25" name="Net-(D5-Pad1)">
      <node ref="D5" pin="1" pinfunction="K" pintype="passive"/>
      <node ref="J16" pin="1" pinfunction="Pin_1" pintype="passive"/>
    </net>
    <net code="26" name="Net-(D6-Pad2)">
      <node ref="D6" pin="2" pinfunction="A" pintype="passive"/>
      <node ref="J16" pin="4" pinfunction="Pin_4" pintype="passive"/>
    </net>
    <net code="27" name="Net-(J1-Pad1)">
      <node ref="J1" pin="1" pinfunction="Pin_1" pintype="passive"/>
      <node ref="R20" pin="1" pintype="passive"/>
      <node ref="U2" pin="3" pinfunction="+" pintype="input"/>
    </net>
    <net code="28" name="Net-(J2-Pad1)">
      <node ref="J2" pin="1" pinfunction="Pin_1" pintype="passive"/>
      <node ref="R5" pin="1" pintype="passive"/>
      <node ref="SW5" pin="1" pinfunction="A" pintype="passive"/>
    </net>
    <net code="29" name="Net-(J3-Pad1)">
      <node ref="J3" pin="1" pinfunction="Pin_1" pintype="passive"/>
      <node ref="R10" pin="1" pintype="passive"/>
      <node ref="U1" pin="3" pinfunction="+" pintype="input"/>
    </net>
    <net code="30" name="Net-(J4-Pad1)">
      <node ref="J4" pin="1" pinfunction="Pin_1" pintype="passive"/>
      <node ref="R15" pin="1" pintype="passive"/>
      <node ref="U2" pin="5" pinfunction="+" pintype="input"/>
    </net>
    <net code="31" name="Net-(R1-Pad1)">
      <node ref="R1" pin="1" pintype="passive"/>
      <node ref="R2" pin="1" pintype="passive"/>
      <node ref="R3" pin="1" pintype="passive"/>
      <node ref="R4" pin="1" pintype="passive"/>
      <node ref="U1" pin="6" pinfunction="-" pintype="input"/>
      <node ref="U1" pin="7" pintype="output"/>
    </net>
    <net code="32" name="Net-(R1-Pad2)">
      <node ref="R1" pin="2" pintype="passive"/>
      <node ref="RV1" pin="2" pinfunction="2" pintype="passive"/>
    </net>
    <net code="33" name="Net-(R2-Pad2)">
      <node ref="R2" pin="2" pintype="passive"/>
      <node ref="RV2" pin="2" pinfunction="2" pintype="passive"/>
    </net>
    <net code="34" name="Net-(R3-Pad2)">
      <node ref="R3" pin="2" pintype="passive"/>
      <node ref="RV3" pin="2" pinfunction="2" pintype="passive"/>
    </net>
    <net code="35" name="Net-(R4-Pad2)">
      <node ref="R4" pin="2" pintype="passive"/>
      <node ref="RV4" pin="2" pinfunction="2" pintype="passive"/>
    </net>
    <net code="36" name="Net-(R6-Pad1)">
      <node ref="R6" pin="1" pintype="passive"/>
      <node ref="R7" pin="1" pintype="passive"/>
      <node ref="R8" pin="1" pintype="passive"/>
      <node ref="R9" pin="1" pintype="passive"/>
      <node ref="U1" pin="1" pintype="output"/>
      <node ref="U1" pin="2" pinfunction="-" pintype="input"/>
    </net>
    <net code="37" name="Net-(R6-Pad2)">
      <node ref="R6" pin="2" pintype="passive"/>
      <node ref="RV5" pin="2" pinfunction="2" pintype="passive"/>
    </net>
    <net code="38" name="Net-(R7-Pad2)">
      <node ref="R7" pin="2" pintype="passive"/>
      <node ref="RV6" pin="2" pinfunction="2" pintype="passive"/>
    </net>
    <net code="39" name="Net-(R8-Pad2)">
      <node ref="R8" pin="2" pintype="passive"/>
      <node ref="RV7" pin="2" pinfunction="2" pintype="passive"/>
    </net>
    <net code="40" name="Net-(R9-Pad2)">
      <node ref="R9" pin="2" pintype="passive"/>
      <node ref="RV8" pin="2" pinfunction="2" pintype="passive"/>
    </net>
    <net code="41" name="Net-(R11-Pad1)">
      <node ref="R11" pin="1" pintype="passive"/>
      <node ref="R12" pin="1" pintype="passive"/>
      <node ref="R13" pin="1" pintype="passive"/>
      <node ref="R14" pin="1" pintype="passive"/>
      <node ref="U2" pin="6" pinfunction="-" pintype="input"/>
      <node ref="U2" pin="7" pintype="output"/>
    </net>
    <net code="42" name="Net-(R11-Pad2)">
      <node ref="R11" pin="2" pintype="passive"/>
      <node ref="RV9" pin="2" pinfunction="2" pintype="passive"/>
    </net>
    <net code="43" name="Net-(R12-Pad2)">
      <node ref="R12" pin="2" pintype="passive"/>
      <node ref="RV10" pin="2" pinfunction="2" pintype="passive"/>
    </net>
    <net code="44" name="Net-(R13-Pad2)">
      <node ref="R13" pin="2" pintype="passive"/>
      <node ref="RV11" pin="2" pinfunction="2" pintype="passive"/>
    </net>
    <net code="45" name="Net-(R14-Pad2)">
      <node ref="R14" pin="2" pintype="passive"/>
      <node ref="RV12" pin="2" pinfunction="2" pintype="passive"/>
    </net>
    <net code="46" name="Net-(R16-Pad1)">
      <node ref="R16" pin="1" pintype="passive"/>
      <node ref="R17" pin="1" pintype="passive"/>
      <node ref="R18" pin="1" pintype="passive"/>
      <node ref="R19" pin="1" pintype="passive"/>
      <node ref="U2" pin="1" pintype="output"/>
      <node ref="U2" pin="2" pinfunction="-" pintype="input"/>
    </net>
    <net code="47" name="Net-(R16-Pad2)">
      <node ref="R16" pin="2" pintype="passive"/>
      <node ref="RV13" pin="2" pinfunction="2" pintype="passive"/>
    </net>
    <net code="48" name="Net-(R17-Pad2)">
      <node ref="R17" pin="2" pintype="passive"/>
      <node ref="RV14" pin="2" pinfunction="2" pintype="passive"/>
    </net>
    <net code="49" name="Net-(R18-Pad2)">
      <node ref="R18" pin="2" pintype="passive"/>
      <node ref="RV15" pin="2" pinfunction="2" pintype="passive"/>
    </net>
    <net code="50" name="Net-(R19-Pad2)">
      <node ref="R19" pin="2" pintype="passive"/>
      <node ref="RV16" pin="2" pinfunction="2" pintype="passive"/>
    </net>
    <net code="51" name="Net-(R26-Pad1)">
      <node ref="R26" pin="1" pintype="passive"/>
      <node ref="R30" pin="2" pintype="passive"/>
      <node ref="U3" pin="1" pintype="output"/>
    </net>
    <net code="52" name="Net-(R26-Pad2)">
      <node ref="R26" pin="2" pintype="passive"/>
      <node ref="RV1" pin="3" pinfunction="3" pintype="passive"/>
      <node ref="RV13" pin="3" pinfunction="3" pintype="passive"/>
      <node ref="RV5" pin="3" pinfunction="3" pintype="passive"/>
      <node ref="RV9" pin="3" pinfunction="3" pintype="passive"/>
      <node ref="U3" pin="2" pinfunction="-" pintype="input"/>
    </net>
    <net code="53" name="Net-(R27-Pad1)">
      <node ref="R27" pin="1" pintype="passive"/>
      <node ref="R31" pin="2" pintype="passive"/>
      <node ref="U4" pin="7" pintype="output"/>
    </net>
    <net code="54" name="Net-(R27-Pad2)">
      <node ref="R27" pin="2" pintype="passive"/>
      <node ref="RV10" pin="3" pinfunction="3" pintype="passive"/>
      <node ref="RV14" pin="3" pinfunction="3" pintype="passive"/>
      <node ref="RV2" pin="3" pinfunction="3" pintype="passive"/>
      <node ref="RV6" pin="3" pinfunction="3" pintype="passive"/>
      <node ref="U4" pin="6" pinfunction="-" pintype="input"/>
    </net>
    <net code="55" name="Net-(R28-Pad1)">
      <node ref="R28" pin="1" pintype="passive"/>
      <node ref="R32" pin="2" pintype="passive"/>
      <node ref="U6" pin="7" pintype="output"/>
    </net>
    <net code="56" name="Net-(R28-Pad2)">
      <node ref="R28" pin="2" pintype="passive"/>
      <node ref="RV12" pin="3" pinfunction="3" pintype="passive"/>
      <node ref="RV16" pin="3" pinfunction="3" pintype="passive"/>
      <node ref="RV4" pin="3" pinfunction="3" pintype="passive"/>
      <node ref="RV8" pin="3" pinfunction="3" pintype="passive"/>
      <node ref="U6" pin="6" pinfunction="-" pintype="input"/>
    </net>
    <net code="57" name="Net-(R29-Pad1)">
      <node ref="R29" pin="1" pintype="passive"/>
      <node ref="R33" pin="2" pintype="passive"/>
      <node ref="U5" pin="1" pintype="output"/>
    </net>
    <net code="58" name="Net-(R29-Pad2)">
      <node ref="R29" pin="2" pintype="passive"/>
      <node ref="RV11" pin="3" pinfunction="3" pintype="passive"/>
      <node ref="RV15" pin="3" pinfunction="3" pintype="passive"/>
      <node ref="RV3" pin="3" pinfunction="3" pintype="passive"/>
      <node ref="RV7" pin="3" pinfunction="3" pintype="passive"/>
      <node ref="U5" pin="2" pinfunction="-" pintype="input"/>
    </net>
    <net code="59" name="Net-(RV1-Pad1)">
      <node ref="RV1" pin="1" pinfunction="1" pintype="passive"/>
      <node ref="RV13" pin="1" pinfunction="1" pintype="passive"/>
      <node ref="RV5" pin="1" pinfunction="1" pintype="passive"/>
      <node ref="RV9" pin="1" pinfunction="1" pintype="passive"/>
      <node ref="SW1" pin="2" pinfunction="B" pintype="passive"/>
    </net>
    <net code="60" name="Net-(RV10-Pad1)">
      <node ref="RV10" pin="1" pinfunction="1" pintype="passive"/>
      <node ref="RV14" pin="1" pinfunction="1" pintype="passive"/>
      <node ref="RV2" pin="1" pinfunction="1" pintype="passive"/>
      <node ref="RV6" pin="1" pinfunction="1" pintype="passive"/>
      <node ref="SW2" pin="2" pinfunction="B" pintype="passive"/>
    </net>
    <net code="61" name="Net-(RV11-Pad1)">
      <node ref="RV11" pin="1" pinfunction="1" pintype="passive"/>
      <node ref="RV15" pin="1" pinfunction="1" pintype="passive"/>
      <node ref="RV3" pin="1" pinfunction="1" pintype="passive"/>
      <node ref="RV7" pin="1" pinfunction="1" pintype="passive"/>
      <node ref="SW3" pin="2" pinfunction="B" pintype="passive"/>
    </net>
    <net code="62" name="Net-(RV12-Pad1)">
      <node ref="RV12" pin="1" pinfunction="1" pintype="passive"/>
      <node ref="RV16" pin="1" pinfunction="1" pintype="passive"/>
      <node ref="RV4" pin="1" pinfunction="1" pintype="passive"/>
      <node ref="RV8" pin="1" pinfunction="1" pintype="passive"/>
      <node ref="SW4" pin="2" pinfunction="B" pintype="passive"/>
    </net>
    <net code="63" name="Net-(SW5-Pad2)">
      <node ref="SW5" pin="2" pinfunction="B" pintype="passive"/>
      <node ref="U1" pin="5" pinfunction="+" pintype="input"/>
    </net>
  </nets>
</export>
