"Source:","/Users/usb/Desktop/Kicad/matrix_v6/matrix.kicad_sch"
"Date:","Monday, February 06, 2023 at 09:12:04 PM"
"Tool:","Eeschema (6.0.7-1)-1"
"Generator:","/Applications/KiCad/KiCad.app/Contents/SharedSupport/plugins/bom_csv_grouped_by_value_with_fp.py"
"Component Count:","117"
"Ref","Qnty","Value","Cmp name","Footprint","Description","Vendor"
"BP1, BP2, BP3, BP4, BP5, BP6, BP7, BP8, BP9, BP10, BP11, BP12, BP13, BP14, BP15, BP16, BP17, ","17","100n","C","Capacitor_SMD:C_0805_2012Metric_Pad1.18x1.45mm_HandSolder","Unpolarized capacitor",""
"C1, C2, C3, C4, ","4","22p","C","Capacitor_SMD:C_0805_2012Metric_Pad1.18x1.45mm_HandSolder","Unpolarized capacitor",""
"D1, D2, D3, D4, ","4","BIPOLAR","LED","Footprints2:LED-5MMcenter","Light emitting diode",""
"D5, D6, ","2","1N5819","D","Diode_THT:D_DO-41_SOD81_P10.16mm_Horizontal","Diode",""
"J1, ","1","IN4","Conn_01x01_Female","Footprints2:BananaFoFanna4","Generic connector, single row, 01x01, script generated (kicad-library-utils/schlib/autogen/connector/)",""
"J2, ","1","IN1","Conn_01x01_Female","Footprints2:BananaFoFanna4","Generic connector, single row, 01x01, script generated (kicad-library-utils/schlib/autogen/connector/)",""
"J3, ","1","IN2","Conn_01x01_Female","Footprints2:BananaFoFanna4","Generic connector, single row, 01x01, script generated (kicad-library-utils/schlib/autogen/connector/)",""
"J4, ","1","IN3","Conn_01x01_Female","Footprints2:BananaFoFanna4","Generic connector, single row, 01x01, script generated (kicad-library-utils/schlib/autogen/connector/)",""
"J6, ","1","OUT1","Conn_01x01_Female","Footprints2:BananaFoFanna4","Generic connector, single row, 01x01, script generated (kicad-library-utils/schlib/autogen/connector/)",""
"J7, ","1","OUT2","Conn_01x01_Female","Footprints2:BananaFoFanna4","Generic connector, single row, 01x01, script generated (kicad-library-utils/schlib/autogen/connector/)",""
"J8, ","1","OUT3","Conn_01x01_Female","Footprints2:BananaFoFanna4","Generic connector, single row, 01x01, script generated (kicad-library-utils/schlib/autogen/connector/)",""
"J9, ","1","OUT4","Conn_01x01_Female","Footprints2:BananaFoFanna4","Generic connector, single row, 01x01, script generated (kicad-library-utils/schlib/autogen/connector/)",""
"J16, ","1","POWER","Conn_01x04_Male","TerminalBlock_TE-Connectivity:TerminalBlock_TE_282834-4_1x04_P2.54mm_Horizontal","Generic connector, single row, 01x04, script generated (kicad-library-utils/schlib/autogen/connector/)",""
"J18, J19, J20, J21, J22, J23, J24, J25, ","8","0V","Conn_01x01_Male","Connector_PinHeader_2.54mm:PinHeader_1x01_P2.54mm_Vertical","Generic connector, single row, 01x01, script generated (kicad-library-utils/schlib/autogen/connector/)",""
"PF3, PF4, ","2","22u","CP-Device","Capacitor_THT:CP_Radial_D6.3mm_P2.50mm","",""
"R1, R2, R3, R4, R6, R7, R8, R9, R11, R12, R13, R14, R16, R17, R18, R19, R26, R27, R28, R29, R30, R31, R32, R33, R34, R35, R36, R37, ","28","100k","R","Resistor_SMD:R_0805_2012Metric_Pad1.20x1.40mm_HandSolder","Resistor",""
"R5, R10, R15, R20, ","4","1M","R","Resistor_SMD:R_0805_2012Metric_Pad1.20x1.40mm_HandSolder","Resistor",""
"R21, R22, R23, R24, R38, R39, R40, R41, ","8","1k","R","Resistor_SMD:R_0805_2012Metric_Pad1.20x1.40mm_HandSolder","Resistor",""
"R25, ","1","3k3","R","Resistor_SMD:R_0805_2012Metric_Pad1.20x1.40mm_HandSolder","Resistor",""
"RV1, RV2, RV3, RV4, RV5, RV6, RV7, RV8, RV9, RV10, RV11, RV12, RV13, RV14, RV15, RV16, ","16","B10k","R_POT-Device","Footprints2:Potentiometer_Alpha_RD901F-40-00D_Single_Vertical_Center","",""
"SW1, SW2, SW3, SW4, SW5, ","5","ON/ON","SW_SPDT","4ms_Switch:Switch_Toggle_SPDT_SubMini","Switch, single pole double throw",""
"U1, U2, U3, U4, U5, U6, ","6","OPA1652","OPA1678","Package_SO:SOIC-8_3.9x4.9mm_P1.27mm","Low-Distortion Audio Operational Amplifiers, SOIC-8/VSSOP-8",""
"U7, U8, ","2","LM358","LM358","Package_SO:SOIC-8_3.9x4.9mm_P1.27mm","Low-Power, Dual Operational Amplifiers, DIP-8/SOIC-8/TO-99-8",""
"U9, ","1","LM4040-5","LM4040LP-5","Package_TO_SOT_THT:TO-92_Inline","5.000V Precision Micropower Shunt Voltage Reference, TO-92",""
