"Source:","/Users/usb/Desktop/Kicad/shades 2/shades.sch"
"Date:","Monday, May 03, 2021 at 09:43:20 PM"
"Tool:","Eeschema (5.1.2-1)-1"
"Generator:","/private/var/folders/02/bt6ftjhn7zgdq6_565cgp8440000gp/T/AppTranslocation/F1D6C747-12A5-44F1-B32C-CD8800931DD8/d/kicad.app/Contents/SharedSupport/plugins/bom_csv_grouped_by_value_with_fp.py"
"Component Count:","73"
"Ref","Qnty","Value","Cmp name","Footprint","Description","Vendor"
"BP1, BP2, ","2","10u","CP","Capacitor_THT:CP_Radial_D6.3mm_P2.50mm","Polarized capacitor",""
"BP6, BP5, BP4, BP3, BP7, BP8, BP9, BP10, BP11, BP12, ","10","100n","C","Capacitor_THT:C_Disc_D5.0mm_W2.5mm_P2.50mm","Unpolarized capacitor",""
"C8, C5, C14, ","3","22p","C","Capacitor_THT:C_Disc_D5.0mm_W2.5mm_P2.50mm","Unpolarized capacitor",""
"D2, D1, ","2","1N5819","1N5819","Diode_THT:D_DO-41_SOD81_P10.16mm_Horizontal","40V 1A Schottky Barrier Rectifier Diode, DO-41",""
"J1, ","1","PWR","Conn_01x04_Male","TerminalBlock_TE-Connectivity:TerminalBlock_TE_282834-4_1x04_P2.54mm_Horizontal","Generic connector, single row, 01x04, script generated (kicad-library-utils/schlib/autogen/connector/)",""
"J2, ","1","1B","Conn_01x06_Male","Connector_PinSocket_2.54mm:PinSocket_1x06_P2.54mm_Vertical","Generic connector, single row, 01x06, script generated (kicad-library-utils/schlib/autogen/connector/)",""
"J3, ","1","IN1","Conn_01x01_Female","Footprints2:BananaFoFanna4","Generic connector, single row, 01x01, script generated (kicad-library-utils/schlib/autogen/connector/)",""
"J4, ","1","OUT 1","Conn_01x01_Female","Footprints2:BananaFoFanna4","Generic connector, single row, 01x01, script generated (kicad-library-utils/schlib/autogen/connector/)",""
"J5, ","1","IN2","Conn_01x01_Female","Footprints2:BananaFoFanna4","Generic connector, single row, 01x01, script generated (kicad-library-utils/schlib/autogen/connector/)",""
"J6, ","1","OUT 2","Conn_01x01_Female","Footprints2:BananaFoFanna4","Generic connector, single row, 01x01, script generated (kicad-library-utils/schlib/autogen/connector/)",""
"J7, ","1","2B","Conn_01x06_Male","Connector_PinSocket_2.54mm:PinSocket_1x06_P2.54mm_Vertical","Generic connector, single row, 01x06, script generated (kicad-library-utils/schlib/autogen/connector/)",""
"J8, ","1","3B","Conn_01x06_Male","Connector_PinSocket_2.54mm:PinSocket_1x06_P2.54mm_Vertical","Generic connector, single row, 01x06, script generated (kicad-library-utils/schlib/autogen/connector/)",""
"J9, ","1","1A","Conn_01x06_Female","Connector_PinSocket_2.54mm:PinSocket_1x06_P2.54mm_Vertical","Generic connector, single row, 01x06, script generated (kicad-library-utils/schlib/autogen/connector/)",""
"J10, ","1","2A","Conn_01x06_Female","Connector_PinSocket_2.54mm:PinSocket_1x06_P2.54mm_Vertical","Generic connector, single row, 01x06, script generated (kicad-library-utils/schlib/autogen/connector/)",""
"J11, ","1","3A","Conn_01x06_Female","Connector_PinSocket_2.54mm:PinSocket_1x06_P2.54mm_Vertical","Generic connector, single row, 01x06, script generated (kicad-library-utils/schlib/autogen/connector/)",""
"JP1, ","1","jumper","Jumper_NC_Dual","Connector_PinSocket_2.54mm:PinSocket_1x03_P2.54mm_Vertical","Dual jumper, normally closed",""
"LED2, LED1, ","2","BICOLOR LED","LED","Footprints2:LED-3MMcenter","Light emitting diode",""
"R3, ","1","49.9k","R","Resistor_THT:R_Axial_DIN0207_L6.3mm_D2.5mm_P7.62mm_Horizontal","Resistor",""
"R23, R22, R26, R12, R7, R9, R8, R15, R14, R5, R1, R2, R6, R13, R16, R18, R19, R20, R17, R25, ","20","100k","R","Resistor_THT:R_Axial_DIN0207_L6.3mm_D2.5mm_P7.62mm_Horizontal","Resistor",""
"R27, ","1","10k","R","Resistor_THT:R_Axial_DIN0207_L6.3mm_D2.5mm_P7.62mm_Horizontal","Resistor",""
"R30, R11, R4, R29, R24, ","5","1k","R","Resistor_THT:R_Axial_DIN0207_L6.3mm_D2.5mm_P7.62mm_Horizontal","Resistor",""
"RV3, RV1, RV2, ","3","10kB","R_POT","Footprints2:Potentiometer_Alpha_RD901F-40-00D_Single_Vertical_Center","Potentiometer",""
"SW3, SW5, SW2, SW1, SW4, ","5","SW_SPDT","SW_SPDT","4ms_Switch:Switch_Toggle_SPDT_SubMini","Switch, single pole double throw",""
"U2, U3, U1, U4, ","4","LME49720","TL072","Package_DIP:DIP-8_W7.62mm_LongPads","Dual Low-Noise JFET-Input Operational Amplifiers, DIP-8/SOIC-8",""
"U5, ","1","TL072","TL072","Package_DIP:DIP-8_W7.62mm_LongPads","Dual Low-Noise JFET-Input Operational Amplifiers, DIP-8/SOIC-8",""
"U6, ","1","LM4040LP-10","LM4040LP-10","Package_TO_SOT_THT:TO-92_Inline","10.00V Precision Micropower Shunt Voltage Reference, TO-92",""
"U7, ","1","LM358","LM358","Package_DIP:DIP-8_W7.62mm_LongPads","Low-Power, Dual Operational Amplifiers, DIP-8/SOIC-8/TO-99-8",""
