<?xml version="1.0" encoding="UTF-8"?>
<export version="E">
  <design>
    <source>/Users/usb/Desktop/Kicad/compare/compare.kicad_sch</source>
    <date>Sunday, April 23, 2023 at 06:42:17 PM</date>
    <tool>Eeschema (6.0.7-1)-1</tool>
    <sheet number="1" name="/" tstamps="/">
      <title_block>
        <title>12 X U</title>
        <company/>
        <rev>v01</rev>
        <date>2023</date>
        <source>compare.kicad_sch</source>
        <comment number="1" value=""/>
        <comment number="2" value=""/>
        <comment number="3" value=""/>
        <comment number="4" value=""/>
        <comment number="5" value=""/>
        <comment number="6" value=""/>
        <comment number="7" value=""/>
        <comment number="8" value=""/>
        <comment number="9" value=""/>
      </title_block>
    </sheet>
  </design>
  <components>
    <comp ref="BP1">
      <value>100n</value>
      <footprint>Capacitor_SMD:C_0805_2012Metric_Pad1.18x1.45mm_HandSolder</footprint>
      <libsource lib="Device" part="C" description="Unpolarized capacitor"/>
      <property name="Sheetname" value=""/>
      <property name="Sheetfile" value="compare.kicad_sch"/>
      <sheetpath names="/" tstamps="/"/>
      <tstamps>834a166d-9922-49c7-9bb4-e4944c5ccf4e</tstamps>
    </comp>
    <comp ref="BP2">
      <value>100n</value>
      <footprint>Capacitor_SMD:C_0805_2012Metric_Pad1.18x1.45mm_HandSolder</footprint>
      <libsource lib="Device" part="C" description="Unpolarized capacitor"/>
      <property name="Sheetname" value=""/>
      <property name="Sheetfile" value="compare.kicad_sch"/>
      <sheetpath names="/" tstamps="/"/>
      <tstamps>2fba0ea3-dd4e-4512-976e-c1526ebe59fc</tstamps>
    </comp>
    <comp ref="BP3">
      <value>100n</value>
      <footprint>Capacitor_SMD:C_0805_2012Metric_Pad1.18x1.45mm_HandSolder</footprint>
      <libsource lib="Device" part="C" description="Unpolarized capacitor"/>
      <property name="Sheetname" value=""/>
      <property name="Sheetfile" value="compare.kicad_sch"/>
      <sheetpath names="/" tstamps="/"/>
      <tstamps>620c6f4d-6717-4f51-98f6-a3cecf080b85</tstamps>
    </comp>
    <comp ref="BP4">
      <value>100n</value>
      <footprint>Capacitor_SMD:C_0805_2012Metric_Pad1.18x1.45mm_HandSolder</footprint>
      <libsource lib="Device" part="C" description="Unpolarized capacitor"/>
      <property name="Sheetname" value=""/>
      <property name="Sheetfile" value="compare.kicad_sch"/>
      <sheetpath names="/" tstamps="/"/>
      <tstamps>b7e98c71-4c59-4e41-805f-a3c52469838a</tstamps>
    </comp>
    <comp ref="BP5">
      <value>100n</value>
      <footprint>Capacitor_SMD:C_0805_2012Metric_Pad1.18x1.45mm_HandSolder</footprint>
      <libsource lib="Device" part="C" description="Unpolarized capacitor"/>
      <property name="Sheetname" value=""/>
      <property name="Sheetfile" value="compare.kicad_sch"/>
      <sheetpath names="/" tstamps="/"/>
      <tstamps>6624ccb5-af9e-43a8-91b7-f9310f68fa70</tstamps>
    </comp>
    <comp ref="BP6">
      <value>100n</value>
      <footprint>Capacitor_SMD:C_0805_2012Metric_Pad1.18x1.45mm_HandSolder</footprint>
      <libsource lib="Device" part="C" description="Unpolarized capacitor"/>
      <property name="Sheetname" value=""/>
      <property name="Sheetfile" value="compare.kicad_sch"/>
      <sheetpath names="/" tstamps="/"/>
      <tstamps>e628b7db-b32d-4fe6-887b-00a00c8a3e3f</tstamps>
    </comp>
    <comp ref="C1">
      <value>47p</value>
      <footprint>Capacitor_SMD:C_0805_2012Metric_Pad1.18x1.45mm_HandSolder</footprint>
      <libsource lib="Device" part="C" description="Unpolarized capacitor"/>
      <property name="Sheetname" value=""/>
      <property name="Sheetfile" value="compare.kicad_sch"/>
      <sheetpath names="/" tstamps="/"/>
      <tstamps>1fd4c405-598a-4894-ba3e-585f16fc25b5</tstamps>
    </comp>
    <comp ref="C2">
      <value>47p</value>
      <footprint>Capacitor_SMD:C_0805_2012Metric_Pad1.18x1.45mm_HandSolder</footprint>
      <libsource lib="Device" part="C" description="Unpolarized capacitor"/>
      <property name="Sheetname" value=""/>
      <property name="Sheetfile" value="compare.kicad_sch"/>
      <sheetpath names="/" tstamps="/"/>
      <tstamps>081e84cc-7c37-4c5e-9860-5090598d9f84</tstamps>
    </comp>
    <comp ref="C3">
      <value>22u</value>
      <footprint>Capacitor_THT:C_Disc_D5.0mm_W2.5mm_P2.50mm</footprint>
      <libsource lib="Device" part="C" description="Unpolarized capacitor"/>
      <property name="Sheetname" value=""/>
      <property name="Sheetfile" value="compare.kicad_sch"/>
      <sheetpath names="/" tstamps="/"/>
      <tstamps>29185709-844a-4d03-9e23-4e5c9e6c1d95</tstamps>
    </comp>
    <comp ref="C4">
      <value>100n</value>
      <footprint>Capacitor_SMD:C_0805_2012Metric_Pad1.18x1.45mm_HandSolder</footprint>
      <libsource lib="Device" part="C" description="Unpolarized capacitor"/>
      <property name="Sheetname" value=""/>
      <property name="Sheetfile" value="compare.kicad_sch"/>
      <sheetpath names="/" tstamps="/"/>
      <tstamps>8281d533-b30b-4c21-9f74-65e63e837dde</tstamps>
    </comp>
    <comp ref="C5">
      <value>100n</value>
      <footprint>Capacitor_SMD:C_0805_2012Metric_Pad1.18x1.45mm_HandSolder</footprint>
      <libsource lib="Device" part="C" description="Unpolarized capacitor"/>
      <property name="Sheetname" value=""/>
      <property name="Sheetfile" value="compare.kicad_sch"/>
      <sheetpath names="/" tstamps="/"/>
      <tstamps>795511d3-7231-477c-9b54-e5c923fa3d64</tstamps>
    </comp>
    <comp ref="D1">
      <value>1n4148</value>
      <footprint>Diode_THT:D_DO-35_SOD27_P7.62mm_Horizontal</footprint>
      <libsource lib="Device" part="D" description="Diode"/>
      <property name="Sheetname" value=""/>
      <property name="Sheetfile" value="compare.kicad_sch"/>
      <sheetpath names="/" tstamps="/"/>
      <tstamps>f1d4fa86-f735-4e61-b286-18d00c5d7ccc</tstamps>
    </comp>
    <comp ref="D2">
      <value>1n4148</value>
      <footprint>Diode_THT:D_DO-35_SOD27_P7.62mm_Horizontal</footprint>
      <libsource lib="Device" part="D" description="Diode"/>
      <property name="Sheetname" value=""/>
      <property name="Sheetfile" value="compare.kicad_sch"/>
      <sheetpath names="/" tstamps="/"/>
      <tstamps>372129a0-e9c7-445f-9b9f-8ee0bf7dd985</tstamps>
    </comp>
    <comp ref="D3">
      <value>BAT43</value>
      <footprint>Diode_THT:D_DO-35_SOD27_P7.62mm_Horizontal</footprint>
      <datasheet>http://www.vishay.com/docs/85660/bat42.pdf</datasheet>
      <libsource lib="Diode" part="BAT43" description="30V 0.2A Small Signal Schottky Diode, DO-35"/>
      <property name="Sheetname" value=""/>
      <property name="Sheetfile" value="compare.kicad_sch"/>
      <sheetpath names="/" tstamps="/"/>
      <tstamps>6da2ee2d-c5c8-492c-a83f-a7166b52df56</tstamps>
    </comp>
    <comp ref="D4">
      <value>BAT43</value>
      <footprint>Diode_THT:D_DO-35_SOD27_P7.62mm_Horizontal</footprint>
      <datasheet>http://www.vishay.com/docs/85660/bat42.pdf</datasheet>
      <libsource lib="Diode" part="BAT43" description="30V 0.2A Small Signal Schottky Diode, DO-35"/>
      <property name="Sheetname" value=""/>
      <property name="Sheetfile" value="compare.kicad_sch"/>
      <sheetpath names="/" tstamps="/"/>
      <tstamps>f526298c-27c0-46b0-9c74-1394344b6830</tstamps>
    </comp>
    <comp ref="D5">
      <value>BAT43</value>
      <footprint>Diode_THT:D_DO-35_SOD27_P7.62mm_Horizontal</footprint>
      <datasheet>http://www.vishay.com/docs/85660/bat42.pdf</datasheet>
      <libsource lib="Diode" part="BAT43" description="30V 0.2A Small Signal Schottky Diode, DO-35"/>
      <property name="Sheetname" value=""/>
      <property name="Sheetfile" value="compare.kicad_sch"/>
      <sheetpath names="/" tstamps="/"/>
      <tstamps>f7ebb0a3-ae6e-46ec-8a85-f8159a874fcd</tstamps>
    </comp>
    <comp ref="D6">
      <value>BAT43</value>
      <footprint>Diode_THT:D_DO-35_SOD27_P7.62mm_Horizontal</footprint>
      <datasheet>http://www.vishay.com/docs/85660/bat42.pdf</datasheet>
      <libsource lib="Diode" part="BAT43" description="30V 0.2A Small Signal Schottky Diode, DO-35"/>
      <property name="Sheetname" value=""/>
      <property name="Sheetfile" value="compare.kicad_sch"/>
      <sheetpath names="/" tstamps="/"/>
      <tstamps>babbdeda-a9bc-4fe3-add5-d4a816da5ec0</tstamps>
    </comp>
    <comp ref="FB1">
      <value>FerriteBead_Small</value>
      <footprint>Inductor_THT:L_Axial_L7.0mm_D3.3mm_P10.16mm_Horizontal_Fastron_MICC</footprint>
      <libsource lib="Device" part="FerriteBead_Small" description="Ferrite bead, small symbol"/>
      <property name="Sheetname" value=""/>
      <property name="Sheetfile" value="compare.kicad_sch"/>
      <sheetpath names="/" tstamps="/"/>
      <tstamps>72fd97f7-4ef4-45f1-ba8d-7dba724fd6b0</tstamps>
    </comp>
    <comp ref="FB2">
      <value>FerriteBead_Small</value>
      <footprint>Inductor_THT:L_Axial_L7.0mm_D3.3mm_P10.16mm_Horizontal_Fastron_MICC</footprint>
      <libsource lib="Device" part="FerriteBead_Small" description="Ferrite bead, small symbol"/>
      <property name="Sheetname" value=""/>
      <property name="Sheetfile" value="compare.kicad_sch"/>
      <sheetpath names="/" tstamps="/"/>
      <tstamps>ad541d7a-f48a-4e79-83a6-39283f7e78b1</tstamps>
    </comp>
    <comp ref="H1">
      <value>MountingHole</value>
      <footprint>Footprints2:MountingHoleM3</footprint>
      <libsource lib="Mechanical" part="MountingHole" description="Mounting Hole without connection"/>
      <property name="Sheetname" value=""/>
      <property name="Sheetfile" value="compare.kicad_sch"/>
      <sheetpath names="/" tstamps="/"/>
      <tstamps>ddfdcc03-d78f-4000-ab81-80ab2c52740f</tstamps>
    </comp>
    <comp ref="H2">
      <value>MountingHole</value>
      <footprint>Footprints2:MountingHoleM3</footprint>
      <libsource lib="Mechanical" part="MountingHole" description="Mounting Hole without connection"/>
      <property name="Sheetname" value=""/>
      <property name="Sheetfile" value="compare.kicad_sch"/>
      <sheetpath names="/" tstamps="/"/>
      <tstamps>44bf047c-b974-4e78-b509-f4ee8bb8215e</tstamps>
    </comp>
    <comp ref="J1">
      <value>Banana_Jack</value>
      <footprint>Footprints2:BananaFoFanna5</footprint>
      <libsource lib="Connector" part="Conn_01x01_Female" description="Generic connector, single row, 01x01, script generated (kicad-library-utils/schlib/autogen/connector/)"/>
      <property name="Sheetname" value=""/>
      <property name="Sheetfile" value="compare.kicad_sch"/>
      <sheetpath names="/" tstamps="/"/>
      <tstamps>7d0101d2-1e6a-40fb-8d74-6d93a5a2a3ef</tstamps>
    </comp>
    <comp ref="J2">
      <value>Banana_Jack</value>
      <footprint>Footprints2:BananaFoFanna5</footprint>
      <libsource lib="Connector" part="Conn_01x01_Female" description="Generic connector, single row, 01x01, script generated (kicad-library-utils/schlib/autogen/connector/)"/>
      <property name="Sheetname" value=""/>
      <property name="Sheetfile" value="compare.kicad_sch"/>
      <sheetpath names="/" tstamps="/"/>
      <tstamps>1457d9d6-f3d1-4384-aa09-e38efd5fd913</tstamps>
    </comp>
    <comp ref="J3">
      <value>Banana_Jack</value>
      <footprint>Footprints2:BananaFoFanna5</footprint>
      <libsource lib="Connector" part="Conn_01x01_Female" description="Generic connector, single row, 01x01, script generated (kicad-library-utils/schlib/autogen/connector/)"/>
      <property name="Sheetname" value=""/>
      <property name="Sheetfile" value="compare.kicad_sch"/>
      <sheetpath names="/" tstamps="/"/>
      <tstamps>88a4b24b-323e-4bbe-a8aa-b2422713a47f</tstamps>
    </comp>
    <comp ref="J4">
      <value>Banana_Jack</value>
      <footprint>Footprints2:BananaFoFanna5</footprint>
      <libsource lib="Connector" part="Conn_01x01_Female" description="Generic connector, single row, 01x01, script generated (kicad-library-utils/schlib/autogen/connector/)"/>
      <property name="Sheetname" value=""/>
      <property name="Sheetfile" value="compare.kicad_sch"/>
      <sheetpath names="/" tstamps="/"/>
      <tstamps>3a7f9b9a-c7e8-496a-aeda-c4dcb498d2fa</tstamps>
    </comp>
    <comp ref="J5">
      <value>Banana_Jack</value>
      <footprint>Footprints2:BananaFoFanna5</footprint>
      <libsource lib="Connector" part="Conn_01x01_Female" description="Generic connector, single row, 01x01, script generated (kicad-library-utils/schlib/autogen/connector/)"/>
      <property name="Sheetname" value=""/>
      <property name="Sheetfile" value="compare.kicad_sch"/>
      <sheetpath names="/" tstamps="/"/>
      <tstamps>d01f8c18-1989-4be5-81f6-5c4cfd09f285</tstamps>
    </comp>
    <comp ref="J6">
      <value>Banana_Jack</value>
      <footprint>Footprints2:BananaFoFanna5</footprint>
      <libsource lib="Connector" part="Conn_01x01_Female" description="Generic connector, single row, 01x01, script generated (kicad-library-utils/schlib/autogen/connector/)"/>
      <property name="Sheetname" value=""/>
      <property name="Sheetfile" value="compare.kicad_sch"/>
      <sheetpath names="/" tstamps="/"/>
      <tstamps>02e09473-b08f-4a4c-a881-c12c28e009ea</tstamps>
    </comp>
    <comp ref="J7">
      <value>Banana_Jack</value>
      <footprint>Footprints2:BananaFoFanna5</footprint>
      <libsource lib="Connector" part="Conn_01x01_Female" description="Generic connector, single row, 01x01, script generated (kicad-library-utils/schlib/autogen/connector/)"/>
      <property name="Sheetname" value=""/>
      <property name="Sheetfile" value="compare.kicad_sch"/>
      <sheetpath names="/" tstamps="/"/>
      <tstamps>adc0ff17-2d90-426d-9240-d6788e745a67</tstamps>
    </comp>
    <comp ref="J8">
      <value>Banana_Jack</value>
      <footprint>Footprints2:BananaFoFanna5</footprint>
      <libsource lib="Connector" part="Conn_01x01_Female" description="Generic connector, single row, 01x01, script generated (kicad-library-utils/schlib/autogen/connector/)"/>
      <property name="Sheetname" value=""/>
      <property name="Sheetfile" value="compare.kicad_sch"/>
      <sheetpath names="/" tstamps="/"/>
      <tstamps>3ba3e5c8-4900-471c-a5cf-c970ddf8703a</tstamps>
    </comp>
    <comp ref="J9">
      <value>1A</value>
      <footprint>Connector_PinSocket_2.54mm:PinSocket_1x06_P2.54mm_Vertical</footprint>
      <libsource lib="Connector" part="Conn_01x06_Female" description="Generic connector, single row, 01x06, script generated (kicad-library-utils/schlib/autogen/connector/)"/>
      <property name="Sheetname" value=""/>
      <property name="Sheetfile" value="compare.kicad_sch"/>
      <sheetpath names="/" tstamps="/"/>
      <tstamps>2940ffd9-944d-4cea-b3af-e94520678150</tstamps>
    </comp>
    <comp ref="J10">
      <value>2A</value>
      <footprint>Connector_PinSocket_2.54mm:PinSocket_1x06_P2.54mm_Vertical</footprint>
      <libsource lib="Connector" part="Conn_01x06_Female" description="Generic connector, single row, 01x06, script generated (kicad-library-utils/schlib/autogen/connector/)"/>
      <property name="Sheetname" value=""/>
      <property name="Sheetfile" value="compare.kicad_sch"/>
      <sheetpath names="/" tstamps="/"/>
      <tstamps>ff18a50a-73ff-4ed2-9168-37445da0c0a7</tstamps>
    </comp>
    <comp ref="J11">
      <value>3A</value>
      <footprint>Connector_PinSocket_2.54mm:PinSocket_1x06_P2.54mm_Vertical</footprint>
      <libsource lib="Connector" part="Conn_01x06_Female" description="Generic connector, single row, 01x06, script generated (kicad-library-utils/schlib/autogen/connector/)"/>
      <property name="Sheetname" value=""/>
      <property name="Sheetfile" value="compare.kicad_sch"/>
      <sheetpath names="/" tstamps="/"/>
      <tstamps>24fdda32-1b32-487d-87b7-ee4fcc305145</tstamps>
    </comp>
    <comp ref="J12">
      <value>1B</value>
      <footprint>Connector_PinHeader_2.54mm:PinHeader_1x06_P2.54mm_Vertical</footprint>
      <libsource lib="Connector" part="Conn_01x06_Male" description="Generic connector, single row, 01x06, script generated (kicad-library-utils/schlib/autogen/connector/)"/>
      <property name="Sheetname" value=""/>
      <property name="Sheetfile" value="compare.kicad_sch"/>
      <sheetpath names="/" tstamps="/"/>
      <tstamps>a099e9d6-9eed-4640-89cd-f69b3091cdb9</tstamps>
    </comp>
    <comp ref="J13">
      <value>2B</value>
      <footprint>Connector_PinHeader_2.54mm:PinHeader_1x06_P2.54mm_Vertical</footprint>
      <libsource lib="Connector" part="Conn_01x06_Male" description="Generic connector, single row, 01x06, script generated (kicad-library-utils/schlib/autogen/connector/)"/>
      <property name="Sheetname" value=""/>
      <property name="Sheetfile" value="compare.kicad_sch"/>
      <sheetpath names="/" tstamps="/"/>
      <tstamps>3f8bc4d9-5358-4f3b-b9ae-2d8c34cf37c9</tstamps>
    </comp>
    <comp ref="J14">
      <value>3B</value>
      <footprint>Connector_PinHeader_2.54mm:PinHeader_1x06_P2.54mm_Vertical</footprint>
      <libsource lib="Connector" part="Conn_01x06_Male" description="Generic connector, single row, 01x06, script generated (kicad-library-utils/schlib/autogen/connector/)"/>
      <property name="Sheetname" value=""/>
      <property name="Sheetfile" value="compare.kicad_sch"/>
      <sheetpath names="/" tstamps="/"/>
      <tstamps>37f28ac4-53b0-4261-ad47-9ba7a0d695fc</tstamps>
    </comp>
    <comp ref="J15">
      <value>POWER</value>
      <footprint>TerminalBlock_TE-Connectivity:TerminalBlock_TE_282834-4_1x04_P2.54mm_Horizontal</footprint>
      <libsource lib="Connector" part="Conn_01x04_Male" description="Generic connector, single row, 01x04, script generated (kicad-library-utils/schlib/autogen/connector/)"/>
      <property name="Sheetname" value=""/>
      <property name="Sheetfile" value="compare.kicad_sch"/>
      <sheetpath names="/" tstamps="/"/>
      <tstamps>88088286-e362-4143-ba8a-9475858c13c2</tstamps>
    </comp>
    <comp ref="J16">
      <value>0V</value>
      <footprint>Connector_PinHeader_2.54mm:PinHeader_1x01_P2.54mm_Vertical</footprint>
      <libsource lib="Connector" part="Conn_01x01_Male" description="Generic connector, single row, 01x01, script generated (kicad-library-utils/schlib/autogen/connector/)"/>
      <property name="Sheetname" value=""/>
      <property name="Sheetfile" value="compare.kicad_sch"/>
      <sheetpath names="/" tstamps="/"/>
      <tstamps>51a8b8a1-5979-42ad-91ab-903dbc771a0b</tstamps>
    </comp>
    <comp ref="J17">
      <value>0V</value>
      <footprint>Connector_PinHeader_2.54mm:PinHeader_1x01_P2.54mm_Vertical</footprint>
      <libsource lib="Connector" part="Conn_01x01_Male" description="Generic connector, single row, 01x01, script generated (kicad-library-utils/schlib/autogen/connector/)"/>
      <property name="Sheetname" value=""/>
      <property name="Sheetfile" value="compare.kicad_sch"/>
      <sheetpath names="/" tstamps="/"/>
      <tstamps>93a7c874-1511-4ef7-a7ba-8d15b55bb89b</tstamps>
    </comp>
    <comp ref="J18">
      <value>0V</value>
      <footprint>Connector_PinHeader_2.54mm:PinHeader_1x01_P2.54mm_Vertical</footprint>
      <libsource lib="Connector" part="Conn_01x01_Male" description="Generic connector, single row, 01x01, script generated (kicad-library-utils/schlib/autogen/connector/)"/>
      <property name="Sheetname" value=""/>
      <property name="Sheetfile" value="compare.kicad_sch"/>
      <sheetpath names="/" tstamps="/"/>
      <tstamps>61aba706-4bc2-4634-a041-9952c07c2cff</tstamps>
    </comp>
    <comp ref="J19">
      <value>0V</value>
      <footprint>Connector_PinHeader_2.54mm:PinHeader_1x01_P2.54mm_Vertical</footprint>
      <libsource lib="Connector" part="Conn_01x01_Male" description="Generic connector, single row, 01x01, script generated (kicad-library-utils/schlib/autogen/connector/)"/>
      <property name="Sheetname" value=""/>
      <property name="Sheetfile" value="compare.kicad_sch"/>
      <sheetpath names="/" tstamps="/"/>
      <tstamps>49e830ac-dfc7-4f48-8e56-9877fb97d06f</tstamps>
    </comp>
    <comp ref="J20">
      <value>0V</value>
      <footprint>Connector_PinHeader_2.54mm:PinHeader_1x01_P2.54mm_Vertical</footprint>
      <libsource lib="Connector" part="Conn_01x01_Male" description="Generic connector, single row, 01x01, script generated (kicad-library-utils/schlib/autogen/connector/)"/>
      <property name="Sheetname" value=""/>
      <property name="Sheetfile" value="compare.kicad_sch"/>
      <sheetpath names="/" tstamps="/"/>
      <tstamps>a7b47b0b-992f-4df0-8d25-310b913ef20f</tstamps>
    </comp>
    <comp ref="J21">
      <value>0V</value>
      <footprint>Connector_PinHeader_2.54mm:PinHeader_1x01_P2.54mm_Vertical</footprint>
      <libsource lib="Connector" part="Conn_01x01_Male" description="Generic connector, single row, 01x01, script generated (kicad-library-utils/schlib/autogen/connector/)"/>
      <property name="Sheetname" value=""/>
      <property name="Sheetfile" value="compare.kicad_sch"/>
      <sheetpath names="/" tstamps="/"/>
      <tstamps>7d5f648f-ab6b-4c5f-b906-e4e69a5da21c</tstamps>
    </comp>
    <comp ref="LED1">
      <value>LED</value>
      <footprint>Footprints2:LED-3MMcenter</footprint>
      <libsource lib="Device" part="LED" description="Light emitting diode"/>
      <property name="Sheetname" value=""/>
      <property name="Sheetfile" value="compare.kicad_sch"/>
      <sheetpath names="/" tstamps="/"/>
      <tstamps>6359eecb-a86f-4ea4-b470-fc77cbe2f641</tstamps>
    </comp>
    <comp ref="LED2">
      <value>LED</value>
      <footprint>Footprints2:LED-3MMcenter</footprint>
      <libsource lib="Device" part="LED" description="Light emitting diode"/>
      <property name="Sheetname" value=""/>
      <property name="Sheetfile" value="compare.kicad_sch"/>
      <sheetpath names="/" tstamps="/"/>
      <tstamps>35516303-6c34-4760-abd6-9d9670e683f6</tstamps>
    </comp>
    <comp ref="LED3">
      <value>LED</value>
      <footprint>Footprints2:LED-3MMcenter</footprint>
      <libsource lib="Device" part="LED" description="Light emitting diode"/>
      <property name="Sheetname" value=""/>
      <property name="Sheetfile" value="compare.kicad_sch"/>
      <sheetpath names="/" tstamps="/"/>
      <tstamps>c458aed8-f989-45aa-8051-626dc25cb575</tstamps>
    </comp>
    <comp ref="PF1">
      <value>47u</value>
      <footprint>Capacitor_THT:CP_Radial_D6.3mm_P2.50mm</footprint>
      <libsource lib="Device" part="C_Polarized" description="Polarized capacitor"/>
      <property name="Sheetname" value=""/>
      <property name="Sheetfile" value="compare.kicad_sch"/>
      <sheetpath names="/" tstamps="/"/>
      <tstamps>d170a712-1720-4e83-a01b-f08ab3c8686d</tstamps>
    </comp>
    <comp ref="PF2">
      <value>47u</value>
      <footprint>Capacitor_THT:CP_Radial_D6.3mm_P2.50mm</footprint>
      <libsource lib="Device" part="C_Polarized" description="Polarized capacitor"/>
      <property name="Sheetname" value=""/>
      <property name="Sheetfile" value="compare.kicad_sch"/>
      <sheetpath names="/" tstamps="/"/>
      <tstamps>2cb90334-459e-417b-8276-4cf989d716d7</tstamps>
    </comp>
    <comp ref="Q1">
      <value>2N3904</value>
      <footprint>Package_TO_SOT_THT:TO-92_Inline_Wide</footprint>
      <datasheet>https://www.onsemi.com/pub/Collateral/2N3903-D.PDF</datasheet>
      <libsource lib="Transistor_BJT" part="2N3904" description="0.2A Ic, 40V Vce, Small Signal NPN Transistor, TO-92"/>
      <property name="Sheetname" value=""/>
      <property name="Sheetfile" value="compare.kicad_sch"/>
      <sheetpath names="/" tstamps="/"/>
      <tstamps>a3897d71-b9f5-4e49-89a3-28f06c2ed691</tstamps>
    </comp>
    <comp ref="Q2">
      <value>2N3904</value>
      <footprint>Package_TO_SOT_THT:TO-92_Inline_Wide</footprint>
      <datasheet>https://www.onsemi.com/pub/Collateral/2N3903-D.PDF</datasheet>
      <libsource lib="Transistor_BJT" part="2N3904" description="0.2A Ic, 40V Vce, Small Signal NPN Transistor, TO-92"/>
      <property name="Sheetname" value=""/>
      <property name="Sheetfile" value="compare.kicad_sch"/>
      <sheetpath names="/" tstamps="/"/>
      <tstamps>cfe7ea02-8619-46d1-bcb4-08cde567ef2f</tstamps>
    </comp>
    <comp ref="Q3">
      <value>2N3906</value>
      <footprint>Package_TO_SOT_THT:TO-92_Inline_Wide</footprint>
      <datasheet>https://www.onsemi.com/pub/Collateral/2N3906-D.PDF</datasheet>
      <libsource lib="Transistor_BJT" part="2N3906" description="-0.2A Ic, -40V Vce, Small Signal PNP Transistor, TO-92"/>
      <property name="Sheetname" value=""/>
      <property name="Sheetfile" value="compare.kicad_sch"/>
      <sheetpath names="/" tstamps="/"/>
      <tstamps>7fc3a830-20c1-4d8a-98e2-26e8935b36b7</tstamps>
    </comp>
    <comp ref="R1">
      <value>100k</value>
      <footprint>Resistor_SMD:R_0805_2012Metric_Pad1.20x1.40mm_HandSolder</footprint>
      <libsource lib="Device" part="R" description="Resistor"/>
      <property name="Sheetname" value=""/>
      <property name="Sheetfile" value="compare.kicad_sch"/>
      <sheetpath names="/" tstamps="/"/>
      <tstamps>3f99a747-696a-4423-b03e-dde9755a992e</tstamps>
    </comp>
    <comp ref="R2">
      <value>100k</value>
      <footprint>Resistor_SMD:R_0805_2012Metric_Pad1.20x1.40mm_HandSolder</footprint>
      <libsource lib="Device" part="R" description="Resistor"/>
      <property name="Sheetname" value=""/>
      <property name="Sheetfile" value="compare.kicad_sch"/>
      <sheetpath names="/" tstamps="/"/>
      <tstamps>c69be9da-2869-44e1-9bf8-84c3eebf5800</tstamps>
    </comp>
    <comp ref="R3">
      <value>100k</value>
      <footprint>Resistor_SMD:R_0805_2012Metric_Pad1.20x1.40mm_HandSolder</footprint>
      <libsource lib="Device" part="R" description="Resistor"/>
      <property name="Sheetname" value=""/>
      <property name="Sheetfile" value="compare.kicad_sch"/>
      <sheetpath names="/" tstamps="/"/>
      <tstamps>039bd83d-9df8-49bd-8118-944072d21b83</tstamps>
    </comp>
    <comp ref="R4">
      <value>100k</value>
      <footprint>Resistor_SMD:R_0805_2012Metric_Pad1.20x1.40mm_HandSolder</footprint>
      <libsource lib="Device" part="R" description="Resistor"/>
      <property name="Sheetname" value=""/>
      <property name="Sheetfile" value="compare.kicad_sch"/>
      <sheetpath names="/" tstamps="/"/>
      <tstamps>95ea0158-712f-4b62-aaa3-4bfc11a4db42</tstamps>
    </comp>
    <comp ref="R5">
      <value>100k</value>
      <footprint>Resistor_SMD:R_0805_2012Metric_Pad1.20x1.40mm_HandSolder</footprint>
      <libsource lib="Device" part="R" description="Resistor"/>
      <property name="Sheetname" value=""/>
      <property name="Sheetfile" value="compare.kicad_sch"/>
      <sheetpath names="/" tstamps="/"/>
      <tstamps>879f3367-be5a-45c4-88f0-0d5d1270c726</tstamps>
    </comp>
    <comp ref="R6">
      <value>100k</value>
      <footprint>Resistor_SMD:R_0805_2012Metric_Pad1.20x1.40mm_HandSolder</footprint>
      <libsource lib="Device" part="R" description="Resistor"/>
      <property name="Sheetname" value=""/>
      <property name="Sheetfile" value="compare.kicad_sch"/>
      <sheetpath names="/" tstamps="/"/>
      <tstamps>e8f5a251-fbe7-454d-80c9-d377f12efa57</tstamps>
    </comp>
    <comp ref="R7">
      <value>100k</value>
      <footprint>Resistor_SMD:R_0805_2012Metric_Pad1.20x1.40mm_HandSolder</footprint>
      <libsource lib="Device" part="R" description="Resistor"/>
      <property name="Sheetname" value=""/>
      <property name="Sheetfile" value="compare.kicad_sch"/>
      <sheetpath names="/" tstamps="/"/>
      <tstamps>e4b37db3-244e-4212-bc76-85adf6a28f16</tstamps>
    </comp>
    <comp ref="R8">
      <value>100k</value>
      <footprint>Resistor_SMD:R_0805_2012Metric_Pad1.20x1.40mm_HandSolder</footprint>
      <libsource lib="Device" part="R" description="Resistor"/>
      <property name="Sheetname" value=""/>
      <property name="Sheetfile" value="compare.kicad_sch"/>
      <sheetpath names="/" tstamps="/"/>
      <tstamps>0f1c84ab-4f27-42e8-9440-546ff638e668</tstamps>
    </comp>
    <comp ref="R9">
      <value>RLED</value>
      <footprint>Resistor_SMD:R_0805_2012Metric_Pad1.20x1.40mm_HandSolder</footprint>
      <libsource lib="Device" part="R" description="Resistor"/>
      <property name="Sheetname" value=""/>
      <property name="Sheetfile" value="compare.kicad_sch"/>
      <sheetpath names="/" tstamps="/"/>
      <tstamps>821ad27d-8233-41cc-b24b-0dcd5595dcc5</tstamps>
    </comp>
    <comp ref="R10">
      <value>100k</value>
      <footprint>Resistor_SMD:R_0805_2012Metric_Pad1.20x1.40mm_HandSolder</footprint>
      <libsource lib="Device" part="R" description="Resistor"/>
      <property name="Sheetname" value=""/>
      <property name="Sheetfile" value="compare.kicad_sch"/>
      <sheetpath names="/" tstamps="/"/>
      <tstamps>13377f62-3544-465b-a376-9590782bd29b</tstamps>
    </comp>
    <comp ref="R11">
      <value>100k</value>
      <footprint>Resistor_SMD:R_0805_2012Metric_Pad1.20x1.40mm_HandSolder</footprint>
      <libsource lib="Device" part="R" description="Resistor"/>
      <property name="Sheetname" value=""/>
      <property name="Sheetfile" value="compare.kicad_sch"/>
      <sheetpath names="/" tstamps="/"/>
      <tstamps>29ed11a3-3df9-4aa0-be2e-74e78015716a</tstamps>
    </comp>
    <comp ref="R12">
      <value>1k</value>
      <footprint>Resistor_SMD:R_0805_2012Metric_Pad1.20x1.40mm_HandSolder</footprint>
      <libsource lib="Device" part="R" description="Resistor"/>
      <property name="Sheetname" value=""/>
      <property name="Sheetfile" value="compare.kicad_sch"/>
      <sheetpath names="/" tstamps="/"/>
      <tstamps>977fd157-ed9e-4d58-95b0-4a3134e4c89f</tstamps>
    </comp>
    <comp ref="R13">
      <value>1k</value>
      <footprint>Resistor_SMD:R_0805_2012Metric_Pad1.20x1.40mm_HandSolder</footprint>
      <libsource lib="Device" part="R" description="Resistor"/>
      <property name="Sheetname" value=""/>
      <property name="Sheetfile" value="compare.kicad_sch"/>
      <sheetpath names="/" tstamps="/"/>
      <tstamps>d8f72388-b7e2-454d-b811-d71894223621</tstamps>
    </comp>
    <comp ref="R14">
      <value>10k</value>
      <footprint>Resistor_SMD:R_0805_2012Metric_Pad1.20x1.40mm_HandSolder</footprint>
      <libsource lib="Device" part="R" description="Resistor"/>
      <property name="Sheetname" value=""/>
      <property name="Sheetfile" value="compare.kicad_sch"/>
      <sheetpath names="/" tstamps="/"/>
      <tstamps>d2d80516-51c5-4990-9f48-9f0df81fdbcc</tstamps>
    </comp>
    <comp ref="R15">
      <value>10k</value>
      <footprint>Resistor_SMD:R_0805_2012Metric_Pad1.20x1.40mm_HandSolder</footprint>
      <libsource lib="Device" part="R" description="Resistor"/>
      <property name="Sheetname" value=""/>
      <property name="Sheetfile" value="compare.kicad_sch"/>
      <sheetpath names="/" tstamps="/"/>
      <tstamps>48f3bfc2-629d-4b90-8f47-7942a2286513</tstamps>
    </comp>
    <comp ref="R16">
      <value>10k</value>
      <footprint>Resistor_SMD:R_0805_2012Metric_Pad1.20x1.40mm_HandSolder</footprint>
      <libsource lib="Device" part="R" description="Resistor"/>
      <property name="Sheetname" value=""/>
      <property name="Sheetfile" value="compare.kicad_sch"/>
      <sheetpath names="/" tstamps="/"/>
      <tstamps>e2d741a9-c44e-421a-a0ea-ce6acc681c39</tstamps>
    </comp>
    <comp ref="R17">
      <value>10k</value>
      <footprint>Resistor_SMD:R_0805_2012Metric_Pad1.20x1.40mm_HandSolder</footprint>
      <libsource lib="Device" part="R" description="Resistor"/>
      <property name="Sheetname" value=""/>
      <property name="Sheetfile" value="compare.kicad_sch"/>
      <sheetpath names="/" tstamps="/"/>
      <tstamps>6b1ddded-cc24-4267-8ea6-f63b74db649a</tstamps>
    </comp>
    <comp ref="R18">
      <value>330R</value>
      <footprint>Resistor_SMD:R_0805_2012Metric_Pad1.20x1.40mm_HandSolder</footprint>
      <libsource lib="Device" part="R" description="Resistor"/>
      <property name="Sheetname" value=""/>
      <property name="Sheetfile" value="compare.kicad_sch"/>
      <sheetpath names="/" tstamps="/"/>
      <tstamps>6d860f66-3ae4-47c1-9369-3135b906eaae</tstamps>
    </comp>
    <comp ref="R19">
      <value>2M2</value>
      <footprint>Resistor_SMD:R_0805_2012Metric_Pad1.20x1.40mm_HandSolder</footprint>
      <libsource lib="Device" part="R" description="Resistor"/>
      <property name="Sheetname" value=""/>
      <property name="Sheetfile" value="compare.kicad_sch"/>
      <sheetpath names="/" tstamps="/"/>
      <tstamps>bab5e89d-71c0-4877-bdac-d10c0c8ce889</tstamps>
    </comp>
    <comp ref="R20">
      <value>2M2</value>
      <footprint>Resistor_SMD:R_0805_2012Metric_Pad1.20x1.40mm_HandSolder</footprint>
      <libsource lib="Device" part="R" description="Resistor"/>
      <property name="Sheetname" value=""/>
      <property name="Sheetfile" value="compare.kicad_sch"/>
      <sheetpath names="/" tstamps="/"/>
      <tstamps>32acb372-2d69-4f64-a685-fd5715e47c2c</tstamps>
    </comp>
    <comp ref="R21">
      <value>3k3</value>
      <footprint>Resistor_SMD:R_0805_2012Metric_Pad1.20x1.40mm_HandSolder</footprint>
      <libsource lib="Device" part="R" description="Resistor"/>
      <property name="Sheetname" value=""/>
      <property name="Sheetfile" value="compare.kicad_sch"/>
      <sheetpath names="/" tstamps="/"/>
      <tstamps>7c366e09-eec9-404b-8e56-2ea8eebdd1c9</tstamps>
    </comp>
    <comp ref="R22">
      <value>3k3</value>
      <footprint>Resistor_SMD:R_0805_2012Metric_Pad1.20x1.40mm_HandSolder</footprint>
      <libsource lib="Device" part="R" description="Resistor"/>
      <property name="Sheetname" value=""/>
      <property name="Sheetfile" value="compare.kicad_sch"/>
      <sheetpath names="/" tstamps="/"/>
      <tstamps>362ddc14-4e11-4c43-8b72-21a4b80e20fe</tstamps>
    </comp>
    <comp ref="R23">
      <value>47k</value>
      <footprint>Resistor_SMD:R_0805_2012Metric_Pad1.20x1.40mm_HandSolder</footprint>
      <libsource lib="Device" part="R" description="Resistor"/>
      <property name="Sheetname" value=""/>
      <property name="Sheetfile" value="compare.kicad_sch"/>
      <sheetpath names="/" tstamps="/"/>
      <tstamps>e245e2bc-ac97-43f8-ac56-908b9d93cdd5</tstamps>
    </comp>
    <comp ref="R24">
      <value>RLED</value>
      <footprint>Resistor_SMD:R_0805_2012Metric_Pad1.20x1.40mm_HandSolder</footprint>
      <libsource lib="Device" part="R" description="Resistor"/>
      <property name="Sheetname" value=""/>
      <property name="Sheetfile" value="compare.kicad_sch"/>
      <sheetpath names="/" tstamps="/"/>
      <tstamps>6eb382f8-9748-4df7-8af0-2548842c1841</tstamps>
    </comp>
    <comp ref="R25">
      <value>1k</value>
      <footprint>Resistor_SMD:R_0805_2012Metric_Pad1.20x1.40mm_HandSolder</footprint>
      <libsource lib="Device" part="R" description="Resistor"/>
      <property name="Sheetname" value=""/>
      <property name="Sheetfile" value="compare.kicad_sch"/>
      <sheetpath names="/" tstamps="/"/>
      <tstamps>ff03222c-d02d-4a5e-9470-d87397fd217a</tstamps>
    </comp>
    <comp ref="R26">
      <value>1k</value>
      <footprint>Resistor_SMD:R_0805_2012Metric_Pad1.20x1.40mm_HandSolder</footprint>
      <libsource lib="Device" part="R" description="Resistor"/>
      <property name="Sheetname" value=""/>
      <property name="Sheetfile" value="compare.kicad_sch"/>
      <sheetpath names="/" tstamps="/"/>
      <tstamps>34a6700b-ab9d-45c3-94ab-dbb6b763ba1c</tstamps>
    </comp>
    <comp ref="R27">
      <value>470R</value>
      <footprint>Resistor_SMD:R_0805_2012Metric_Pad1.20x1.40mm_HandSolder</footprint>
      <libsource lib="Device" part="R" description="Resistor"/>
      <property name="Sheetname" value=""/>
      <property name="Sheetfile" value="compare.kicad_sch"/>
      <sheetpath names="/" tstamps="/"/>
      <tstamps>024674e2-639e-49c1-bb2e-3272ef9187ab</tstamps>
    </comp>
    <comp ref="R28">
      <value>10k</value>
      <footprint>Resistor_SMD:R_0805_2012Metric_Pad1.20x1.40mm_HandSolder</footprint>
      <libsource lib="Device" part="R" description="Resistor"/>
      <property name="Sheetname" value=""/>
      <property name="Sheetfile" value="compare.kicad_sch"/>
      <sheetpath names="/" tstamps="/"/>
      <tstamps>9e6b027f-7ea7-4ddd-86db-b1d54a24b154</tstamps>
    </comp>
    <comp ref="R29">
      <value>330R</value>
      <footprint>Resistor_SMD:R_0805_2012Metric_Pad1.20x1.40mm_HandSolder</footprint>
      <libsource lib="Device" part="R" description="Resistor"/>
      <property name="Sheetname" value=""/>
      <property name="Sheetfile" value="compare.kicad_sch"/>
      <sheetpath names="/" tstamps="/"/>
      <tstamps>6af1100b-63bb-4c31-b056-993bf20e998b</tstamps>
    </comp>
    <comp ref="R30">
      <value>10k</value>
      <footprint>Resistor_SMD:R_0805_2012Metric_Pad1.20x1.40mm_HandSolder</footprint>
      <libsource lib="Device" part="R" description="Resistor"/>
      <property name="Sheetname" value=""/>
      <property name="Sheetfile" value="compare.kicad_sch"/>
      <sheetpath names="/" tstamps="/"/>
      <tstamps>ed135cc5-64d7-4a6f-ad54-572ebcff8980</tstamps>
    </comp>
    <comp ref="R31">
      <value>10k</value>
      <footprint>Resistor_SMD:R_0805_2012Metric_Pad1.20x1.40mm_HandSolder</footprint>
      <libsource lib="Device" part="R" description="Resistor"/>
      <property name="Sheetname" value=""/>
      <property name="Sheetfile" value="compare.kicad_sch"/>
      <sheetpath names="/" tstamps="/"/>
      <tstamps>8f877d12-41c7-450d-b803-bd4b4044aead</tstamps>
    </comp>
    <comp ref="R32">
      <value>10k</value>
      <footprint>Resistor_SMD:R_0805_2012Metric_Pad1.20x1.40mm_HandSolder</footprint>
      <libsource lib="Device" part="R" description="Resistor"/>
      <property name="Sheetname" value=""/>
      <property name="Sheetfile" value="compare.kicad_sch"/>
      <sheetpath names="/" tstamps="/"/>
      <tstamps>12cca0ce-4926-4ec1-a691-17d45e494268</tstamps>
    </comp>
    <comp ref="R33">
      <value>10k</value>
      <footprint>Resistor_SMD:R_0805_2012Metric_Pad1.20x1.40mm_HandSolder</footprint>
      <libsource lib="Device" part="R" description="Resistor"/>
      <property name="Sheetname" value=""/>
      <property name="Sheetfile" value="compare.kicad_sch"/>
      <sheetpath names="/" tstamps="/"/>
      <tstamps>e027199c-4ec8-4140-890f-645f544ac60e</tstamps>
    </comp>
    <comp ref="R34">
      <value>6k8</value>
      <footprint>Resistor_SMD:R_0805_2012Metric_Pad1.20x1.40mm_HandSolder</footprint>
      <libsource lib="Device" part="R" description="Resistor"/>
      <property name="Sheetname" value=""/>
      <property name="Sheetfile" value="compare.kicad_sch"/>
      <sheetpath names="/" tstamps="/"/>
      <tstamps>aeb157ca-20df-4171-8e14-6d545cf3879b</tstamps>
    </comp>
    <comp ref="R35">
      <value>1k8</value>
      <footprint>Resistor_SMD:R_0805_2012Metric_Pad1.20x1.40mm_HandSolder</footprint>
      <libsource lib="Device" part="R" description="Resistor"/>
      <property name="Sheetname" value=""/>
      <property name="Sheetfile" value="compare.kicad_sch"/>
      <sheetpath names="/" tstamps="/"/>
      <tstamps>8dff96c4-4001-4d35-81c7-15cd05432a78</tstamps>
    </comp>
    <comp ref="R36">
      <value>1k8</value>
      <footprint>Resistor_SMD:R_0805_2012Metric_Pad1.20x1.40mm_HandSolder</footprint>
      <libsource lib="Device" part="R" description="Resistor"/>
      <property name="Sheetname" value=""/>
      <property name="Sheetfile" value="compare.kicad_sch"/>
      <sheetpath names="/" tstamps="/"/>
      <tstamps>8f0d3f70-1a7d-4629-bbe7-02d8c76d03ed</tstamps>
    </comp>
    <comp ref="RV1">
      <value>B100k</value>
      <footprint>Footprints2:Potentiometer_Alpha_RD901F-40-00D_Single_Vertical_Center</footprint>
      <libsource lib="Device" part="R_Potentiometer" description="Potentiometer"/>
      <property name="Sheetname" value=""/>
      <property name="Sheetfile" value="compare.kicad_sch"/>
      <sheetpath names="/" tstamps="/"/>
      <tstamps>88a3a9c6-2326-4e7b-95b8-1b4852cc37f1</tstamps>
    </comp>
    <comp ref="RV2">
      <value>B100k</value>
      <footprint>Footprints2:Potentiometer_Alpha_RD901F-40-00D_Single_Vertical_Center</footprint>
      <libsource lib="Device" part="R_Potentiometer" description="Potentiometer"/>
      <property name="Sheetname" value=""/>
      <property name="Sheetfile" value="compare.kicad_sch"/>
      <sheetpath names="/" tstamps="/"/>
      <tstamps>9e77432b-8d26-49f6-899a-4a4dce809cf1</tstamps>
    </comp>
    <comp ref="U1">
      <value>TL072</value>
      <footprint>Package_SO:SOIC-8_3.9x4.9mm_P1.27mm</footprint>
      <datasheet>http://www.ti.com/lit/ds/symlink/tl071.pdf</datasheet>
      <libsource lib="Amplifier_Operational" part="TL072" description="Dual Low-Noise JFET-Input Operational Amplifiers, DIP-8/SOIC-8"/>
      <property name="Sheetname" value=""/>
      <property name="Sheetfile" value="compare.kicad_sch"/>
      <sheetpath names="/" tstamps="/"/>
      <tstamps>5b9da329-47c8-4f1e-8699-0a4381b9572c 2b78a072-612f-4163-bdd5-a20556b4edc6 26bf46e7-f650-4447-80e0-bf281ad75ff0</tstamps>
    </comp>
    <comp ref="U2">
      <value>LM393</value>
      <footprint>Package_SO:SOIC-8_3.9x4.9mm_P1.27mm</footprint>
      <datasheet>http://www.ti.com/lit/ds/symlink/lm393.pdf</datasheet>
      <libsource lib="Comparator" part="LM393" description="Low-Power, Low-Offset Voltage, Dual Comparators, DIP-8/SOIC-8/TO-99-8"/>
      <property name="Sheetname" value=""/>
      <property name="Sheetfile" value="compare.kicad_sch"/>
      <sheetpath names="/" tstamps="/"/>
      <tstamps>d7d93251-5d2d-4515-9872-2a1ebd21bb1e cb0b49a9-b3fd-46b9-a672-804afe8dd904 5824ac6a-96f1-4b2c-ad19-87191a5bae3c</tstamps>
    </comp>
    <comp ref="U3">
      <value>TL072</value>
      <footprint>Package_SO:SOIC-8_3.9x4.9mm_P1.27mm</footprint>
      <datasheet>http://www.ti.com/lit/ds/symlink/tl071.pdf</datasheet>
      <libsource lib="Amplifier_Operational" part="TL072" description="Dual Low-Noise JFET-Input Operational Amplifiers, DIP-8/SOIC-8"/>
      <property name="Sheetname" value=""/>
      <property name="Sheetfile" value="compare.kicad_sch"/>
      <sheetpath names="/" tstamps="/"/>
      <tstamps>f6dc092d-21cc-4d27-9fd7-94d2f642afe1 b065bd4a-bb92-43a5-b0bb-aed3debb677d 957f1cee-05da-412c-8dca-fdb14e073034</tstamps>
    </comp>
    <comp ref="U4">
      <value>LM4040LP-5</value>
      <footprint>Package_TO_SOT_THT:TO-92_Inline</footprint>
      <datasheet>http://www.ti.com/lit/ds/symlink/lm4040-n.pdf</datasheet>
      <libsource lib="Reference_Voltage" part="LM4040LP-5" description="5.000V Precision Micropower Shunt Voltage Reference, TO-92"/>
      <property name="Sheetname" value=""/>
      <property name="Sheetfile" value="compare.kicad_sch"/>
      <sheetpath names="/" tstamps="/"/>
      <tstamps>37f08407-c0d1-42ca-b23f-02d0f369a40e</tstamps>
    </comp>
    <comp ref="U5">
      <value>LM4040LP-5</value>
      <footprint>Package_TO_SOT_THT:TO-92_Inline</footprint>
      <datasheet>http://www.ti.com/lit/ds/symlink/lm4040-n.pdf</datasheet>
      <libsource lib="Reference_Voltage" part="LM4040LP-5" description="5.000V Precision Micropower Shunt Voltage Reference, TO-92"/>
      <property name="Sheetname" value=""/>
      <property name="Sheetfile" value="compare.kicad_sch"/>
      <sheetpath names="/" tstamps="/"/>
      <tstamps>fadb8470-52cf-46af-8760-f58f2e3d423c</tstamps>
    </comp>
  </components>
  <libparts>
    <libpart lib="Amplifier_Operational" part="TL072">
      <description>Dual Low-Noise JFET-Input Operational Amplifiers, DIP-8/SOIC-8</description>
      <docs>http://www.ti.com/lit/ds/symlink/tl071.pdf</docs>
      <footprints>
        <fp>SOIC*3.9x4.9mm*P1.27mm*</fp>
        <fp>DIP*W7.62mm*</fp>
        <fp>TO*99*</fp>
        <fp>OnSemi*Micro8*</fp>
        <fp>TSSOP*3x3mm*P0.65mm*</fp>
        <fp>TSSOP*4.4x3mm*P0.65mm*</fp>
        <fp>MSOP*3x3mm*P0.65mm*</fp>
        <fp>SSOP*3.9x4.9mm*P0.635mm*</fp>
        <fp>LFCSP*2x2mm*P0.5mm*</fp>
        <fp>*SIP*</fp>
        <fp>SOIC*5.3x6.2mm*P1.27mm*</fp>
      </footprints>
      <fields>
        <field name="Reference">U</field>
        <field name="Value">TL072</field>
        <field name="Datasheet">http://www.ti.com/lit/ds/symlink/tl071.pdf</field>
      </fields>
      <pins>
        <pin num="1" name="" type="output"/>
        <pin num="2" name="-" type="input"/>
        <pin num="3" name="+" type="input"/>
        <pin num="4" name="V-" type="power_in"/>
        <pin num="5" name="+" type="input"/>
        <pin num="6" name="-" type="input"/>
        <pin num="7" name="" type="output"/>
        <pin num="8" name="V+" type="power_in"/>
      </pins>
    </libpart>
    <libpart lib="Comparator" part="LM393">
      <description>Low-Power, Low-Offset Voltage, Dual Comparators, DIP-8/SOIC-8/TO-99-8</description>
      <docs>http://www.ti.com/lit/ds/symlink/lm393.pdf</docs>
      <footprints>
        <fp>SOIC*3.9x4.9mm*P1.27mm*</fp>
        <fp>DIP*W7.62mm*</fp>
        <fp>SOP*5.28x5.23mm*P1.27mm*</fp>
        <fp>VSSOP*3.0x3.0mm*P0.65mm*</fp>
        <fp>TSSOP*4.4x3mm*P0.65mm*</fp>
      </footprints>
      <fields>
        <field name="Reference">U</field>
        <field name="Value">LM393</field>
        <field name="Datasheet">http://www.ti.com/lit/ds/symlink/lm393.pdf</field>
      </fields>
      <pins>
        <pin num="1" name="" type="open_collector"/>
        <pin num="2" name="-" type="input"/>
        <pin num="3" name="+" type="input"/>
        <pin num="4" name="V-" type="power_in"/>
        <pin num="5" name="+" type="input"/>
        <pin num="6" name="_" type="input"/>
        <pin num="7" name="" type="open_collector"/>
        <pin num="8" name="V+" type="power_in"/>
      </pins>
    </libpart>
    <libpart lib="Connector" part="Conn_01x01_Female">
      <description>Generic connector, single row, 01x01, script generated (kicad-library-utils/schlib/autogen/connector/)</description>
      <docs>~</docs>
      <footprints>
        <fp>Connector*:*</fp>
      </footprints>
      <fields>
        <field name="Reference">J</field>
        <field name="Value">Conn_01x01_Female</field>
        <field name="Datasheet">~</field>
      </fields>
      <pins>
        <pin num="1" name="Pin_1" type="passive"/>
      </pins>
    </libpart>
    <libpart lib="Connector" part="Conn_01x01_Male">
      <description>Generic connector, single row, 01x01, script generated (kicad-library-utils/schlib/autogen/connector/)</description>
      <docs>~</docs>
      <footprints>
        <fp>Connector*:*</fp>
      </footprints>
      <fields>
        <field name="Reference">J</field>
        <field name="Value">Conn_01x01_Male</field>
        <field name="Datasheet">~</field>
      </fields>
      <pins>
        <pin num="1" name="Pin_1" type="passive"/>
      </pins>
    </libpart>
    <libpart lib="Connector" part="Conn_01x04_Male">
      <description>Generic connector, single row, 01x04, script generated (kicad-library-utils/schlib/autogen/connector/)</description>
      <docs>~</docs>
      <footprints>
        <fp>Connector*:*_1x??_*</fp>
      </footprints>
      <fields>
        <field name="Reference">J</field>
        <field name="Value">Conn_01x04_Male</field>
        <field name="Datasheet">~</field>
      </fields>
      <pins>
        <pin num="1" name="Pin_1" type="passive"/>
        <pin num="2" name="Pin_2" type="passive"/>
        <pin num="3" name="Pin_3" type="passive"/>
        <pin num="4" name="Pin_4" type="passive"/>
      </pins>
    </libpart>
    <libpart lib="Connector" part="Conn_01x06_Female">
      <description>Generic connector, single row, 01x06, script generated (kicad-library-utils/schlib/autogen/connector/)</description>
      <docs>~</docs>
      <footprints>
        <fp>Connector*:*_1x??_*</fp>
      </footprints>
      <fields>
        <field name="Reference">J</field>
        <field name="Value">Conn_01x06_Female</field>
        <field name="Datasheet">~</field>
      </fields>
      <pins>
        <pin num="1" name="Pin_1" type="passive"/>
        <pin num="2" name="Pin_2" type="passive"/>
        <pin num="3" name="Pin_3" type="passive"/>
        <pin num="4" name="Pin_4" type="passive"/>
        <pin num="5" name="Pin_5" type="passive"/>
        <pin num="6" name="Pin_6" type="passive"/>
      </pins>
    </libpart>
    <libpart lib="Connector" part="Conn_01x06_Male">
      <description>Generic connector, single row, 01x06, script generated (kicad-library-utils/schlib/autogen/connector/)</description>
      <docs>~</docs>
      <footprints>
        <fp>Connector*:*_1x??_*</fp>
      </footprints>
      <fields>
        <field name="Reference">J</field>
        <field name="Value">Conn_01x06_Male</field>
        <field name="Datasheet">~</field>
      </fields>
      <pins>
        <pin num="1" name="Pin_1" type="passive"/>
        <pin num="2" name="Pin_2" type="passive"/>
        <pin num="3" name="Pin_3" type="passive"/>
        <pin num="4" name="Pin_4" type="passive"/>
        <pin num="5" name="Pin_5" type="passive"/>
        <pin num="6" name="Pin_6" type="passive"/>
      </pins>
    </libpart>
    <libpart lib="Device" part="C">
      <description>Unpolarized capacitor</description>
      <docs>~</docs>
      <footprints>
        <fp>C_*</fp>
      </footprints>
      <fields>
        <field name="Reference">C</field>
        <field name="Value">C</field>
        <field name="Datasheet">~</field>
      </fields>
      <pins>
        <pin num="1" name="" type="passive"/>
        <pin num="2" name="" type="passive"/>
      </pins>
    </libpart>
    <libpart lib="Device" part="C_Polarized">
      <description>Polarized capacitor</description>
      <docs>~</docs>
      <footprints>
        <fp>CP_*</fp>
      </footprints>
      <fields>
        <field name="Reference">C</field>
        <field name="Value">C_Polarized</field>
        <field name="Datasheet">~</field>
      </fields>
      <pins>
        <pin num="1" name="" type="passive"/>
        <pin num="2" name="" type="passive"/>
      </pins>
    </libpart>
    <libpart lib="Device" part="D">
      <description>Diode</description>
      <docs>~</docs>
      <footprints>
        <fp>TO-???*</fp>
        <fp>*_Diode_*</fp>
        <fp>*SingleDiode*</fp>
        <fp>D_*</fp>
      </footprints>
      <fields>
        <field name="Reference">D</field>
        <field name="Value">D</field>
        <field name="Datasheet">~</field>
      </fields>
      <pins>
        <pin num="1" name="K" type="passive"/>
        <pin num="2" name="A" type="passive"/>
      </pins>
    </libpart>
    <libpart lib="Device" part="FerriteBead_Small">
      <description>Ferrite bead, small symbol</description>
      <docs>~</docs>
      <footprints>
        <fp>Inductor_*</fp>
        <fp>L_*</fp>
        <fp>*Ferrite*</fp>
      </footprints>
      <fields>
        <field name="Reference">FB</field>
        <field name="Value">FerriteBead_Small</field>
        <field name="Datasheet">~</field>
      </fields>
      <pins>
        <pin num="1" name="" type="passive"/>
        <pin num="2" name="" type="passive"/>
      </pins>
    </libpart>
    <libpart lib="Device" part="LED">
      <description>Light emitting diode</description>
      <docs>~</docs>
      <footprints>
        <fp>LED*</fp>
        <fp>LED_SMD:*</fp>
        <fp>LED_THT:*</fp>
      </footprints>
      <fields>
        <field name="Reference">D</field>
        <field name="Value">LED</field>
        <field name="Datasheet">~</field>
      </fields>
      <pins>
        <pin num="1" name="K" type="passive"/>
        <pin num="2" name="A" type="passive"/>
      </pins>
    </libpart>
    <libpart lib="Device" part="R">
      <description>Resistor</description>
      <docs>~</docs>
      <footprints>
        <fp>R_*</fp>
      </footprints>
      <fields>
        <field name="Reference">R</field>
        <field name="Value">R</field>
        <field name="Datasheet">~</field>
      </fields>
      <pins>
        <pin num="1" name="" type="passive"/>
        <pin num="2" name="" type="passive"/>
      </pins>
    </libpart>
    <libpart lib="Device" part="R_Potentiometer">
      <description>Potentiometer</description>
      <docs>~</docs>
      <footprints>
        <fp>Potentiometer*</fp>
      </footprints>
      <fields>
        <field name="Reference">RV</field>
        <field name="Value">R_Potentiometer</field>
        <field name="Datasheet">~</field>
      </fields>
      <pins>
        <pin num="1" name="1" type="passive"/>
        <pin num="2" name="2" type="passive"/>
        <pin num="3" name="3" type="passive"/>
      </pins>
    </libpart>
    <libpart lib="Diode" part="BAT43">
      <description>30V 0.2A Small Signal Schottky Diode, DO-35</description>
      <docs>http://www.vishay.com/docs/85660/bat42.pdf</docs>
      <footprints>
        <fp>D*DO?35*</fp>
      </footprints>
      <fields>
        <field name="Reference">D</field>
        <field name="Value">BAT43</field>
        <field name="Footprint">Diode_THT:D_DO-35_SOD27_P7.62mm_Horizontal</field>
        <field name="Datasheet">http://www.vishay.com/docs/85660/bat42.pdf</field>
      </fields>
      <pins>
        <pin num="1" name="K" type="passive"/>
        <pin num="2" name="A" type="passive"/>
      </pins>
    </libpart>
    <libpart lib="Mechanical" part="MountingHole">
      <description>Mounting Hole without connection</description>
      <docs>~</docs>
      <footprints>
        <fp>MountingHole*</fp>
      </footprints>
      <fields>
        <field name="Reference">H</field>
        <field name="Value">MountingHole</field>
        <field name="Datasheet">~</field>
      </fields>
    </libpart>
    <libpart lib="Reference_Voltage" part="LM4040LP-5">
      <description>5.000V Precision Micropower Shunt Voltage Reference, TO-92</description>
      <docs>http://www.ti.com/lit/ds/symlink/lm4040-n.pdf</docs>
      <footprints>
        <fp>TO?92*Inline*</fp>
      </footprints>
      <fields>
        <field name="Reference">U</field>
        <field name="Value">LM4040LP-5</field>
        <field name="Footprint">Package_TO_SOT_THT:TO-92_Inline</field>
        <field name="Datasheet">http://www.ti.com/lit/ds/symlink/lm4040-n.pdf</field>
      </fields>
      <pins>
        <pin num="2" name="K" type="passive"/>
        <pin num="3" name="A" type="passive"/>
      </pins>
    </libpart>
    <libpart lib="Transistor_BJT" part="2N3904">
      <description>0.2A Ic, 40V Vce, Small Signal NPN Transistor, TO-92</description>
      <docs>https://www.onsemi.com/pub/Collateral/2N3903-D.PDF</docs>
      <footprints>
        <fp>TO?92*</fp>
      </footprints>
      <fields>
        <field name="Reference">Q</field>
        <field name="Value">2N3904</field>
        <field name="Footprint">Package_TO_SOT_THT:TO-92_Inline</field>
        <field name="Datasheet">https://www.onsemi.com/pub/Collateral/2N3903-D.PDF</field>
      </fields>
      <pins>
        <pin num="1" name="E" type="passive"/>
        <pin num="2" name="B" type="passive"/>
        <pin num="3" name="C" type="passive"/>
      </pins>
    </libpart>
    <libpart lib="Transistor_BJT" part="2N3906">
      <description>-0.2A Ic, -40V Vce, Small Signal PNP Transistor, TO-92</description>
      <docs>https://www.onsemi.com/pub/Collateral/2N3906-D.PDF</docs>
      <footprints>
        <fp>TO?92*</fp>
      </footprints>
      <fields>
        <field name="Reference">Q</field>
        <field name="Value">2N3906</field>
        <field name="Footprint">Package_TO_SOT_THT:TO-92_Inline</field>
        <field name="Datasheet">https://www.onsemi.com/pub/Collateral/2N3906-D.PDF</field>
      </fields>
      <pins>
        <pin num="1" name="E" type="passive"/>
        <pin num="2" name="B" type="input"/>
        <pin num="3" name="C" type="passive"/>
      </pins>
    </libpart>
  </libparts>
  <libraries>
    <library logical="Amplifier_Operational">
      <uri>/Applications/KiCad/KiCad.app/Contents/SharedSupport/symbols//Amplifier_Operational.kicad_sym</uri>
    </library>
    <library logical="Comparator">
      <uri>/Applications/KiCad/KiCad.app/Contents/SharedSupport/symbols//Comparator.kicad_sym</uri>
    </library>
    <library logical="Connector">
      <uri>/Applications/KiCad/KiCad.app/Contents/SharedSupport/symbols//Connector.kicad_sym</uri>
    </library>
    <library logical="Device">
      <uri>/Applications/KiCad/KiCad.app/Contents/SharedSupport/symbols//Device.kicad_sym</uri>
    </library>
    <library logical="Diode">
      <uri>/Applications/KiCad/KiCad.app/Contents/SharedSupport/symbols//Diode.kicad_sym</uri>
    </library>
    <library logical="Mechanical">
      <uri>/Applications/KiCad/KiCad.app/Contents/SharedSupport/symbols//Mechanical.kicad_sym</uri>
    </library>
    <library logical="Reference_Voltage">
      <uri>/Applications/KiCad/KiCad.app/Contents/SharedSupport/symbols//Reference_Voltage.kicad_sym</uri>
    </library>
    <library logical="Transistor_BJT">
      <uri>/Applications/KiCad/KiCad.app/Contents/SharedSupport/symbols//Transistor_BJT.kicad_sym</uri>
    </library>
  </libraries>
  <nets>
    <net code="1" name="+5">
      <node ref="C5" pin="1" pintype="passive"/>
      <node ref="J14" pin="1" pinfunction="Pin_1" pintype="passive"/>
      <node ref="R36" pin="2" pintype="passive"/>
      <node ref="U5" pin="2" pinfunction="K" pintype="passive"/>
    </net>
    <net code="2" name="+5V">
      <node ref="J11" pin="1" pinfunction="Pin_1" pintype="passive"/>
      <node ref="RV1" pin="1" pinfunction="1" pintype="passive"/>
      <node ref="RV2" pin="1" pinfunction="1" pintype="passive"/>
    </net>
    <net code="3" name="+15V">
      <node ref="BP1" pin="1" pintype="passive"/>
      <node ref="BP3" pin="1" pintype="passive"/>
      <node ref="BP5" pin="1" pintype="passive"/>
      <node ref="FB1" pin="1" pintype="passive"/>
      <node ref="PF1" pin="1" pintype="passive"/>
      <node ref="Q1" pin="3" pinfunction="C" pintype="passive"/>
      <node ref="Q2" pin="3" pinfunction="C" pintype="passive"/>
      <node ref="R21" pin="2" pintype="passive"/>
      <node ref="R22" pin="2" pintype="passive"/>
      <node ref="R32" pin="1" pintype="passive"/>
      <node ref="R36" pin="1" pintype="passive"/>
      <node ref="U1" pin="8" pinfunction="V+" pintype="power_in"/>
      <node ref="U2" pin="8" pinfunction="V+" pintype="power_in"/>
      <node ref="U3" pin="8" pinfunction="V+" pintype="power_in"/>
    </net>
    <net code="4" name="+A">
      <node ref="J12" pin="5" pinfunction="Pin_5" pintype="passive"/>
      <node ref="R10" pin="1" pintype="passive"/>
      <node ref="R14" pin="1" pintype="passive"/>
    </net>
    <net code="5" name="+A*">
      <node ref="J1" pin="1" pinfunction="Pin_1" pintype="passive"/>
      <node ref="J9" pin="5" pinfunction="Pin_5" pintype="passive"/>
    </net>
    <net code="6" name="+B">
      <node ref="J13" pin="5" pinfunction="Pin_5" pintype="passive"/>
      <node ref="R11" pin="1" pintype="passive"/>
      <node ref="R15" pin="1" pintype="passive"/>
    </net>
    <net code="7" name="+B*">
      <node ref="J10" pin="5" pinfunction="Pin_5" pintype="passive"/>
      <node ref="J5" pin="1" pinfunction="Pin_1" pintype="passive"/>
    </net>
    <net code="8" name="-5">
      <node ref="C4" pin="1" pintype="passive"/>
      <node ref="J14" pin="2" pinfunction="Pin_2" pintype="passive"/>
      <node ref="R35" pin="2" pintype="passive"/>
      <node ref="U4" pin="3" pinfunction="A" pintype="passive"/>
    </net>
    <net code="9" name="-5V">
      <node ref="J11" pin="2" pinfunction="Pin_2" pintype="passive"/>
      <node ref="RV1" pin="3" pinfunction="3" pintype="passive"/>
      <node ref="RV2" pin="3" pinfunction="3" pintype="passive"/>
    </net>
    <net code="10" name="-15V">
      <node ref="BP2" pin="2" pintype="passive"/>
      <node ref="BP4" pin="2" pintype="passive"/>
      <node ref="BP6" pin="2" pintype="passive"/>
      <node ref="FB2" pin="1" pintype="passive"/>
      <node ref="PF2" pin="2" pintype="passive"/>
      <node ref="R35" pin="1" pintype="passive"/>
      <node ref="U1" pin="4" pinfunction="V-" pintype="power_in"/>
      <node ref="U2" pin="4" pinfunction="V-" pintype="power_in"/>
      <node ref="U3" pin="4" pinfunction="V-" pintype="power_in"/>
    </net>
    <net code="11" name="-A">
      <node ref="J12" pin="2" pinfunction="Pin_2" pintype="passive"/>
      <node ref="R2" pin="1" pintype="passive"/>
    </net>
    <net code="12" name="-A*">
      <node ref="J2" pin="1" pinfunction="Pin_1" pintype="passive"/>
      <node ref="J9" pin="2" pinfunction="Pin_2" pintype="passive"/>
    </net>
    <net code="13" name="-B">
      <node ref="J13" pin="2" pinfunction="Pin_2" pintype="passive"/>
      <node ref="R4" pin="1" pintype="passive"/>
    </net>
    <net code="14" name="-B*">
      <node ref="J10" pin="2" pinfunction="Pin_2" pintype="passive"/>
      <node ref="J6" pin="1" pinfunction="Pin_1" pintype="passive"/>
    </net>
    <net code="15" name="A">
      <node ref="D3" pin="2" pinfunction="A" pintype="passive"/>
      <node ref="D4" pin="1" pinfunction="K" pintype="passive"/>
      <node ref="J12" pin="6" pinfunction="Pin_6" pintype="passive"/>
      <node ref="Q1" pin="1" pinfunction="E" pintype="passive"/>
    </net>
    <net code="16" name="A*">
      <node ref="J9" pin="6" pinfunction="Pin_6" pintype="passive"/>
      <node ref="R12" pin="1" pintype="passive"/>
      <node ref="R9" pin="1" pintype="passive"/>
    </net>
    <net code="17" name="B">
      <node ref="D5" pin="2" pinfunction="A" pintype="passive"/>
      <node ref="D6" pin="1" pinfunction="K" pintype="passive"/>
      <node ref="J13" pin="6" pinfunction="Pin_6" pintype="passive"/>
      <node ref="Q2" pin="1" pinfunction="E" pintype="passive"/>
    </net>
    <net code="18" name="B*">
      <node ref="J10" pin="6" pinfunction="Pin_6" pintype="passive"/>
      <node ref="R24" pin="1" pintype="passive"/>
      <node ref="R25" pin="1" pintype="passive"/>
    </net>
    <net code="19" name="GND">
      <node ref="BP1" pin="2" pintype="passive"/>
      <node ref="BP2" pin="1" pintype="passive"/>
      <node ref="BP3" pin="2" pintype="passive"/>
      <node ref="BP4" pin="1" pintype="passive"/>
      <node ref="BP5" pin="2" pintype="passive"/>
      <node ref="BP6" pin="1" pintype="passive"/>
      <node ref="C4" pin="2" pintype="passive"/>
      <node ref="C5" pin="2" pintype="passive"/>
      <node ref="J14" pin="3" pinfunction="Pin_3" pintype="passive"/>
      <node ref="J14" pin="4" pinfunction="Pin_4" pintype="passive"/>
      <node ref="J14" pin="5" pinfunction="Pin_5" pintype="passive"/>
      <node ref="J14" pin="6" pinfunction="Pin_6" pintype="passive"/>
      <node ref="J15" pin="2" pinfunction="Pin_2" pintype="passive"/>
      <node ref="J15" pin="3" pinfunction="Pin_3" pintype="passive"/>
      <node ref="PF1" pin="2" pintype="passive"/>
      <node ref="PF2" pin="1" pintype="passive"/>
      <node ref="R10" pin="2" pintype="passive"/>
      <node ref="R11" pin="2" pintype="passive"/>
      <node ref="R30" pin="2" pintype="passive"/>
      <node ref="R33" pin="1" pintype="passive"/>
      <node ref="R5" pin="2" pintype="passive"/>
      <node ref="R6" pin="2" pintype="passive"/>
      <node ref="U4" pin="2" pinfunction="K" pintype="passive"/>
      <node ref="U5" pin="3" pinfunction="A" pintype="passive"/>
    </net>
    <net code="20" name="GNDREF">
      <node ref="J11" pin="3" pinfunction="Pin_3" pintype="passive"/>
      <node ref="J11" pin="4" pinfunction="Pin_4" pintype="passive"/>
      <node ref="J11" pin="5" pinfunction="Pin_5" pintype="passive"/>
      <node ref="J11" pin="6" pinfunction="Pin_6" pintype="passive"/>
      <node ref="J16" pin="1" pinfunction="Pin_1" pintype="passive"/>
      <node ref="J17" pin="1" pinfunction="Pin_1" pintype="passive"/>
      <node ref="J18" pin="1" pinfunction="Pin_1" pintype="passive"/>
      <node ref="J19" pin="1" pinfunction="Pin_1" pintype="passive"/>
      <node ref="J20" pin="1" pinfunction="Pin_1" pintype="passive"/>
      <node ref="J21" pin="1" pinfunction="Pin_1" pintype="passive"/>
      <node ref="LED1" pin="1" pinfunction="K" pintype="passive"/>
      <node ref="LED2" pin="1" pinfunction="K" pintype="passive"/>
      <node ref="LED3" pin="1" pinfunction="K" pintype="passive"/>
      <node ref="R13" pin="2" pintype="passive"/>
      <node ref="R23" pin="1" pintype="passive"/>
      <node ref="R26" pin="2" pintype="passive"/>
    </net>
    <net code="21" name="Net-(C1-Pad1)">
      <node ref="C1" pin="1" pintype="passive"/>
      <node ref="R14" pin="2" pintype="passive"/>
      <node ref="R19" pin="1" pintype="passive"/>
      <node ref="U2" pin="3" pinfunction="+" pintype="input"/>
    </net>
    <net code="22" name="Net-(C1-Pad2)">
      <node ref="C1" pin="2" pintype="passive"/>
      <node ref="D1" pin="2" pinfunction="A" pintype="passive"/>
      <node ref="R19" pin="2" pintype="passive"/>
      <node ref="R21" pin="1" pintype="passive"/>
      <node ref="U2" pin="1" pintype="open_collector"/>
    </net>
    <net code="23" name="Net-(C2-Pad1)">
      <node ref="C2" pin="1" pintype="passive"/>
      <node ref="R15" pin="2" pintype="passive"/>
      <node ref="R20" pin="1" pintype="passive"/>
      <node ref="U2" pin="5" pinfunction="+" pintype="input"/>
    </net>
    <net code="24" name="Net-(C2-Pad2)">
      <node ref="C2" pin="2" pintype="passive"/>
      <node ref="D2" pin="2" pinfunction="A" pintype="passive"/>
      <node ref="R20" pin="2" pintype="passive"/>
      <node ref="R22" pin="1" pintype="passive"/>
      <node ref="U2" pin="7" pintype="open_collector"/>
    </net>
    <net code="25" name="Net-(C3-Pad1)">
      <node ref="C3" pin="1" pintype="passive"/>
      <node ref="R18" pin="2" pintype="passive"/>
    </net>
    <net code="26" name="Net-(C3-Pad2)">
      <node ref="C3" pin="2" pintype="passive"/>
      <node ref="J4" pin="1" pinfunction="Pin_1" pintype="passive"/>
      <node ref="R23" pin="2" pintype="passive"/>
    </net>
    <net code="27" name="Net-(D1-Pad1)">
      <node ref="D1" pin="1" pinfunction="K" pintype="passive"/>
      <node ref="Q1" pin="2" pinfunction="B" pintype="passive"/>
    </net>
    <net code="28" name="Net-(D2-Pad1)">
      <node ref="D2" pin="1" pinfunction="K" pintype="passive"/>
      <node ref="Q2" pin="2" pinfunction="B" pintype="passive"/>
    </net>
    <net code="29" name="Net-(D3-Pad1)">
      <node ref="D3" pin="1" pinfunction="K" pintype="passive"/>
      <node ref="D5" pin="1" pinfunction="K" pintype="passive"/>
      <node ref="Q3" pin="1" pinfunction="E" pintype="passive"/>
    </net>
    <net code="30" name="Net-(D4-Pad2)">
      <node ref="D4" pin="2" pinfunction="A" pintype="passive"/>
      <node ref="D6" pin="2" pinfunction="A" pintype="passive"/>
      <node ref="R28" pin="1" pintype="passive"/>
    </net>
    <net code="31" name="Net-(FB1-Pad2)">
      <node ref="FB1" pin="2" pintype="passive"/>
      <node ref="J15" pin="4" pinfunction="Pin_4" pintype="passive"/>
    </net>
    <net code="32" name="Net-(FB2-Pad2)">
      <node ref="FB2" pin="2" pintype="passive"/>
      <node ref="J15" pin="1" pinfunction="Pin_1" pintype="passive"/>
    </net>
    <net code="33" name="Net-(J3-Pad1)">
      <node ref="J3" pin="1" pinfunction="Pin_1" pintype="passive"/>
      <node ref="R12" pin="2" pintype="passive"/>
      <node ref="R13" pin="1" pintype="passive"/>
    </net>
    <net code="34" name="Net-(J7-Pad1)">
      <node ref="J7" pin="1" pinfunction="Pin_1" pintype="passive"/>
      <node ref="R25" pin="2" pintype="passive"/>
      <node ref="R26" pin="1" pintype="passive"/>
    </net>
    <net code="35" name="Net-(J8-Pad1)">
      <node ref="J8" pin="1" pinfunction="Pin_1" pintype="passive"/>
      <node ref="R29" pin="2" pintype="passive"/>
    </net>
    <net code="36" name="Net-(LED1-Pad2)">
      <node ref="LED1" pin="2" pinfunction="A" pintype="passive"/>
      <node ref="R9" pin="2" pintype="passive"/>
    </net>
    <net code="37" name="Net-(LED2-Pad2)">
      <node ref="LED2" pin="2" pinfunction="A" pintype="passive"/>
      <node ref="R24" pin="2" pintype="passive"/>
    </net>
    <net code="38" name="Net-(LED3-Pad2)">
      <node ref="LED3" pin="2" pinfunction="A" pintype="passive"/>
      <node ref="R27" pin="2" pintype="passive"/>
    </net>
    <net code="39" name="Net-(Q3-Pad2)">
      <node ref="Q3" pin="2" pinfunction="B" pintype="input"/>
      <node ref="R28" pin="2" pintype="passive"/>
    </net>
    <net code="40" name="Net-(Q3-Pad3)">
      <node ref="Q3" pin="3" pinfunction="C" pintype="passive"/>
      <node ref="R30" pin="1" pintype="passive"/>
      <node ref="R31" pin="1" pintype="passive"/>
      <node ref="U3" pin="3" pinfunction="+" pintype="input"/>
    </net>
    <net code="41" name="Net-(R1-Pad2)">
      <node ref="R1" pin="2" pintype="passive"/>
      <node ref="R7" pin="1" pintype="passive"/>
      <node ref="U1" pin="2" pinfunction="-" pintype="input"/>
    </net>
    <net code="42" name="Net-(R2-Pad2)">
      <node ref="R2" pin="2" pintype="passive"/>
      <node ref="R5" pin="1" pintype="passive"/>
      <node ref="U1" pin="3" pinfunction="+" pintype="input"/>
    </net>
    <net code="43" name="Net-(R3-Pad2)">
      <node ref="R3" pin="2" pintype="passive"/>
      <node ref="R8" pin="1" pintype="passive"/>
      <node ref="U1" pin="6" pinfunction="-" pintype="input"/>
    </net>
    <net code="44" name="Net-(R4-Pad2)">
      <node ref="R4" pin="2" pintype="passive"/>
      <node ref="R6" pin="1" pintype="passive"/>
      <node ref="U1" pin="5" pinfunction="+" pintype="input"/>
    </net>
    <net code="45" name="Net-(R16-Pad1)">
      <node ref="R16" pin="1" pintype="passive"/>
      <node ref="R7" pin="2" pintype="passive"/>
      <node ref="U1" pin="1" pintype="output"/>
    </net>
    <net code="46" name="Net-(R16-Pad2)">
      <node ref="R16" pin="2" pintype="passive"/>
      <node ref="U2" pin="2" pinfunction="-" pintype="input"/>
    </net>
    <net code="47" name="Net-(R17-Pad1)">
      <node ref="R17" pin="1" pintype="passive"/>
      <node ref="R8" pin="2" pintype="passive"/>
      <node ref="U1" pin="7" pintype="output"/>
    </net>
    <net code="48" name="Net-(R17-Pad2)">
      <node ref="R17" pin="2" pintype="passive"/>
      <node ref="U2" pin="6" pinfunction="_" pintype="input"/>
    </net>
    <net code="49" name="Net-(R31-Pad2)">
      <node ref="R31" pin="2" pintype="passive"/>
      <node ref="R33" pin="2" pintype="passive"/>
      <node ref="U3" pin="5" pinfunction="+" pintype="input"/>
    </net>
    <net code="50" name="Net-(R32-Pad2)">
      <node ref="R32" pin="2" pintype="passive"/>
      <node ref="R34" pin="1" pintype="passive"/>
      <node ref="U3" pin="6" pinfunction="-" pintype="input"/>
    </net>
    <net code="51" name="O">
      <node ref="J13" pin="3" pinfunction="Pin_3" pintype="passive"/>
      <node ref="R34" pin="2" pintype="passive"/>
      <node ref="U3" pin="7" pintype="output"/>
    </net>
    <net code="52" name="O*">
      <node ref="J10" pin="3" pinfunction="Pin_3" pintype="passive"/>
      <node ref="R18" pin="1" pintype="passive"/>
    </net>
    <net code="53" name="POT_A">
      <node ref="J12" pin="1" pinfunction="Pin_1" pintype="passive"/>
      <node ref="R1" pin="1" pintype="passive"/>
    </net>
    <net code="54" name="POT_A*">
      <node ref="J9" pin="1" pinfunction="Pin_1" pintype="passive"/>
      <node ref="RV1" pin="2" pinfunction="2" pintype="passive"/>
    </net>
    <net code="55" name="POT_B">
      <node ref="J13" pin="1" pinfunction="Pin_1" pintype="passive"/>
      <node ref="R3" pin="1" pintype="passive"/>
    </net>
    <net code="56" name="POT_B*">
      <node ref="J10" pin="1" pinfunction="Pin_1" pintype="passive"/>
      <node ref="RV2" pin="2" pinfunction="2" pintype="passive"/>
    </net>
    <net code="57" name="X">
      <node ref="J12" pin="3" pinfunction="Pin_3" pintype="passive"/>
      <node ref="U3" pin="1" pintype="output"/>
      <node ref="U3" pin="2" pinfunction="-" pintype="input"/>
    </net>
    <net code="58" name="X*">
      <node ref="J9" pin="3" pinfunction="Pin_3" pintype="passive"/>
      <node ref="R27" pin="1" pintype="passive"/>
      <node ref="R29" pin="1" pintype="passive"/>
    </net>
    <net code="59" name="unconnected-(J9-Pad4)">
      <node ref="J9" pin="4" pinfunction="Pin_4" pintype="passive+no_connect"/>
    </net>
    <net code="60" name="unconnected-(J10-Pad4)">
      <node ref="J10" pin="4" pinfunction="Pin_4" pintype="passive+no_connect"/>
    </net>
    <net code="61" name="unconnected-(J12-Pad4)">
      <node ref="J12" pin="4" pinfunction="Pin_4" pintype="passive+no_connect"/>
    </net>
    <net code="62" name="unconnected-(J13-Pad4)">
      <node ref="J13" pin="4" pinfunction="Pin_4" pintype="passive+no_connect"/>
    </net>
  </nets>
</export>
