"Source:","/Users/usb/Desktop/Kicad/compare/compare.kicad_sch"
"Date:","Sunday, April 23, 2023 at 06:42:17 PM"
"Tool:","Eeschema (6.0.7-1)-1"
"Generator:","/Applications/KiCad/KiCad.app/Contents/SharedSupport/plugins/bom_csv_grouped_by_value_with_fp.py"
"Component Count:","93"
"Ref","Qnty","Value","Cmp name","Footprint","Description","Vendor"
"BP1, BP2, BP3, BP4, BP5, BP6, ","6","100n","C","Capacitor_SMD:C_0805_2012Metric_Pad1.18x1.45mm_HandSolder","Unpolarized capacitor",""
"C1, C2, ","2","47p","C","Capacitor_SMD:C_0805_2012Metric_Pad1.18x1.45mm_HandSolder","Unpolarized capacitor",""
"C3, ","1","22u","C","Capacitor_THT:C_Disc_D5.0mm_W2.5mm_P2.50mm","Unpolarized capacitor",""
"C4, C5, ","2","100n","C","Capacitor_SMD:C_0805_2012Metric_Pad1.18x1.45mm_HandSolder","Unpolarized capacitor",""
"D1, D2, ","2","1n4148","D","Diode_THT:D_DO-35_SOD27_P7.62mm_Horizontal","Diode",""
"D3, D4, D5, D6, ","4","BAT43","BAT43","Diode_THT:D_DO-35_SOD27_P7.62mm_Horizontal","30V 0.2A Small Signal Schottky Diode, DO-35",""
"FB1, FB2, ","2","FerriteBead_Small","FerriteBead_Small","Inductor_THT:L_Axial_L7.0mm_D3.3mm_P10.16mm_Horizontal_Fastron_MICC","Ferrite bead, small symbol",""
"H1, H2, ","2","MountingHole","MountingHole","Footprints2:MountingHoleM3","Mounting Hole without connection",""
"J1, J2, J3, J4, J5, J6, J7, J8, ","8","Banana_Jack","Conn_01x01_Female","Footprints2:BananaFoFanna5","Generic connector, single row, 01x01, script generated (kicad-library-utils/schlib/autogen/connector/)",""
"J9, ","1","1A","Conn_01x06_Female","Connector_PinSocket_2.54mm:PinSocket_1x06_P2.54mm_Vertical","Generic connector, single row, 01x06, script generated (kicad-library-utils/schlib/autogen/connector/)",""
"J10, ","1","2A","Conn_01x06_Female","Connector_PinSocket_2.54mm:PinSocket_1x06_P2.54mm_Vertical","Generic connector, single row, 01x06, script generated (kicad-library-utils/schlib/autogen/connector/)",""
"J11, ","1","3A","Conn_01x06_Female","Connector_PinSocket_2.54mm:PinSocket_1x06_P2.54mm_Vertical","Generic connector, single row, 01x06, script generated (kicad-library-utils/schlib/autogen/connector/)",""
"J12, ","1","1B","Conn_01x06_Male","Connector_PinHeader_2.54mm:PinHeader_1x06_P2.54mm_Vertical","Generic connector, single row, 01x06, script generated (kicad-library-utils/schlib/autogen/connector/)",""
"J13, ","1","2B","Conn_01x06_Male","Connector_PinHeader_2.54mm:PinHeader_1x06_P2.54mm_Vertical","Generic connector, single row, 01x06, script generated (kicad-library-utils/schlib/autogen/connector/)",""
"J14, ","1","3B","Conn_01x06_Male","Connector_PinHeader_2.54mm:PinHeader_1x06_P2.54mm_Vertical","Generic connector, single row, 01x06, script generated (kicad-library-utils/schlib/autogen/connector/)",""
"J15, ","1","POWER","Conn_01x04_Male","TerminalBlock_TE-Connectivity:TerminalBlock_TE_282834-4_1x04_P2.54mm_Horizontal","Generic connector, single row, 01x04, script generated (kicad-library-utils/schlib/autogen/connector/)",""
"J16, J17, J18, J19, J20, J21, ","6","0V","Conn_01x01_Male","Connector_PinHeader_2.54mm:PinHeader_1x01_P2.54mm_Vertical","Generic connector, single row, 01x01, script generated (kicad-library-utils/schlib/autogen/connector/)",""
"LED1, LED2, LED3, ","3","LED","LED","Footprints2:LED-3MMcenter","Light emitting diode",""
"PF1, PF2, ","2","47u","C_Polarized","Capacitor_THT:CP_Radial_D6.3mm_P2.50mm","Polarized capacitor",""
"Q1, Q2, ","2","2N3904","2N3904","Package_TO_SOT_THT:TO-92_Inline_Wide","0.2A Ic, 40V Vce, Small Signal NPN Transistor, TO-92",""
"Q3, ","1","2N3906","2N3906","Package_TO_SOT_THT:TO-92_Inline_Wide","-0.2A Ic, -40V Vce, Small Signal PNP Transistor, TO-92",""
"R1, R2, R3, R4, R5, R6, R7, R8, R10, R11, ","10","100k","R","Resistor_SMD:R_0805_2012Metric_Pad1.20x1.40mm_HandSolder","Resistor",""
"R9, R24, ","2","RLED","R","Resistor_SMD:R_0805_2012Metric_Pad1.20x1.40mm_HandSolder","Resistor",""
"R12, R13, R25, R26, ","4","1k","R","Resistor_SMD:R_0805_2012Metric_Pad1.20x1.40mm_HandSolder","Resistor",""
"R14, R15, R16, R17, R28, R30, R31, R32, R33, ","9","10k","R","Resistor_SMD:R_0805_2012Metric_Pad1.20x1.40mm_HandSolder","Resistor",""
"R18, R29, ","2","330R","R","Resistor_SMD:R_0805_2012Metric_Pad1.20x1.40mm_HandSolder","Resistor",""
"R19, R20, ","2","2M2","R","Resistor_SMD:R_0805_2012Metric_Pad1.20x1.40mm_HandSolder","Resistor",""
"R21, R22, ","2","3k3","R","Resistor_SMD:R_0805_2012Metric_Pad1.20x1.40mm_HandSolder","Resistor",""
"R23, ","1","47k","R","Resistor_SMD:R_0805_2012Metric_Pad1.20x1.40mm_HandSolder","Resistor",""
"R27, ","1","470R","R","Resistor_SMD:R_0805_2012Metric_Pad1.20x1.40mm_HandSolder","Resistor",""
"R34, ","1","6k8","R","Resistor_SMD:R_0805_2012Metric_Pad1.20x1.40mm_HandSolder","Resistor",""
"R35, R36, ","2","1k8","R","Resistor_SMD:R_0805_2012Metric_Pad1.20x1.40mm_HandSolder","Resistor",""
"RV1, RV2, ","2","B100k","R_Potentiometer","Footprints2:Potentiometer_Alpha_RD901F-40-00D_Single_Vertical_Center","Potentiometer",""
"U1, U3, ","2","TL072","TL072","Package_SO:SOIC-8_3.9x4.9mm_P1.27mm","Dual Low-Noise JFET-Input Operational Amplifiers, DIP-8/SOIC-8",""
"U2, ","1","LM393","LM393","Package_SO:SOIC-8_3.9x4.9mm_P1.27mm","Low-Power, Low-Offset Voltage, Dual Comparators, DIP-8/SOIC-8/TO-99-8",""
"U4, U5, ","2","LM4040LP-5","LM4040LP-5","Package_TO_SOT_THT:TO-92_Inline","5.000V Precision Micropower Shunt Voltage Reference, TO-92",""
