<?xml version="1.0" encoding="UTF-8"?>
<export version="D">
  <design>
    <source>/Users/usb/Desktop/Kicad/routers/routers.sch</source>
    <date>Saturday, June 25, 2022 at 01:19:51 PM</date>
    <tool>Eeschema (5.1.2-1)-1</tool>
    <sheet number="1" name="/" tstamps="/">
      <title_block>
        <title>routers</title>
        <company/>
        <rev>v01</rev>
        <date>2022</date>
        <source>routers.sch</source>
        <comment number="1" value=""/>
        <comment number="2" value=""/>
        <comment number="3" value="banana frac remix : matt hartman"/>
        <comment number="4" value="based on a 4U design by : craig lee"/>
      </title_block>
    </sheet>
  </design>
  <components>
    <comp ref="PAD2">
      <value>A0</value>
      <footprint>Footprints2:BananaFoFanna4</footprint>
      <datasheet>~</datasheet>
      <libsource lib="Connector" part="Conn_01x01_Female" description="Generic connector, single row, 01x01, script generated (kicad-library-utils/schlib/autogen/connector/)"/>
      <sheetpath names="/" tstamps="/"/>
      <tstamp>62AD65E0</tstamp>
    </comp>
    <comp ref="PAD3">
      <value>A1</value>
      <footprint>Footprints2:BananaFoFanna4</footprint>
      <datasheet>~</datasheet>
      <libsource lib="Connector" part="Conn_01x01_Female" description="Generic connector, single row, 01x01, script generated (kicad-library-utils/schlib/autogen/connector/)"/>
      <sheetpath names="/" tstamps="/"/>
      <tstamp>62AD6673</tstamp>
    </comp>
    <comp ref="PR1">
      <value>300R</value>
      <footprint>Resistor_SMD:R_0805_2012Metric_Pad1.15x1.40mm_HandSolder</footprint>
      <datasheet>~</datasheet>
      <libsource lib="Device" part="R" description="Resistor"/>
      <sheetpath names="/" tstamps="/"/>
      <tstamp>62AD68F5</tstamp>
    </comp>
    <comp ref="PR4">
      <value>1M</value>
      <footprint>Resistor_SMD:R_0805_2012Metric_Pad1.15x1.40mm_HandSolder</footprint>
      <datasheet>~</datasheet>
      <libsource lib="Device" part="R" description="Resistor"/>
      <sheetpath names="/" tstamps="/"/>
      <tstamp>62AD69BD</tstamp>
    </comp>
    <comp ref="PR3">
      <value>300R</value>
      <footprint>Resistor_SMD:R_0805_2012Metric_Pad1.15x1.40mm_HandSolder</footprint>
      <datasheet>~</datasheet>
      <libsource lib="Device" part="R" description="Resistor"/>
      <sheetpath names="/" tstamps="/"/>
      <tstamp>62AD8D88</tstamp>
    </comp>
    <comp ref="PR6">
      <value>1M</value>
      <footprint>Resistor_SMD:R_0805_2012Metric_Pad1.15x1.40mm_HandSolder</footprint>
      <datasheet>~</datasheet>
      <libsource lib="Device" part="R" description="Resistor"/>
      <sheetpath names="/" tstamps="/"/>
      <tstamp>62AD969E</tstamp>
    </comp>
    <comp ref="PR2">
      <value>300R</value>
      <footprint>Resistor_SMD:R_0805_2012Metric_Pad1.15x1.40mm_HandSolder</footprint>
      <datasheet>~</datasheet>
      <libsource lib="Device" part="R" description="Resistor"/>
      <sheetpath names="/" tstamps="/"/>
      <tstamp>62AD9C62</tstamp>
    </comp>
    <comp ref="PR5">
      <value>1M</value>
      <footprint>Resistor_SMD:R_0805_2012Metric_Pad1.15x1.40mm_HandSolder</footprint>
      <datasheet>~</datasheet>
      <libsource lib="Device" part="R" description="Resistor"/>
      <sheetpath names="/" tstamps="/"/>
      <tstamp>62AD9EB4</tstamp>
    </comp>
    <comp ref="PAD4">
      <value>A0/1</value>
      <footprint>Footprints2:BananaFoFanna4</footprint>
      <datasheet>~</datasheet>
      <libsource lib="Connector" part="Conn_01x01_Female" description="Generic connector, single row, 01x01, script generated (kicad-library-utils/schlib/autogen/connector/)"/>
      <sheetpath names="/" tstamps="/"/>
      <tstamp>62ADA2AA</tstamp>
    </comp>
    <comp ref="PAD1">
      <value>ACV</value>
      <footprint>Footprints2:BananaFoFanna4</footprint>
      <datasheet>~</datasheet>
      <libsource lib="Connector" part="Conn_01x01_Female" description="Generic connector, single row, 01x01, script generated (kicad-library-utils/schlib/autogen/connector/)"/>
      <sheetpath names="/" tstamps="/"/>
      <tstamp>62ADBC08</tstamp>
    </comp>
    <comp ref="PAD6">
      <value>B0</value>
      <footprint>Footprints2:BananaFoFanna4</footprint>
      <datasheet>~</datasheet>
      <libsource lib="Connector" part="Conn_01x01_Female" description="Generic connector, single row, 01x01, script generated (kicad-library-utils/schlib/autogen/connector/)"/>
      <sheetpath names="/" tstamps="/"/>
      <tstamp>62AED8C8</tstamp>
    </comp>
    <comp ref="PAD7">
      <value>B1</value>
      <footprint>Footprints2:BananaFoFanna4</footprint>
      <datasheet>~</datasheet>
      <libsource lib="Connector" part="Conn_01x01_Female" description="Generic connector, single row, 01x01, script generated (kicad-library-utils/schlib/autogen/connector/)"/>
      <sheetpath names="/" tstamps="/"/>
      <tstamp>62AED8D2</tstamp>
    </comp>
    <comp ref="PR7">
      <value>300R</value>
      <footprint>Resistor_SMD:R_0805_2012Metric_Pad1.15x1.40mm_HandSolder</footprint>
      <datasheet>~</datasheet>
      <libsource lib="Device" part="R" description="Resistor"/>
      <sheetpath names="/" tstamps="/"/>
      <tstamp>62AED8DC</tstamp>
    </comp>
    <comp ref="PR10">
      <value>1M</value>
      <footprint>Resistor_SMD:R_0805_2012Metric_Pad1.15x1.40mm_HandSolder</footprint>
      <datasheet>~</datasheet>
      <libsource lib="Device" part="R" description="Resistor"/>
      <sheetpath names="/" tstamps="/"/>
      <tstamp>62AED8E6</tstamp>
    </comp>
    <comp ref="PR9">
      <value>300R</value>
      <footprint>Resistor_SMD:R_0805_2012Metric_Pad1.15x1.40mm_HandSolder</footprint>
      <datasheet>~</datasheet>
      <libsource lib="Device" part="R" description="Resistor"/>
      <sheetpath names="/" tstamps="/"/>
      <tstamp>62AED8F0</tstamp>
    </comp>
    <comp ref="PR12">
      <value>1M</value>
      <footprint>Resistor_SMD:R_0805_2012Metric_Pad1.15x1.40mm_HandSolder</footprint>
      <datasheet>~</datasheet>
      <libsource lib="Device" part="R" description="Resistor"/>
      <sheetpath names="/" tstamps="/"/>
      <tstamp>62AED8FA</tstamp>
    </comp>
    <comp ref="PR8">
      <value>300R</value>
      <footprint>Resistor_SMD:R_0805_2012Metric_Pad1.15x1.40mm_HandSolder</footprint>
      <datasheet>~</datasheet>
      <libsource lib="Device" part="R" description="Resistor"/>
      <sheetpath names="/" tstamps="/"/>
      <tstamp>62AED904</tstamp>
    </comp>
    <comp ref="PR11">
      <value>1M</value>
      <footprint>Resistor_SMD:R_0805_2012Metric_Pad1.15x1.40mm_HandSolder</footprint>
      <datasheet>~</datasheet>
      <libsource lib="Device" part="R" description="Resistor"/>
      <sheetpath names="/" tstamps="/"/>
      <tstamp>62AED90E</tstamp>
    </comp>
    <comp ref="PAD8">
      <value>B0/1</value>
      <footprint>Footprints2:BananaFoFanna4</footprint>
      <datasheet>~</datasheet>
      <libsource lib="Connector" part="Conn_01x01_Female" description="Generic connector, single row, 01x01, script generated (kicad-library-utils/schlib/autogen/connector/)"/>
      <sheetpath names="/" tstamps="/"/>
      <tstamp>62AED918</tstamp>
    </comp>
    <comp ref="PAD5">
      <value>BCV</value>
      <footprint>Footprints2:BananaFoFanna4</footprint>
      <datasheet>~</datasheet>
      <libsource lib="Connector" part="Conn_01x01_Female" description="Generic connector, single row, 01x01, script generated (kicad-library-utils/schlib/autogen/connector/)"/>
      <sheetpath names="/" tstamps="/"/>
      <tstamp>62AED93B</tstamp>
    </comp>
    <comp ref="SW1">
      <value>SW_SPDT</value>
      <footprint>w_switch:switch_100sp5</footprint>
      <datasheet>~</datasheet>
      <libsource lib="Switch" part="SW_SPDT" description="Switch, single pole double throw"/>
      <sheetpath names="/" tstamps="/"/>
      <tstamp>62B0422B</tstamp>
    </comp>
    <comp ref="U101">
      <value>2N3904</value>
      <footprint>Package_TO_SOT_THT:TO-92L_Inline_Wide</footprint>
      <datasheet>https://www.fairchildsemi.com/datasheets/2N/2N3904.pdf</datasheet>
      <libsource lib="Transistor_BJT" part="2N3904" description="0.2A Ic, 40V Vce, Small Signal NPN Transistor, TO-92"/>
      <sheetpath names="/" tstamps="/"/>
      <tstamp>62B066B7</tstamp>
    </comp>
    <comp ref="PR101">
      <value>1k</value>
      <footprint>Resistor_SMD:R_0805_2012Metric_Pad1.15x1.40mm_HandSolder</footprint>
      <datasheet>~</datasheet>
      <libsource lib="Device" part="R" description="Resistor"/>
      <sheetpath names="/" tstamps="/"/>
      <tstamp>62B13158</tstamp>
    </comp>
    <comp ref="PC101">
      <value>100n</value>
      <footprint>Capacitor_SMD:C_0805_2012Metric_Pad1.15x1.40mm_HandSolder</footprint>
      <datasheet>~</datasheet>
      <libsource lib="Device" part="C" description="Unpolarized capacitor"/>
      <sheetpath names="/" tstamps="/"/>
      <tstamp>62B142E1</tstamp>
    </comp>
    <comp ref="LED1">
      <value>LED</value>
      <footprint>Footprints2:LED-3MMcenter</footprint>
      <datasheet>~</datasheet>
      <libsource lib="Device" part="LED" description="Light emitting diode"/>
      <sheetpath names="/" tstamps="/"/>
      <tstamp>62B1813C</tstamp>
    </comp>
    <comp ref="SW2">
      <value>SW_SPDT</value>
      <footprint>w_switch:switch_100sp5</footprint>
      <datasheet>~</datasheet>
      <libsource lib="Switch" part="SW_SPDT" description="Switch, single pole double throw"/>
      <sheetpath names="/" tstamps="/"/>
      <tstamp>62B341A2</tstamp>
    </comp>
    <comp ref="U102">
      <value>2N3904</value>
      <footprint>Package_TO_SOT_THT:TO-92L_Inline_Wide</footprint>
      <datasheet>https://www.fairchildsemi.com/datasheets/2N/2N3904.pdf</datasheet>
      <libsource lib="Transistor_BJT" part="2N3904" description="0.2A Ic, 40V Vce, Small Signal NPN Transistor, TO-92"/>
      <sheetpath names="/" tstamps="/"/>
      <tstamp>62B341AC</tstamp>
    </comp>
    <comp ref="PR102">
      <value>1k</value>
      <footprint>Resistor_SMD:R_0805_2012Metric_Pad1.15x1.40mm_HandSolder</footprint>
      <datasheet>~</datasheet>
      <libsource lib="Device" part="R" description="Resistor"/>
      <sheetpath names="/" tstamps="/"/>
      <tstamp>62B341CA</tstamp>
    </comp>
    <comp ref="PC102">
      <value>100n</value>
      <footprint>Capacitor_SMD:C_0805_2012Metric_Pad1.15x1.40mm_HandSolder</footprint>
      <datasheet>~</datasheet>
      <libsource lib="Device" part="C" description="Unpolarized capacitor"/>
      <sheetpath names="/" tstamps="/"/>
      <tstamp>62B341D4</tstamp>
    </comp>
    <comp ref="LED2">
      <value>LED</value>
      <footprint>Footprints2:LED-3MMcenter</footprint>
      <datasheet>~</datasheet>
      <libsource lib="Device" part="LED" description="Light emitting diode"/>
      <sheetpath names="/" tstamps="/"/>
      <tstamp>62B341F2</tstamp>
    </comp>
    <comp ref="J4">
      <value>4A</value>
      <footprint>Connector_PinSocket_2.54mm:PinSocket_1x06_P2.54mm_Vertical</footprint>
      <datasheet>~</datasheet>
      <libsource lib="Connector" part="Conn_01x06_Female" description="Generic connector, single row, 01x06, script generated (kicad-library-utils/schlib/autogen/connector/)"/>
      <sheetpath names="/" tstamps="/"/>
      <tstamp>62B66167</tstamp>
    </comp>
    <comp ref="J2">
      <value>2A</value>
      <footprint>Connector_PinSocket_2.54mm:PinSocket_1x04_P2.54mm_Vertical</footprint>
      <datasheet>~</datasheet>
      <libsource lib="Connector" part="Conn_01x04_Female" description="Generic connector, single row, 01x04, script generated (kicad-library-utils/schlib/autogen/connector/)"/>
      <sheetpath names="/" tstamps="/"/>
      <tstamp>62B727D4</tstamp>
    </comp>
    <comp ref="J3">
      <value>3A</value>
      <footprint>Connector_PinSocket_2.54mm:PinSocket_1x04_P2.54mm_Vertical</footprint>
      <datasheet>~</datasheet>
      <libsource lib="Connector" part="Conn_01x04_Female" description="Generic connector, single row, 01x04, script generated (kicad-library-utils/schlib/autogen/connector/)"/>
      <sheetpath names="/" tstamps="/"/>
      <tstamp>62B733AB</tstamp>
    </comp>
    <comp ref="J1">
      <value>1A</value>
      <footprint>Connector_PinSocket_2.54mm:PinSocket_1x04_P2.54mm_Vertical</footprint>
      <datasheet>~</datasheet>
      <libsource lib="Connector" part="Conn_01x04_Female" description="Generic connector, single row, 01x04, script generated (kicad-library-utils/schlib/autogen/connector/)"/>
      <sheetpath names="/" tstamps="/"/>
      <tstamp>62B7411E</tstamp>
    </comp>
    <comp ref="SW4">
      <value>PUSH</value>
      <footprint>Connector_PinSocket_2.54mm:PinSocket_2x01_P2.54mm_Vertical</footprint>
      <datasheet>~</datasheet>
      <libsource lib="Switch" part="SW_Push" description="Push button switch, generic, two pins"/>
      <sheetpath names="/" tstamps="/"/>
      <tstamp>62B74C45</tstamp>
    </comp>
    <comp ref="PD1">
      <value>1N4148</value>
      <footprint>Diode_THT:D_DO-35_SOD27_P7.62mm_Horizontal</footprint>
      <datasheet>~</datasheet>
      <libsource lib="Device" part="D" description="Diode"/>
      <sheetpath names="/" tstamps="/"/>
      <tstamp>62B7685C</tstamp>
    </comp>
    <comp ref="PR22">
      <value>1M</value>
      <footprint>Resistor_SMD:R_0805_2012Metric_Pad1.15x1.40mm_HandSolder</footprint>
      <datasheet>~</datasheet>
      <libsource lib="Device" part="R" description="Resistor"/>
      <sheetpath names="/" tstamps="/"/>
      <tstamp>62B77DAF</tstamp>
    </comp>
    <comp ref="PR19">
      <value>10k</value>
      <footprint>Resistor_SMD:R_0805_2012Metric_Pad1.15x1.40mm_HandSolder</footprint>
      <datasheet>~</datasheet>
      <libsource lib="Device" part="R" description="Resistor"/>
      <sheetpath names="/" tstamps="/"/>
      <tstamp>62B7895C</tstamp>
    </comp>
    <comp ref="PC1">
      <value>100n</value>
      <footprint>Capacitor_SMD:C_0805_2012Metric_Pad1.15x1.40mm_HandSolder</footprint>
      <datasheet>~</datasheet>
      <libsource lib="Device" part="C" description="Unpolarized capacitor"/>
      <sheetpath names="/" tstamps="/"/>
      <tstamp>62B792F8</tstamp>
    </comp>
    <comp ref="U1">
      <value>2N3904</value>
      <footprint>Package_TO_SOT_THT:TO-92L_Inline_Wide</footprint>
      <datasheet>https://www.fairchildsemi.com/datasheets/2N/2N3904.pdf</datasheet>
      <libsource lib="Transistor_BJT" part="2N3904" description="0.2A Ic, 40V Vce, Small Signal NPN Transistor, TO-92"/>
      <sheetpath names="/" tstamps="/"/>
      <tstamp>62B7A477</tstamp>
    </comp>
    <comp ref="PR20">
      <value>1k</value>
      <footprint>Resistor_SMD:R_0805_2012Metric_Pad1.15x1.40mm_HandSolder</footprint>
      <datasheet>~</datasheet>
      <libsource lib="Device" part="R" description="Resistor"/>
      <sheetpath names="/" tstamps="/"/>
      <tstamp>62B7CC9E</tstamp>
    </comp>
    <comp ref="PAD13">
      <value>MAN</value>
      <footprint>Footprints2:BananaFoFanna4</footprint>
      <datasheet>~</datasheet>
      <libsource lib="Connector" part="Conn_01x01_Female" description="Generic connector, single row, 01x01, script generated (kicad-library-utils/schlib/autogen/connector/)"/>
      <sheetpath names="/" tstamps="/"/>
      <tstamp>62BB016E</tstamp>
    </comp>
    <comp ref="PR21">
      <value>1k</value>
      <footprint>Resistor_SMD:R_0805_2012Metric_Pad1.15x1.40mm_HandSolder</footprint>
      <datasheet>~</datasheet>
      <libsource lib="Device" part="R" description="Resistor"/>
      <sheetpath names="/" tstamps="/"/>
      <tstamp>62BB08D2</tstamp>
    </comp>
    <comp ref="J7">
      <value>1B</value>
      <footprint>Connector_PinHeader_2.54mm:PinHeader_1x04_P2.54mm_Vertical</footprint>
      <datasheet>~</datasheet>
      <libsource lib="Connector" part="Conn_01x04_Male" description="Generic connector, single row, 01x04, script generated (kicad-library-utils/schlib/autogen/connector/)"/>
      <sheetpath names="/" tstamps="/"/>
      <tstamp>62AE69EB</tstamp>
    </comp>
    <comp ref="D1">
      <value>1n4148</value>
      <footprint>Diode_THT:D_DO-34_SOD68_P7.62mm_Horizontal</footprint>
      <datasheet>~</datasheet>
      <libsource lib="Device" part="D" description="Diode"/>
      <sheetpath names="/" tstamps="/"/>
      <tstamp>62AED448</tstamp>
    </comp>
    <comp ref="R1">
      <value>51k</value>
      <footprint>Resistor_SMD:R_0805_2012Metric_Pad1.15x1.40mm_HandSolder</footprint>
      <datasheet>~</datasheet>
      <libsource lib="Device" part="R" description="Resistor"/>
      <sheetpath names="/" tstamps="/"/>
      <tstamp>62AEE612</tstamp>
    </comp>
    <comp ref="R2">
      <value>100k</value>
      <footprint>Resistor_SMD:R_0805_2012Metric_Pad1.15x1.40mm_HandSolder</footprint>
      <datasheet>~</datasheet>
      <libsource lib="Device" part="R" description="Resistor"/>
      <sheetpath names="/" tstamps="/"/>
      <tstamp>62AEFB17</tstamp>
    </comp>
    <comp ref="C3">
      <value>22p</value>
      <footprint>Capacitor_SMD:C_0805_2012Metric_Pad1.15x1.40mm_HandSolder</footprint>
      <datasheet>~</datasheet>
      <libsource lib="Device" part="C" description="Unpolarized capacitor"/>
      <sheetpath names="/" tstamps="/"/>
      <tstamp>62AF1017</tstamp>
    </comp>
    <comp ref="R3">
      <value>2M2</value>
      <footprint>Resistor_SMD:R_0805_2012Metric_Pad1.15x1.40mm_HandSolder</footprint>
      <datasheet>~</datasheet>
      <libsource lib="Device" part="R" description="Resistor"/>
      <sheetpath names="/" tstamps="/"/>
      <tstamp>62AF1B9C</tstamp>
    </comp>
    <comp ref="R4">
      <value>10k</value>
      <footprint>Resistor_SMD:R_0805_2012Metric_Pad1.15x1.40mm_HandSolder</footprint>
      <datasheet>~</datasheet>
      <libsource lib="Device" part="R" description="Resistor"/>
      <sheetpath names="/" tstamps="/"/>
      <tstamp>62AF29A7</tstamp>
    </comp>
    <comp ref="IC1">
      <value>LM393</value>
      <footprint>Package_SO:SOIC-8_3.9x4.9mm_P1.27mm</footprint>
      <datasheet>http://www.ti.com/lit/ds/symlink/lm393-n.pdf</datasheet>
      <libsource lib="Comparator" part="LM393" description="Low-Power, Low-Offset Voltage, Dual Comparators, DIP-8/SOIC-8/SSOP-8"/>
      <sheetpath names="/" tstamps="/"/>
      <tstamp>62AF3CAD</tstamp>
    </comp>
    <comp ref="R6">
      <value>12k</value>
      <footprint>Resistor_SMD:R_0805_2012Metric_Pad1.15x1.40mm_HandSolder</footprint>
      <datasheet>~</datasheet>
      <libsource lib="Device" part="R" description="Resistor"/>
      <sheetpath names="/" tstamps="/"/>
      <tstamp>62B1780D</tstamp>
    </comp>
    <comp ref="R5">
      <value>100k</value>
      <footprint>Resistor_SMD:R_0805_2012Metric_Pad1.15x1.40mm_HandSolder</footprint>
      <datasheet>~</datasheet>
      <libsource lib="Device" part="R" description="Resistor"/>
      <sheetpath names="/" tstamps="/"/>
      <tstamp>62B1862F</tstamp>
    </comp>
    <comp ref="J6">
      <value>3B</value>
      <footprint>Connector_PinHeader_2.54mm:PinHeader_1x04_P2.54mm_Vertical</footprint>
      <datasheet>~</datasheet>
      <libsource lib="Connector" part="Conn_01x04_Male" description="Generic connector, single row, 01x04, script generated (kicad-library-utils/schlib/autogen/connector/)"/>
      <sheetpath names="/" tstamps="/"/>
      <tstamp>62B41222</tstamp>
    </comp>
    <comp ref="IC2">
      <value>4013</value>
      <footprint>Package_SO:SOIC-14_3.9x8.7mm_P1.27mm</footprint>
      <datasheet>http://www.onsemi.com/pub/Collateral/MC14013B-D.PDF</datasheet>
      <libsource lib="4xxx" part="4013" description="Dual D  FlipFlop, Set &amp; reset"/>
      <sheetpath names="/" tstamps="/"/>
      <tstamp>62B55B46</tstamp>
    </comp>
    <comp ref="IC3">
      <value>DG419xJ</value>
      <footprint>Package_SO:SOIC-8_3.9x4.9mm_P1.27mm</footprint>
      <datasheet>https://datasheets.maximintegrated.com/en/ds/DG417-DG419.pdf</datasheet>
      <libsource lib="Analog_Switch" part="DG419xJ" description="Single SPDT Monolithic CMOS Analog Switch, 20Ohm Ron, DIP-8"/>
      <sheetpath names="/" tstamps="/"/>
      <tstamp>62B806C2</tstamp>
    </comp>
    <comp ref="J9">
      <value>2B</value>
      <footprint>Connector_PinHeader_2.54mm:PinHeader_1x04_P2.54mm_Vertical</footprint>
      <datasheet>~</datasheet>
      <libsource lib="Connector" part="Conn_01x04_Male" description="Generic connector, single row, 01x04, script generated (kicad-library-utils/schlib/autogen/connector/)"/>
      <sheetpath names="/" tstamps="/"/>
      <tstamp>62D10BBD</tstamp>
    </comp>
    <comp ref="D2">
      <value>1n4148</value>
      <footprint>Diode_THT:D_DO-34_SOD68_P7.62mm_Horizontal</footprint>
      <datasheet>~</datasheet>
      <libsource lib="Device" part="D" description="Diode"/>
      <sheetpath names="/" tstamps="/"/>
      <tstamp>62D10BC7</tstamp>
    </comp>
    <comp ref="R7">
      <value>51k</value>
      <footprint>Resistor_SMD:R_0805_2012Metric_Pad1.15x1.40mm_HandSolder</footprint>
      <datasheet>~</datasheet>
      <libsource lib="Device" part="R" description="Resistor"/>
      <sheetpath names="/" tstamps="/"/>
      <tstamp>62D10BD1</tstamp>
    </comp>
    <comp ref="R10">
      <value>100k</value>
      <footprint>Resistor_SMD:R_0805_2012Metric_Pad1.15x1.40mm_HandSolder</footprint>
      <datasheet>~</datasheet>
      <libsource lib="Device" part="R" description="Resistor"/>
      <sheetpath names="/" tstamps="/"/>
      <tstamp>62D10BDB</tstamp>
    </comp>
    <comp ref="C4">
      <value>22p</value>
      <footprint>Capacitor_SMD:C_0805_2012Metric_Pad1.15x1.40mm_HandSolder</footprint>
      <datasheet>~</datasheet>
      <libsource lib="Device" part="C" description="Unpolarized capacitor"/>
      <sheetpath names="/" tstamps="/"/>
      <tstamp>62D10BEF</tstamp>
    </comp>
    <comp ref="R8">
      <value>2M2</value>
      <footprint>Resistor_SMD:R_0805_2012Metric_Pad1.15x1.40mm_HandSolder</footprint>
      <datasheet>~</datasheet>
      <libsource lib="Device" part="R" description="Resistor"/>
      <sheetpath names="/" tstamps="/"/>
      <tstamp>62D10BF9</tstamp>
    </comp>
    <comp ref="R9">
      <value>10k</value>
      <footprint>Resistor_SMD:R_0805_2012Metric_Pad1.15x1.40mm_HandSolder</footprint>
      <datasheet>~</datasheet>
      <libsource lib="Device" part="R" description="Resistor"/>
      <sheetpath names="/" tstamps="/"/>
      <tstamp>62D10C03</tstamp>
    </comp>
    <comp ref="R12">
      <value>12k</value>
      <footprint>Resistor_SMD:R_0805_2012Metric_Pad1.15x1.40mm_HandSolder</footprint>
      <datasheet>~</datasheet>
      <libsource lib="Device" part="R" description="Resistor"/>
      <sheetpath names="/" tstamps="/"/>
      <tstamp>62D10C31</tstamp>
    </comp>
    <comp ref="R11">
      <value>100k</value>
      <footprint>Resistor_SMD:R_0805_2012Metric_Pad1.15x1.40mm_HandSolder</footprint>
      <datasheet>~</datasheet>
      <libsource lib="Device" part="R" description="Resistor"/>
      <sheetpath names="/" tstamps="/"/>
      <tstamp>62D10C3B</tstamp>
    </comp>
    <comp ref="J8">
      <value>4B</value>
      <footprint>Connector_PinHeader_2.54mm:PinHeader_1x06_P2.54mm_Vertical</footprint>
      <datasheet>~</datasheet>
      <libsource lib="Connector" part="Conn_01x06_Male" description="Generic connector, single row, 01x06, script generated (kicad-library-utils/schlib/autogen/connector/)"/>
      <sheetpath names="/" tstamps="/"/>
      <tstamp>62D2A3C8</tstamp>
    </comp>
    <comp ref="IC6">
      <value>DG419xJ</value>
      <footprint>Package_SO:SOIC-8_3.9x4.9mm_P1.27mm</footprint>
      <datasheet>https://datasheets.maximintegrated.com/en/ds/DG417-DG419.pdf</datasheet>
      <libsource lib="Analog_Switch" part="DG419xJ" description="Single SPDT Monolithic CMOS Analog Switch, 20Ohm Ron, DIP-8"/>
      <sheetpath names="/" tstamps="/"/>
      <tstamp>62D10CA0</tstamp>
    </comp>
    <comp ref="J5">
      <value>POWER</value>
      <footprint>TerminalBlock_TE-Connectivity:TerminalBlock_TE_282834-4_1x04_P2.54mm_Horizontal</footprint>
      <datasheet>~</datasheet>
      <libsource lib="Connector" part="Conn_01x04_Male" description="Generic connector, single row, 01x04, script generated (kicad-library-utils/schlib/autogen/connector/)"/>
      <sheetpath names="/" tstamps="/"/>
      <tstamp>62D56E40</tstamp>
    </comp>
    <comp ref="B2">
      <value>Ferrite_Bead_Small</value>
      <footprint>Inductor_THT:L_Axial_L5.0mm_D3.6mm_P10.00mm_Horizontal_Murata_BL01RN1A2A2</footprint>
      <datasheet>~</datasheet>
      <libsource lib="Device" part="Ferrite_Bead_Small" description="Ferrite bead, small symbol"/>
      <sheetpath names="/" tstamps="/"/>
      <tstamp>62D81845</tstamp>
    </comp>
    <comp ref="B1">
      <value>Ferrite_Bead_Small</value>
      <footprint>Inductor_THT:L_Axial_L5.0mm_D3.6mm_P10.00mm_Horizontal_Murata_BL01RN1A2A2</footprint>
      <datasheet>~</datasheet>
      <libsource lib="Device" part="Ferrite_Bead_Small" description="Ferrite bead, small symbol"/>
      <sheetpath names="/" tstamps="/"/>
      <tstamp>62D82A8A</tstamp>
    </comp>
    <comp ref="C1">
      <value>47u</value>
      <footprint>Capacitor_THT:CP_Radial_D6.3mm_P2.50mm</footprint>
      <datasheet>~</datasheet>
      <libsource lib="Device" part="CP" description="Polarized capacitor"/>
      <sheetpath names="/" tstamps="/"/>
      <tstamp>62D82E7C</tstamp>
    </comp>
    <comp ref="C2">
      <value>47u</value>
      <footprint>Capacitor_THT:CP_Radial_D6.3mm_P2.50mm</footprint>
      <datasheet>~</datasheet>
      <libsource lib="Device" part="CP" description="Polarized capacitor"/>
      <sheetpath names="/" tstamps="/"/>
      <tstamp>62D849B6</tstamp>
    </comp>
    <comp ref="C10">
      <value>100n</value>
      <footprint>Capacitor_SMD:C_0805_2012Metric_Pad1.15x1.40mm_HandSolder</footprint>
      <datasheet>~</datasheet>
      <libsource lib="Device" part="C" description="Unpolarized capacitor"/>
      <sheetpath names="/" tstamps="/"/>
      <tstamp>62E17FE2</tstamp>
    </comp>
    <comp ref="C11">
      <value>100n</value>
      <footprint>Capacitor_SMD:C_0805_2012Metric_Pad1.15x1.40mm_HandSolder</footprint>
      <datasheet>~</datasheet>
      <libsource lib="Device" part="C" description="Unpolarized capacitor"/>
      <sheetpath names="/" tstamps="/"/>
      <tstamp>62E1B581</tstamp>
    </comp>
    <comp ref="C13">
      <value>100n</value>
      <footprint>Capacitor_SMD:C_0805_2012Metric_Pad1.15x1.40mm_HandSolder</footprint>
      <datasheet>~</datasheet>
      <libsource lib="Device" part="C" description="Unpolarized capacitor"/>
      <sheetpath names="/" tstamps="/"/>
      <tstamp>62E2081B</tstamp>
    </comp>
    <comp ref="C14">
      <value>100n</value>
      <footprint>Capacitor_SMD:C_0805_2012Metric_Pad1.15x1.40mm_HandSolder</footprint>
      <datasheet>~</datasheet>
      <libsource lib="Device" part="C" description="Unpolarized capacitor"/>
      <sheetpath names="/" tstamps="/"/>
      <tstamp>62E2578A</tstamp>
    </comp>
    <comp ref="C15">
      <value>100n</value>
      <footprint>Capacitor_SMD:C_0805_2012Metric_Pad1.15x1.40mm_HandSolder</footprint>
      <datasheet>~</datasheet>
      <libsource lib="Device" part="C" description="Unpolarized capacitor"/>
      <sheetpath names="/" tstamps="/"/>
      <tstamp>62E264DE</tstamp>
    </comp>
    <comp ref="C12">
      <value>100n</value>
      <footprint>Capacitor_SMD:C_0805_2012Metric_Pad1.15x1.40mm_HandSolder</footprint>
      <datasheet>~</datasheet>
      <libsource lib="Device" part="C" description="Unpolarized capacitor"/>
      <sheetpath names="/" tstamps="/"/>
      <tstamp>62E1FBA6</tstamp>
    </comp>
    <comp ref="J12">
      <value>0V</value>
      <footprint>Connector_PinHeader_2.54mm:PinHeader_1x01_P2.54mm_Vertical</footprint>
      <datasheet>~</datasheet>
      <libsource lib="Connector" part="Conn_01x01_Female" description="Generic connector, single row, 01x01, script generated (kicad-library-utils/schlib/autogen/connector/)"/>
      <sheetpath names="/" tstamps="/"/>
      <tstamp>62B40739</tstamp>
    </comp>
    <comp ref="J13">
      <value>0V</value>
      <footprint>Connector_PinHeader_2.54mm:PinHeader_1x01_P2.54mm_Vertical</footprint>
      <datasheet>~</datasheet>
      <libsource lib="Connector" part="Conn_01x01_Female" description="Generic connector, single row, 01x01, script generated (kicad-library-utils/schlib/autogen/connector/)"/>
      <sheetpath names="/" tstamps="/"/>
      <tstamp>62B4114C</tstamp>
    </comp>
    <comp ref="J10">
      <value>0V</value>
      <footprint>Connector_PinHeader_2.54mm:PinHeader_1x01_P2.54mm_Vertical</footprint>
      <datasheet>~</datasheet>
      <libsource lib="Connector" part="Conn_01x01_Female" description="Generic connector, single row, 01x01, script generated (kicad-library-utils/schlib/autogen/connector/)"/>
      <sheetpath names="/" tstamps="/"/>
      <tstamp>62B417F7</tstamp>
    </comp>
    <comp ref="J11">
      <value>0V</value>
      <footprint>Connector_PinHeader_2.54mm:PinHeader_1x01_P2.54mm_Vertical</footprint>
      <datasheet>~</datasheet>
      <libsource lib="Connector" part="Conn_01x01_Female" description="Generic connector, single row, 01x01, script generated (kicad-library-utils/schlib/autogen/connector/)"/>
      <sheetpath names="/" tstamps="/"/>
      <tstamp>62B421F3</tstamp>
    </comp>
    <comp ref="J14">
      <value>0V</value>
      <footprint>Connector_PinHeader_2.54mm:PinHeader_1x01_P2.54mm_Vertical</footprint>
      <datasheet>~</datasheet>
      <libsource lib="Connector" part="Conn_01x01_Female" description="Generic connector, single row, 01x01, script generated (kicad-library-utils/schlib/autogen/connector/)"/>
      <sheetpath names="/" tstamps="/"/>
      <tstamp>62BB43AB</tstamp>
    </comp>
    <comp ref="J15">
      <value>0V</value>
      <footprint>Connector_PinHeader_2.54mm:PinHeader_1x01_P2.54mm_Vertical</footprint>
      <datasheet>~</datasheet>
      <libsource lib="Connector" part="Conn_01x01_Female" description="Generic connector, single row, 01x01, script generated (kicad-library-utils/schlib/autogen/connector/)"/>
      <sheetpath names="/" tstamps="/"/>
      <tstamp>62BB485E</tstamp>
    </comp>
  </components>
  <libparts>
    <libpart lib="4xxx" part="4013">
      <description>Dual D  FlipFlop, Set &amp; reset</description>
      <docs>http://www.onsemi.com/pub/Collateral/MC14013B-D.PDF</docs>
      <footprints>
        <fp>DIP*W7.62mm*</fp>
        <fp>SOIC*3.9x9.9mm*P1.27mm*</fp>
        <fp>TSSOP*4.4x5mm*P0.65mm*</fp>
      </footprints>
      <fields>
        <field name="Reference">U</field>
        <field name="Value">4013</field>
      </fields>
      <pins>
        <pin num="1" name="Q" type="output"/>
        <pin num="2" name="~Q" type="output"/>
        <pin num="3" name="C" type="input"/>
        <pin num="4" name="R" type="input"/>
        <pin num="5" name="D" type="input"/>
        <pin num="6" name="S" type="input"/>
        <pin num="7" name="VSS" type="power_in"/>
        <pin num="8" name="S" type="input"/>
        <pin num="9" name="D" type="input"/>
        <pin num="10" name="R" type="input"/>
        <pin num="11" name="C" type="input"/>
        <pin num="12" name="~Q" type="output"/>
        <pin num="13" name="Q" type="output"/>
        <pin num="14" name="VDD" type="power_in"/>
      </pins>
    </libpart>
    <libpart lib="Analog_Switch" part="DG419xJ">
      <aliases>
        <alias>ADG419BN</alias>
        <alias>MAX319xPA</alias>
      </aliases>
      <description>Single SPDT Monolithic CMOS Analog Switch, 20Ohm Ron, DIP-8</description>
      <docs>https://datasheets.maximintegrated.com/en/ds/DG417-DG419.pdf</docs>
      <footprints>
        <fp>DIP*W7.62mm*</fp>
      </footprints>
      <fields>
        <field name="Reference">U</field>
        <field name="Value">DG419xJ</field>
        <field name="Footprint">Package_DIP:DIP-8_W7.62mm</field>
      </fields>
      <pins>
        <pin num="1" name="~" type="passive"/>
        <pin num="2" name="~" type="passive"/>
        <pin num="3" name="GND" type="power_in"/>
        <pin num="4" name="V+" type="power_in"/>
        <pin num="5" name="VL" type="power_in"/>
        <pin num="6" name="~" type="input"/>
        <pin num="7" name="V-" type="power_in"/>
        <pin num="8" name="~" type="passive"/>
      </pins>
    </libpart>
    <libpart lib="Comparator" part="LM2903">
      <aliases>
        <alias>LM393</alias>
        <alias>LMV393</alias>
        <alias>MCP6562</alias>
        <alias>MCP6567</alias>
      </aliases>
      <description>Low-Power, Low-Offset Voltage, Dual Comparators, DIP-8/SOIC-8/SSOP-8</description>
      <docs>http://www.ti.com/lit/ds/symlink/lm393-n.pdf</docs>
      <footprints>
        <fp>SOIC*3.9x4.9mm*P1.27mm*</fp>
        <fp>DIP*W7.62mm*</fp>
        <fp>MSOP*3x3mm*P0.65mm*</fp>
        <fp>VSSOP*2.3x2mm*P0.5mm*</fp>
      </footprints>
      <fields>
        <field name="Reference">U</field>
        <field name="Value">LM2903</field>
      </fields>
      <pins>
        <pin num="1" name="~" type="openCol"/>
        <pin num="2" name="-" type="input"/>
        <pin num="3" name="+" type="input"/>
        <pin num="4" name="V-" type="power_in"/>
        <pin num="5" name="+" type="input"/>
        <pin num="6" name="_" type="input"/>
        <pin num="7" name="~" type="openCol"/>
        <pin num="8" name="V+" type="power_in"/>
      </pins>
    </libpart>
    <libpart lib="Connector" part="Conn_01x01_Female">
      <description>Generic connector, single row, 01x01, script generated (kicad-library-utils/schlib/autogen/connector/)</description>
      <docs>~</docs>
      <footprints>
        <fp>Connector*:*</fp>
      </footprints>
      <fields>
        <field name="Reference">J</field>
        <field name="Value">Conn_01x01_Female</field>
      </fields>
      <pins>
        <pin num="1" name="Pin_1" type="passive"/>
      </pins>
    </libpart>
    <libpart lib="Connector" part="Conn_01x04_Female">
      <description>Generic connector, single row, 01x04, script generated (kicad-library-utils/schlib/autogen/connector/)</description>
      <docs>~</docs>
      <footprints>
        <fp>Connector*:*_1x??_*</fp>
      </footprints>
      <fields>
        <field name="Reference">J</field>
        <field name="Value">Conn_01x04_Female</field>
      </fields>
      <pins>
        <pin num="1" name="Pin_1" type="passive"/>
        <pin num="2" name="Pin_2" type="passive"/>
        <pin num="3" name="Pin_3" type="passive"/>
        <pin num="4" name="Pin_4" type="passive"/>
      </pins>
    </libpart>
    <libpart lib="Connector" part="Conn_01x04_Male">
      <description>Generic connector, single row, 01x04, script generated (kicad-library-utils/schlib/autogen/connector/)</description>
      <docs>~</docs>
      <footprints>
        <fp>Connector*:*_1x??_*</fp>
      </footprints>
      <fields>
        <field name="Reference">J</field>
        <field name="Value">Conn_01x04_Male</field>
      </fields>
      <pins>
        <pin num="1" name="Pin_1" type="passive"/>
        <pin num="2" name="Pin_2" type="passive"/>
        <pin num="3" name="Pin_3" type="passive"/>
        <pin num="4" name="Pin_4" type="passive"/>
      </pins>
    </libpart>
    <libpart lib="Connector" part="Conn_01x06_Female">
      <description>Generic connector, single row, 01x06, script generated (kicad-library-utils/schlib/autogen/connector/)</description>
      <docs>~</docs>
      <footprints>
        <fp>Connector*:*_1x??_*</fp>
      </footprints>
      <fields>
        <field name="Reference">J</field>
        <field name="Value">Conn_01x06_Female</field>
      </fields>
      <pins>
        <pin num="1" name="Pin_1" type="passive"/>
        <pin num="2" name="Pin_2" type="passive"/>
        <pin num="3" name="Pin_3" type="passive"/>
        <pin num="4" name="Pin_4" type="passive"/>
        <pin num="5" name="Pin_5" type="passive"/>
        <pin num="6" name="Pin_6" type="passive"/>
      </pins>
    </libpart>
    <libpart lib="Connector" part="Conn_01x06_Male">
      <description>Generic connector, single row, 01x06, script generated (kicad-library-utils/schlib/autogen/connector/)</description>
      <docs>~</docs>
      <footprints>
        <fp>Connector*:*_1x??_*</fp>
      </footprints>
      <fields>
        <field name="Reference">J</field>
        <field name="Value">Conn_01x06_Male</field>
      </fields>
      <pins>
        <pin num="1" name="Pin_1" type="passive"/>
        <pin num="2" name="Pin_2" type="passive"/>
        <pin num="3" name="Pin_3" type="passive"/>
        <pin num="4" name="Pin_4" type="passive"/>
        <pin num="5" name="Pin_5" type="passive"/>
        <pin num="6" name="Pin_6" type="passive"/>
      </pins>
    </libpart>
    <libpart lib="Device" part="C">
      <description>Unpolarized capacitor</description>
      <docs>~</docs>
      <footprints>
        <fp>C_*</fp>
      </footprints>
      <fields>
        <field name="Reference">C</field>
        <field name="Value">C</field>
      </fields>
      <pins>
        <pin num="1" name="~" type="passive"/>
        <pin num="2" name="~" type="passive"/>
      </pins>
    </libpart>
    <libpart lib="Device" part="CP">
      <description>Polarized capacitor</description>
      <docs>~</docs>
      <footprints>
        <fp>CP_*</fp>
      </footprints>
      <fields>
        <field name="Reference">C</field>
        <field name="Value">CP</field>
      </fields>
      <pins>
        <pin num="1" name="~" type="passive"/>
        <pin num="2" name="~" type="passive"/>
      </pins>
    </libpart>
    <libpart lib="Device" part="D">
      <description>Diode</description>
      <docs>~</docs>
      <footprints>
        <fp>TO-???*</fp>
        <fp>*_Diode_*</fp>
        <fp>*SingleDiode*</fp>
        <fp>D_*</fp>
      </footprints>
      <fields>
        <field name="Reference">D</field>
        <field name="Value">D</field>
      </fields>
      <pins>
        <pin num="1" name="K" type="passive"/>
        <pin num="2" name="A" type="passive"/>
      </pins>
    </libpart>
    <libpart lib="Device" part="Ferrite_Bead_Small">
      <description>Ferrite bead, small symbol</description>
      <docs>~</docs>
      <footprints>
        <fp>Inductor_*</fp>
        <fp>L_*</fp>
        <fp>*Ferrite*</fp>
      </footprints>
      <fields>
        <field name="Reference">FB</field>
        <field name="Value">Ferrite_Bead_Small</field>
      </fields>
      <pins>
        <pin num="1" name="~" type="passive"/>
        <pin num="2" name="~" type="passive"/>
      </pins>
    </libpart>
    <libpart lib="Device" part="LED">
      <description>Light emitting diode</description>
      <docs>~</docs>
      <footprints>
        <fp>LED*</fp>
        <fp>LED_SMD:*</fp>
        <fp>LED_THT:*</fp>
      </footprints>
      <fields>
        <field name="Reference">D</field>
        <field name="Value">LED</field>
      </fields>
      <pins>
        <pin num="1" name="K" type="passive"/>
        <pin num="2" name="A" type="passive"/>
      </pins>
    </libpart>
    <libpart lib="Device" part="R">
      <description>Resistor</description>
      <docs>~</docs>
      <footprints>
        <fp>R_*</fp>
      </footprints>
      <fields>
        <field name="Reference">R</field>
        <field name="Value">R</field>
      </fields>
      <pins>
        <pin num="1" name="~" type="passive"/>
        <pin num="2" name="~" type="passive"/>
      </pins>
    </libpart>
    <libpart lib="Switch" part="SW_Push">
      <description>Push button switch, generic, two pins</description>
      <docs>~</docs>
      <fields>
        <field name="Reference">SW</field>
        <field name="Value">SW_Push</field>
      </fields>
      <pins>
        <pin num="1" name="1" type="passive"/>
        <pin num="2" name="2" type="passive"/>
      </pins>
    </libpart>
    <libpart lib="Switch" part="SW_SPDT">
      <description>Switch, single pole double throw</description>
      <docs>~</docs>
      <fields>
        <field name="Reference">SW</field>
        <field name="Value">SW_SPDT</field>
      </fields>
      <pins>
        <pin num="1" name="A" type="passive"/>
        <pin num="2" name="B" type="passive"/>
        <pin num="3" name="C" type="passive"/>
      </pins>
    </libpart>
    <libpart lib="Transistor_BJT" part="2N3904">
      <description>0.2A Ic, 40V Vce, Small Signal NPN Transistor, TO-92</description>
      <docs>https://www.fairchildsemi.com/datasheets/2N/2N3904.pdf</docs>
      <footprints>
        <fp>TO?92*</fp>
      </footprints>
      <fields>
        <field name="Reference">Q</field>
        <field name="Value">2N3904</field>
        <field name="Footprint">Package_TO_SOT_THT:TO-92_Inline</field>
      </fields>
      <pins>
        <pin num="1" name="E" type="passive"/>
        <pin num="2" name="B" type="passive"/>
        <pin num="3" name="C" type="passive"/>
      </pins>
    </libpart>
  </libparts>
  <libraries>
    <library logical="4xxx">
      <uri>/Library/Application Support/kicad/library/4xxx.lib</uri>
    </library>
    <library logical="Analog_Switch">
      <uri>/Library/Application Support/kicad/library/Analog_Switch.lib</uri>
    </library>
    <library logical="Comparator">
      <uri>/Library/Application Support/kicad/library/Comparator.lib</uri>
    </library>
    <library logical="Connector">
      <uri>/Library/Application Support/kicad/library/Connector.lib</uri>
    </library>
    <library logical="Device">
      <uri>/Library/Application Support/kicad/library/Device.lib</uri>
    </library>
    <library logical="Switch">
      <uri>/Library/Application Support/kicad/library/Switch.lib</uri>
    </library>
    <library logical="Transistor_BJT">
      <uri>/Library/Application Support/kicad/library/Transistor_BJT.lib</uri>
    </library>
  </libraries>
  <nets>
    <net code="1" name="Net-(PAD2-Pad1)">
      <node ref="PAD2" pin="1"/>
      <node ref="PR1" pin="2"/>
      <node ref="PR4" pin="2"/>
    </net>
    <net code="2" name="Net-(PAD3-Pad1)">
      <node ref="PAD3" pin="1"/>
      <node ref="PR3" pin="2"/>
      <node ref="PR6" pin="2"/>
    </net>
    <net code="3" name="GNDREF">
      <node ref="PR22" pin="2"/>
      <node ref="PR5" pin="1"/>
      <node ref="PR6" pin="1"/>
      <node ref="PR21" pin="2"/>
      <node ref="PR4" pin="1"/>
      <node ref="LED2" pin="1"/>
      <node ref="PC102" pin="2"/>
      <node ref="PR10" pin="1"/>
      <node ref="PR12" pin="1"/>
      <node ref="PR11" pin="1"/>
      <node ref="J4" pin="4"/>
      <node ref="J4" pin="5"/>
      <node ref="J4" pin="6"/>
      <node ref="J12" pin="1"/>
      <node ref="J13" pin="1"/>
      <node ref="J10" pin="1"/>
      <node ref="J11" pin="1"/>
      <node ref="PR19" pin="2"/>
      <node ref="LED1" pin="1"/>
      <node ref="PC1" pin="2"/>
      <node ref="J14" pin="1"/>
      <node ref="J15" pin="1"/>
      <node ref="PC101" pin="2"/>
    </net>
    <net code="4" name="Net-(PAD4-Pad1)">
      <node ref="PR5" pin="2"/>
      <node ref="PR2" pin="2"/>
      <node ref="PAD4" pin="1"/>
    </net>
    <net code="5" name="Net-(J1-Pad1)">
      <node ref="J1" pin="1"/>
      <node ref="PAD1" pin="1"/>
    </net>
    <net code="6" name="Net-(PAD6-Pad1)">
      <node ref="PAD6" pin="1"/>
      <node ref="PR7" pin="2"/>
      <node ref="PR10" pin="2"/>
    </net>
    <net code="7" name="Net-(PAD7-Pad1)">
      <node ref="PAD7" pin="1"/>
      <node ref="PR9" pin="2"/>
      <node ref="PR12" pin="2"/>
    </net>
    <net code="8" name="Net-(J2-Pad3)">
      <node ref="PR7" pin="1"/>
      <node ref="J2" pin="3"/>
    </net>
    <net code="9" name="Net-(PAD8-Pad1)">
      <node ref="PAD8" pin="1"/>
      <node ref="PR8" pin="2"/>
      <node ref="PR11" pin="2"/>
    </net>
    <net code="10" name="Net-(J2-Pad1)">
      <node ref="J2" pin="1"/>
      <node ref="PAD5" pin="1"/>
    </net>
    <net code="11" name="Net-(J3-Pad1)">
      <node ref="SW1" pin="1"/>
      <node ref="J3" pin="1"/>
    </net>
    <net code="12" name="Net-(J3-Pad2)">
      <node ref="SW1" pin="2"/>
      <node ref="J3" pin="2"/>
      <node ref="U101" pin="2"/>
    </net>
    <net code="13" name="Net-(J3-Pad3)">
      <node ref="J3" pin="3"/>
      <node ref="SW1" pin="3"/>
    </net>
    <net code="14" name="Net-(PR101-Pad1)">
      <node ref="PR101" pin="1"/>
      <node ref="U101" pin="1"/>
    </net>
    <net code="15" name="Net-(LED1-Pad2)">
      <node ref="LED1" pin="2"/>
      <node ref="PR101" pin="2"/>
    </net>
    <net code="16" name="+VDC">
      <node ref="SW4" pin="2"/>
      <node ref="U102" pin="3"/>
      <node ref="J3" pin="4"/>
      <node ref="U101" pin="3"/>
      <node ref="U1" pin="3"/>
      <node ref="PC101" pin="1"/>
      <node ref="PC102" pin="1"/>
    </net>
    <net code="17" name="Net-(PR102-Pad1)">
      <node ref="U102" pin="1"/>
      <node ref="PR102" pin="1"/>
    </net>
    <net code="18" name="Net-(LED2-Pad2)">
      <node ref="PR102" pin="2"/>
      <node ref="LED2" pin="2"/>
    </net>
    <net code="19" name="Net-(J4-Pad1)">
      <node ref="SW2" pin="1"/>
      <node ref="J4" pin="1"/>
    </net>
    <net code="20" name="Net-(J4-Pad2)">
      <node ref="SW2" pin="2"/>
      <node ref="U102" pin="2"/>
      <node ref="J4" pin="2"/>
    </net>
    <net code="21" name="Net-(J4-Pad3)">
      <node ref="SW2" pin="3"/>
      <node ref="J4" pin="3"/>
    </net>
    <net code="22" name="Net-(J2-Pad2)">
      <node ref="PR8" pin="1"/>
      <node ref="J2" pin="2"/>
    </net>
    <net code="23" name="Net-(J2-Pad4)">
      <node ref="J2" pin="4"/>
      <node ref="PR9" pin="1"/>
    </net>
    <net code="24" name="Net-(J1-Pad2)">
      <node ref="PR2" pin="1"/>
      <node ref="J1" pin="2"/>
    </net>
    <net code="25" name="Net-(J1-Pad3)">
      <node ref="PR1" pin="1"/>
      <node ref="J1" pin="3"/>
    </net>
    <net code="26" name="Net-(J1-Pad4)">
      <node ref="PR3" pin="1"/>
      <node ref="J1" pin="4"/>
    </net>
    <net code="27" name="Net-(PD1-Pad2)">
      <node ref="SW4" pin="1"/>
      <node ref="PD1" pin="2"/>
      <node ref="PR22" pin="1"/>
    </net>
    <net code="28" name="Net-(PC1-Pad1)">
      <node ref="PC1" pin="1"/>
      <node ref="PD1" pin="1"/>
      <node ref="PR19" pin="1"/>
      <node ref="U1" pin="2"/>
    </net>
    <net code="29" name="Net-(PR20-Pad1)">
      <node ref="U1" pin="1"/>
      <node ref="PR20" pin="1"/>
    </net>
    <net code="30" name="Net-(PAD13-Pad1)">
      <node ref="PR21" pin="1"/>
      <node ref="PAD13" pin="1"/>
      <node ref="PR20" pin="2"/>
    </net>
    <net code="31" name="Net-(D1-Pad2)">
      <node ref="D1" pin="2"/>
      <node ref="J7" pin="1"/>
    </net>
    <net code="32" name="Net-(IC3-Pad1)">
      <node ref="J7" pin="2"/>
      <node ref="IC3" pin="1"/>
    </net>
    <net code="33" name="Net-(IC3-Pad2)">
      <node ref="J7" pin="3"/>
      <node ref="IC3" pin="2"/>
    </net>
    <net code="34" name="Net-(IC3-Pad8)">
      <node ref="J7" pin="4"/>
      <node ref="IC3" pin="8"/>
    </net>
    <net code="35" name="Net-(D1-Pad1)">
      <node ref="R2" pin="1"/>
      <node ref="D1" pin="1"/>
      <node ref="R1" pin="2"/>
    </net>
    <net code="36" name="GND">
      <node ref="IC2" pin="10"/>
      <node ref="IC2" pin="8"/>
      <node ref="C12" pin="2"/>
      <node ref="C15" pin="1"/>
      <node ref="C14" pin="2"/>
      <node ref="IC6" pin="3"/>
      <node ref="C13" pin="1"/>
      <node ref="C11" pin="2"/>
      <node ref="IC2" pin="7"/>
      <node ref="C10" pin="2"/>
      <node ref="IC1" pin="4"/>
      <node ref="R6" pin="1"/>
      <node ref="IC3" pin="3"/>
      <node ref="R10" pin="2"/>
      <node ref="C2" pin="1"/>
      <node ref="C1" pin="2"/>
      <node ref="R12" pin="1"/>
      <node ref="J5" pin="3"/>
      <node ref="J5" pin="2"/>
      <node ref="IC2" pin="6"/>
      <node ref="IC2" pin="4"/>
      <node ref="J8" pin="6"/>
      <node ref="J8" pin="5"/>
      <node ref="J8" pin="4"/>
      <node ref="R2" pin="2"/>
    </net>
    <net code="37" name="+15V">
      <node ref="R4" pin="1"/>
      <node ref="R11" pin="2"/>
      <node ref="C12" pin="1"/>
      <node ref="C14" pin="1"/>
      <node ref="B1" pin="1"/>
      <node ref="C1" pin="1"/>
      <node ref="J6" pin="4"/>
      <node ref="IC6" pin="5"/>
      <node ref="IC6" pin="4"/>
      <node ref="C11" pin="1"/>
      <node ref="IC2" pin="14"/>
      <node ref="R5" pin="2"/>
      <node ref="C10" pin="1"/>
      <node ref="R9" pin="1"/>
      <node ref="IC1" pin="8"/>
      <node ref="IC3" pin="5"/>
      <node ref="IC3" pin="4"/>
    </net>
    <net code="38" name="Net-(IC1-Pad2)">
      <node ref="IC1" pin="2"/>
      <node ref="R11" pin="1"/>
      <node ref="R12" pin="2"/>
    </net>
    <net code="39" name="Net-(C4-Pad2)">
      <node ref="R8" pin="2"/>
      <node ref="C4" pin="2"/>
      <node ref="IC1" pin="3"/>
      <node ref="R7" pin="1"/>
    </net>
    <net code="40" name="Net-(C3-Pad2)">
      <node ref="R3" pin="2"/>
      <node ref="IC1" pin="5"/>
      <node ref="C3" pin="2"/>
      <node ref="R1" pin="1"/>
    </net>
    <net code="41" name="Net-(IC1-Pad6)">
      <node ref="R5" pin="1"/>
      <node ref="R6" pin="2"/>
      <node ref="IC1" pin="6"/>
    </net>
    <net code="42" name="Net-(C3-Pad1)">
      <node ref="J6" pin="1"/>
      <node ref="R4" pin="2"/>
      <node ref="IC1" pin="7"/>
      <node ref="R3" pin="1"/>
      <node ref="C3" pin="1"/>
      <node ref="IC2" pin="11"/>
    </net>
    <net code="43" name="Net-(IC2-Pad13)">
      <node ref="J6" pin="3"/>
      <node ref="IC2" pin="13"/>
    </net>
    <net code="44" name="Net-(IC2-Pad12)">
      <node ref="IC2" pin="12"/>
      <node ref="IC2" pin="9"/>
    </net>
    <net code="45" name="Net-(IC3-Pad6)">
      <node ref="J6" pin="2"/>
      <node ref="IC3" pin="6"/>
    </net>
    <net code="46" name="Net-(D2-Pad2)">
      <node ref="J9" pin="1"/>
      <node ref="D2" pin="2"/>
    </net>
    <net code="47" name="Net-(IC6-Pad1)">
      <node ref="J9" pin="2"/>
      <node ref="IC6" pin="1"/>
    </net>
    <net code="48" name="Net-(IC6-Pad2)">
      <node ref="J9" pin="3"/>
      <node ref="IC6" pin="2"/>
    </net>
    <net code="49" name="Net-(IC6-Pad8)">
      <node ref="J9" pin="4"/>
      <node ref="IC6" pin="8"/>
    </net>
    <net code="50" name="Net-(D2-Pad1)">
      <node ref="D2" pin="1"/>
      <node ref="R7" pin="2"/>
      <node ref="R10" pin="1"/>
    </net>
    <net code="51" name="Net-(C4-Pad1)">
      <node ref="IC2" pin="3"/>
      <node ref="IC1" pin="1"/>
      <node ref="C4" pin="1"/>
      <node ref="R8" pin="1"/>
      <node ref="J8" pin="1"/>
      <node ref="R9" pin="2"/>
    </net>
    <net code="52" name="Net-(IC2-Pad2)">
      <node ref="IC2" pin="2"/>
      <node ref="IC2" pin="5"/>
    </net>
    <net code="53" name="Net-(IC2-Pad1)">
      <node ref="J8" pin="3"/>
      <node ref="IC2" pin="1"/>
    </net>
    <net code="54" name="Net-(IC6-Pad6)">
      <node ref="IC6" pin="6"/>
      <node ref="J8" pin="2"/>
    </net>
    <net code="55" name="Net-(B2-Pad2)">
      <node ref="B2" pin="2"/>
      <node ref="J5" pin="1"/>
    </net>
    <net code="56" name="Net-(B1-Pad2)">
      <node ref="B1" pin="2"/>
      <node ref="J5" pin="4"/>
    </net>
    <net code="57" name="-15V">
      <node ref="IC3" pin="7"/>
      <node ref="C13" pin="2"/>
      <node ref="IC6" pin="7"/>
      <node ref="C15" pin="2"/>
      <node ref="B2" pin="1"/>
      <node ref="C2" pin="2"/>
    </net>
  </nets>
</export>
