<?xml version="1.0" encoding="UTF-8"?>
<export version="D">
  <design>
    <source>/Users/usb/Desktop/Kicad/vcdivider/vcdivider.sch</source>
    <date>Monday, September 05, 2022 at 05:19:14 PM</date>
    <tool>Eeschema (5.1.2-1)-1</tool>
    <sheet number="1" name="/" tstamps="/">
      <title_block>
        <title>divide</title>
        <company/>
        <rev>v01</rev>
        <date>2022</date>
        <source>vcdivider.sch</source>
        <comment number="1" value=""/>
        <comment number="2" value="banana remix : matt hartman"/>
        <comment number="3" value="copyright : ken stone"/>
        <comment number="4" value="based on cgs09 rev2"/>
      </title_block>
    </sheet>
  </design>
  <components>
    <comp ref="RV1">
      <value>B10k</value>
      <footprint>Footprints2:Potentiometer_Alpha_RD901F-40-00D_Single_Vertical_Center</footprint>
      <datasheet>~</datasheet>
      <libsource lib="Device" part="R_POT" description="Potentiometer"/>
      <sheetpath names="/" tstamps="/"/>
      <tstamp>6302B201</tstamp>
    </comp>
    <comp ref="R1">
      <value>6k8</value>
      <footprint>Resistor_SMD:R_0805_2012Metric_Pad1.15x1.40mm_HandSolder</footprint>
      <datasheet>~</datasheet>
      <libsource lib="Device" part="R" description="Resistor"/>
      <sheetpath names="/" tstamps="/"/>
      <tstamp>6302B36B</tstamp>
    </comp>
    <comp ref="R2">
      <value>6k8</value>
      <footprint>Resistor_SMD:R_0805_2012Metric_Pad1.15x1.40mm_HandSolder</footprint>
      <datasheet>~</datasheet>
      <libsource lib="Device" part="R" description="Resistor"/>
      <sheetpath names="/" tstamps="/"/>
      <tstamp>6302B72D</tstamp>
    </comp>
    <comp ref="R6">
      <value>100k</value>
      <footprint>Resistor_SMD:R_0805_2012Metric_Pad1.15x1.40mm_HandSolder</footprint>
      <datasheet>~</datasheet>
      <libsource lib="Device" part="R" description="Resistor"/>
      <sheetpath names="/" tstamps="/"/>
      <tstamp>6302CBEB</tstamp>
    </comp>
    <comp ref="R7">
      <value>100k</value>
      <footprint>Resistor_SMD:R_0805_2012Metric_Pad1.15x1.40mm_HandSolder</footprint>
      <datasheet>~</datasheet>
      <libsource lib="Device" part="R" description="Resistor"/>
      <sheetpath names="/" tstamps="/"/>
      <tstamp>6302D2B8</tstamp>
    </comp>
    <comp ref="J1">
      <value>IN</value>
      <footprint>Footprints2:BananaFoFanna5</footprint>
      <datasheet>~</datasheet>
      <libsource lib="Connector" part="Conn_01x01_Female" description="Generic connector, single row, 01x01, script generated (kicad-library-utils/schlib/autogen/connector/)"/>
      <sheetpath names="/" tstamps="/"/>
      <tstamp>6302D9FE</tstamp>
    </comp>
    <comp ref="RV2">
      <value>B100k</value>
      <footprint>Footprints2:Potentiometer_Alpha_RD901F-40-00D_Single_Vertical_Center</footprint>
      <datasheet>~</datasheet>
      <libsource lib="Device" part="R_POT" description="Potentiometer"/>
      <sheetpath names="/" tstamps="/"/>
      <tstamp>63030053</tstamp>
    </comp>
    <comp ref="R3">
      <value>1k</value>
      <footprint>Resistor_SMD:R_0805_2012Metric_Pad1.15x1.40mm_HandSolder</footprint>
      <datasheet>~</datasheet>
      <libsource lib="Device" part="R" description="Resistor"/>
      <sheetpath names="/" tstamps="/"/>
      <tstamp>6303005D</tstamp>
    </comp>
    <comp ref="R8">
      <value>10k</value>
      <footprint>Resistor_SMD:R_0805_2012Metric_Pad1.15x1.40mm_HandSolder</footprint>
      <datasheet>~</datasheet>
      <libsource lib="Device" part="R" description="Resistor"/>
      <sheetpath names="/" tstamps="/"/>
      <tstamp>630320B3</tstamp>
    </comp>
    <comp ref="R9">
      <value>10k</value>
      <footprint>Resistor_SMD:R_0805_2012Metric_Pad1.15x1.40mm_HandSolder</footprint>
      <datasheet>~</datasheet>
      <libsource lib="Device" part="R" description="Resistor"/>
      <sheetpath names="/" tstamps="/"/>
      <tstamp>6303266B</tstamp>
    </comp>
    <comp ref="J2">
      <value>CV</value>
      <footprint>Footprints2:BananaFoFanna5</footprint>
      <datasheet>~</datasheet>
      <libsource lib="Connector" part="Conn_01x01_Female" description="Generic connector, single row, 01x01, script generated (kicad-library-utils/schlib/autogen/connector/)"/>
      <sheetpath names="/" tstamps="/"/>
      <tstamp>63032675</tstamp>
    </comp>
    <comp ref="J8">
      <value>1A</value>
      <footprint>Connector_PinSocket_2.54mm:PinSocket_1x04_P2.54mm_Vertical</footprint>
      <datasheet>~</datasheet>
      <libsource lib="Connector" part="Conn_01x04_Female" description="Generic connector, single row, 01x04, script generated (kicad-library-utils/schlib/autogen/connector/)"/>
      <sheetpath names="/" tstamps="/"/>
      <tstamp>63068B67</tstamp>
    </comp>
    <comp ref="J11">
      <value>1B</value>
      <footprint>Connector_PinHeader_2.54mm:PinHeader_1x04_P2.54mm_Vertical</footprint>
      <datasheet>~</datasheet>
      <libsource lib="Connector" part="Conn_01x04_Male" description="Generic connector, single row, 01x04, script generated (kicad-library-utils/schlib/autogen/connector/)"/>
      <sheetpath names="/" tstamps="/"/>
      <tstamp>63072259</tstamp>
    </comp>
    <comp ref="U3">
      <value>TL072</value>
      <footprint>Package_SO:SOIC-8_3.9x4.9mm_P1.27mm</footprint>
      <datasheet>http://www.ti.com/lit/ds/symlink/tl071.pdf</datasheet>
      <libsource lib="Amplifier_Operational" part="TL072" description="Dual Low-Noise JFET-Input Operational Amplifiers, DIP-8/SOIC-8"/>
      <sheetpath names="/" tstamps="/"/>
      <tstamp>6307354D</tstamp>
    </comp>
    <comp ref="R14">
      <value>100k</value>
      <footprint>Resistor_SMD:R_0805_2012Metric_Pad1.15x1.40mm_HandSolder</footprint>
      <datasheet>~</datasheet>
      <libsource lib="Device" part="R" description="Resistor"/>
      <sheetpath names="/" tstamps="/"/>
      <tstamp>63077532</tstamp>
    </comp>
    <comp ref="R18">
      <value>100k</value>
      <footprint>Resistor_SMD:R_0805_2012Metric_Pad1.15x1.40mm_HandSolder</footprint>
      <datasheet>~</datasheet>
      <libsource lib="Device" part="R" description="Resistor"/>
      <sheetpath names="/" tstamps="/"/>
      <tstamp>63077DE7</tstamp>
    </comp>
    <comp ref="R20">
      <value>100k</value>
      <footprint>Resistor_SMD:R_0805_2012Metric_Pad1.15x1.40mm_HandSolder</footprint>
      <datasheet>~</datasheet>
      <libsource lib="Device" part="R" description="Resistor"/>
      <sheetpath names="/" tstamps="/"/>
      <tstamp>63089DB0</tstamp>
    </comp>
    <comp ref="D7">
      <value>1n4148</value>
      <footprint>Diode_THT:D_DO-35_SOD27_P7.62mm_Horizontal</footprint>
      <datasheet>~</datasheet>
      <libsource lib="Device" part="D" description="Diode"/>
      <sheetpath names="/" tstamps="/"/>
      <tstamp>630921CF</tstamp>
    </comp>
    <comp ref="R25">
      <value>10k</value>
      <footprint>Resistor_SMD:R_0805_2012Metric_Pad1.15x1.40mm_HandSolder</footprint>
      <datasheet>~</datasheet>
      <libsource lib="Device" part="R" description="Resistor"/>
      <sheetpath names="/" tstamps="/"/>
      <tstamp>63093855</tstamp>
    </comp>
    <comp ref="D4">
      <value>1n4148</value>
      <footprint>Diode_THT:D_DO-35_SOD27_P7.62mm_Horizontal</footprint>
      <datasheet>~</datasheet>
      <libsource lib="Device" part="D" description="Diode"/>
      <sheetpath names="/" tstamps="/"/>
      <tstamp>6309400D</tstamp>
    </comp>
    <comp ref="R26">
      <value>220k</value>
      <footprint>Resistor_SMD:R_0805_2012Metric_Pad1.15x1.40mm_HandSolder</footprint>
      <datasheet>~</datasheet>
      <libsource lib="Device" part="R" description="Resistor"/>
      <sheetpath names="/" tstamps="/"/>
      <tstamp>630947D9</tstamp>
    </comp>
    <comp ref="R28">
      <value>100k</value>
      <footprint>Resistor_SMD:R_0805_2012Metric_Pad1.15x1.40mm_HandSolder</footprint>
      <datasheet>~</datasheet>
      <libsource lib="Device" part="R" description="Resistor"/>
      <sheetpath names="/" tstamps="/"/>
      <tstamp>63094C57</tstamp>
    </comp>
    <comp ref="R29">
      <value>2k2</value>
      <footprint>Resistor_SMD:R_0805_2012Metric_Pad1.15x1.40mm_HandSolder</footprint>
      <datasheet>~</datasheet>
      <libsource lib="Device" part="R" description="Resistor"/>
      <sheetpath names="/" tstamps="/"/>
      <tstamp>630951B7</tstamp>
    </comp>
    <comp ref="U1">
      <value>LM358</value>
      <footprint>Package_SO:SOIC-8_3.9x4.9mm_P1.27mm</footprint>
      <datasheet>http://www.ti.com/lit/ds/symlink/lm2904-n.pdf</datasheet>
      <libsource lib="Amplifier_Operational" part="LM358" description="Low-Power, Dual Operational Amplifiers, DIP-8/SOIC-8/TO-99-8"/>
      <sheetpath names="/" tstamps="/"/>
      <tstamp>63095E39</tstamp>
    </comp>
    <comp ref="D9">
      <value>1n4148</value>
      <footprint>Diode_THT:D_DO-35_SOD27_P7.62mm_Horizontal</footprint>
      <datasheet>~</datasheet>
      <libsource lib="Device" part="D" description="Diode"/>
      <sheetpath names="/" tstamps="/"/>
      <tstamp>630BAF8B</tstamp>
    </comp>
    <comp ref="U6">
      <value>40106</value>
      <footprint>Package_SO:SOIC-14_3.9x8.7mm_P1.27mm</footprint>
      <libsource lib="4xxx_IEEE" part="40106" description=""/>
      <sheetpath names="/" tstamps="/"/>
      <tstamp>630BCE71</tstamp>
    </comp>
    <comp ref="R35">
      <value>200k</value>
      <footprint>Resistor_SMD:R_0805_2012Metric_Pad1.15x1.40mm_HandSolder</footprint>
      <datasheet>~</datasheet>
      <libsource lib="Device" part="R" description="Resistor"/>
      <sheetpath names="/" tstamps="/"/>
      <tstamp>630C1F61</tstamp>
    </comp>
    <comp ref="R36">
      <value>200k</value>
      <footprint>Resistor_SMD:R_0805_2012Metric_Pad1.15x1.40mm_HandSolder</footprint>
      <datasheet>~</datasheet>
      <libsource lib="Device" part="R" description="Resistor"/>
      <sheetpath names="/" tstamps="/"/>
      <tstamp>630C2F1C</tstamp>
    </comp>
    <comp ref="R40">
      <value>200k*</value>
      <footprint>Resistor_SMD:R_0805_2012Metric_Pad1.15x1.40mm_HandSolder</footprint>
      <datasheet>~</datasheet>
      <libsource lib="Device" part="R" description="Resistor"/>
      <sheetpath names="/" tstamps="/"/>
      <tstamp>630C3F7D</tstamp>
    </comp>
    <comp ref="R37">
      <value>200k</value>
      <footprint>Resistor_SMD:R_0805_2012Metric_Pad1.15x1.40mm_HandSolder</footprint>
      <datasheet>~</datasheet>
      <libsource lib="Device" part="R" description="Resistor"/>
      <sheetpath names="/" tstamps="/"/>
      <tstamp>630C51A3</tstamp>
    </comp>
    <comp ref="R38">
      <value>200k</value>
      <footprint>Resistor_SMD:R_0805_2012Metric_Pad1.15x1.40mm_HandSolder</footprint>
      <datasheet>~</datasheet>
      <libsource lib="Device" part="R" description="Resistor"/>
      <sheetpath names="/" tstamps="/"/>
      <tstamp>630C5656</tstamp>
    </comp>
    <comp ref="R39">
      <value>200k</value>
      <footprint>Resistor_SMD:R_0805_2012Metric_Pad1.15x1.40mm_HandSolder</footprint>
      <datasheet>~</datasheet>
      <libsource lib="Device" part="R" description="Resistor"/>
      <sheetpath names="/" tstamps="/"/>
      <tstamp>630C5C2F</tstamp>
    </comp>
    <comp ref="R41">
      <value>200k</value>
      <footprint>Resistor_SMD:R_0805_2012Metric_Pad1.15x1.40mm_HandSolder</footprint>
      <datasheet>~</datasheet>
      <libsource lib="Device" part="R" description="Resistor"/>
      <sheetpath names="/" tstamps="/"/>
      <tstamp>630C6816</tstamp>
    </comp>
    <comp ref="R43">
      <value>100k</value>
      <footprint>Resistor_SMD:R_0805_2012Metric_Pad1.15x1.40mm_HandSolder</footprint>
      <datasheet>~</datasheet>
      <libsource lib="Device" part="R" description="Resistor"/>
      <sheetpath names="/" tstamps="/"/>
      <tstamp>630F0D91</tstamp>
    </comp>
    <comp ref="R46">
      <value>100k*</value>
      <footprint>Resistor_SMD:R_0805_2012Metric_Pad1.15x1.40mm_HandSolder</footprint>
      <datasheet>~</datasheet>
      <libsource lib="Device" part="R" description="Resistor"/>
      <sheetpath names="/" tstamps="/"/>
      <tstamp>630F11EB</tstamp>
    </comp>
    <comp ref="R42">
      <value>100k</value>
      <footprint>Resistor_SMD:R_0805_2012Metric_Pad1.15x1.40mm_HandSolder</footprint>
      <datasheet>~</datasheet>
      <libsource lib="Device" part="R" description="Resistor"/>
      <sheetpath names="/" tstamps="/"/>
      <tstamp>630F1803</tstamp>
    </comp>
    <comp ref="R44">
      <value>100k</value>
      <footprint>Resistor_SMD:R_0805_2012Metric_Pad1.15x1.40mm_HandSolder</footprint>
      <datasheet>~</datasheet>
      <libsource lib="Device" part="R" description="Resistor"/>
      <sheetpath names="/" tstamps="/"/>
      <tstamp>630F2748</tstamp>
    </comp>
    <comp ref="R45">
      <value>100k</value>
      <footprint>Resistor_SMD:R_0805_2012Metric_Pad1.15x1.40mm_HandSolder</footprint>
      <datasheet>~</datasheet>
      <libsource lib="Device" part="R" description="Resistor"/>
      <sheetpath names="/" tstamps="/"/>
      <tstamp>630F2BE6</tstamp>
    </comp>
    <comp ref="R47">
      <value>100k</value>
      <footprint>Resistor_SMD:R_0805_2012Metric_Pad1.15x1.40mm_HandSolder</footprint>
      <datasheet>~</datasheet>
      <libsource lib="Device" part="R" description="Resistor"/>
      <sheetpath names="/" tstamps="/"/>
      <tstamp>6316DC86</tstamp>
    </comp>
    <comp ref="R48">
      <value>200k</value>
      <footprint>Resistor_SMD:R_0805_2012Metric_Pad1.15x1.40mm_HandSolder</footprint>
      <datasheet>~</datasheet>
      <libsource lib="Device" part="R" description="Resistor"/>
      <sheetpath names="/" tstamps="/"/>
      <tstamp>6316DF17</tstamp>
    </comp>
    <comp ref="U4">
      <value>TL072</value>
      <footprint>Package_SO:SOIC-8_3.9x4.9mm_P1.27mm</footprint>
      <datasheet>http://www.ti.com/lit/ds/symlink/tl071.pdf</datasheet>
      <libsource lib="Amplifier_Operational" part="TL072" description="Dual Low-Noise JFET-Input Operational Amplifiers, DIP-8/SOIC-8"/>
      <sheetpath names="/" tstamps="/"/>
      <tstamp>63186B16</tstamp>
    </comp>
    <comp ref="R33">
      <value>10k</value>
      <footprint>Resistor_SMD:R_0805_2012Metric_Pad1.15x1.40mm_HandSolder</footprint>
      <datasheet>~</datasheet>
      <libsource lib="Device" part="R" description="Resistor"/>
      <sheetpath names="/" tstamps="/"/>
      <tstamp>631AB711</tstamp>
    </comp>
    <comp ref="R34">
      <value>10k</value>
      <footprint>Resistor_SMD:R_0805_2012Metric_Pad1.15x1.40mm_HandSolder</footprint>
      <datasheet>~</datasheet>
      <libsource lib="Device" part="R" description="Resistor"/>
      <sheetpath names="/" tstamps="/"/>
      <tstamp>631D46BC</tstamp>
    </comp>
    <comp ref="D10">
      <value>1n4148</value>
      <footprint>Diode_THT:D_DO-35_SOD27_P7.62mm_Horizontal</footprint>
      <datasheet>~</datasheet>
      <libsource lib="Device" part="D" description="Diode"/>
      <sheetpath names="/" tstamps="/"/>
      <tstamp>631D5157</tstamp>
    </comp>
    <comp ref="Q2">
      <value>BC547</value>
      <footprint>Package_TO_SOT_THT:TO-92_Inline_Wide</footprint>
      <datasheet>http://www.fairchildsemi.com/ds/BC/BC547.pdf</datasheet>
      <libsource lib="Transistor_BJT" part="BC547" description="0.1A Ic, 45V Vce, Small Signal NPN Transistor, TO-92"/>
      <sheetpath names="/" tstamps="/"/>
      <tstamp>6321150E</tstamp>
    </comp>
    <comp ref="R31">
      <value>100k</value>
      <footprint>Resistor_SMD:R_0805_2012Metric_Pad1.15x1.40mm_HandSolder</footprint>
      <datasheet>~</datasheet>
      <libsource lib="Device" part="R" description="Resistor"/>
      <sheetpath names="/" tstamps="/"/>
      <tstamp>632356B7</tstamp>
    </comp>
    <comp ref="R30">
      <value>100k</value>
      <footprint>Resistor_SMD:R_0805_2012Metric_Pad1.15x1.40mm_HandSolder</footprint>
      <datasheet>~</datasheet>
      <libsource lib="Device" part="R" description="Resistor"/>
      <sheetpath names="/" tstamps="/"/>
      <tstamp>6323B9B4</tstamp>
    </comp>
    <comp ref="U2">
      <value>LM358</value>
      <footprint>Package_SO:SOIC-8_3.9x4.9mm_P1.27mm</footprint>
      <datasheet>http://www.ti.com/lit/ds/symlink/lm2904-n.pdf</datasheet>
      <libsource lib="Amplifier_Operational" part="LM358" description="Low-Power, Dual Operational Amplifiers, DIP-8/SOIC-8/TO-99-8"/>
      <sheetpath names="/" tstamps="/"/>
      <tstamp>6326914A</tstamp>
    </comp>
    <comp ref="D2">
      <value>1n4148</value>
      <footprint>Diode_THT:D_DO-35_SOD27_P7.62mm_Horizontal</footprint>
      <datasheet>~</datasheet>
      <libsource lib="Device" part="D" description="Diode"/>
      <sheetpath names="/" tstamps="/"/>
      <tstamp>63384D84</tstamp>
    </comp>
    <comp ref="D3">
      <value>1n4148</value>
      <footprint>Diode_THT:D_DO-35_SOD27_P7.62mm_Horizontal</footprint>
      <datasheet>~</datasheet>
      <libsource lib="Device" part="D" description="Diode"/>
      <sheetpath names="/" tstamps="/"/>
      <tstamp>6339AC47</tstamp>
    </comp>
    <comp ref="R16">
      <value>10k</value>
      <footprint>Resistor_SMD:R_0805_2012Metric_Pad1.15x1.40mm_HandSolder</footprint>
      <datasheet>~</datasheet>
      <libsource lib="Device" part="R" description="Resistor"/>
      <sheetpath names="/" tstamps="/"/>
      <tstamp>6339C94C</tstamp>
    </comp>
    <comp ref="R17">
      <value>100k</value>
      <footprint>Resistor_SMD:R_0805_2012Metric_Pad1.15x1.40mm_HandSolder</footprint>
      <datasheet>~</datasheet>
      <libsource lib="Device" part="R" description="Resistor"/>
      <sheetpath names="/" tstamps="/"/>
      <tstamp>6339D7D1</tstamp>
    </comp>
    <comp ref="RV3">
      <value>47k</value>
      <footprint>Potentiometer_THT:Potentiometer_Bourns_3296W_Vertical</footprint>
      <datasheet>~</datasheet>
      <libsource lib="Device" part="R_POT_TRIM" description="Trim-potentiometer"/>
      <sheetpath names="/" tstamps="/"/>
      <tstamp>633ED298</tstamp>
    </comp>
    <comp ref="R19">
      <value>100k</value>
      <footprint>Resistor_SMD:R_0805_2012Metric_Pad1.15x1.40mm_HandSolder</footprint>
      <datasheet>~</datasheet>
      <libsource lib="Device" part="R" description="Resistor"/>
      <sheetpath names="/" tstamps="/"/>
      <tstamp>633EDBDF</tstamp>
    </comp>
    <comp ref="RV4">
      <value>2k</value>
      <footprint>Potentiometer_THT:Potentiometer_Bourns_3296W_Vertical</footprint>
      <datasheet>~</datasheet>
      <libsource lib="Device" part="R_POT_TRIM" description="Trim-potentiometer"/>
      <sheetpath names="/" tstamps="/"/>
      <tstamp>633EE386</tstamp>
    </comp>
    <comp ref="R21">
      <value>10k</value>
      <footprint>Resistor_SMD:R_0805_2012Metric_Pad1.15x1.40mm_HandSolder</footprint>
      <datasheet>~</datasheet>
      <libsource lib="Device" part="R" description="Resistor"/>
      <sheetpath names="/" tstamps="/"/>
      <tstamp>633EEC77</tstamp>
    </comp>
    <comp ref="R22">
      <value>47k</value>
      <footprint>Resistor_SMD:R_0805_2012Metric_Pad1.15x1.40mm_HandSolder</footprint>
      <datasheet>~</datasheet>
      <libsource lib="Device" part="R" description="Resistor"/>
      <sheetpath names="/" tstamps="/"/>
      <tstamp>634C541D</tstamp>
    </comp>
    <comp ref="R24">
      <value>10k</value>
      <footprint>Resistor_SMD:R_0805_2012Metric_Pad1.15x1.40mm_HandSolder</footprint>
      <datasheet>~</datasheet>
      <libsource lib="Device" part="R" description="Resistor"/>
      <sheetpath names="/" tstamps="/"/>
      <tstamp>6350F584</tstamp>
    </comp>
    <comp ref="D5">
      <value>1n4148</value>
      <footprint>Diode_THT:D_DO-35_SOD27_P7.62mm_Horizontal</footprint>
      <datasheet>~</datasheet>
      <libsource lib="Device" part="D" description="Diode"/>
      <sheetpath names="/" tstamps="/"/>
      <tstamp>6350F9E4</tstamp>
    </comp>
    <comp ref="D6">
      <value>1n4148</value>
      <footprint>Diode_THT:D_DO-35_SOD27_P7.62mm_Horizontal</footprint>
      <datasheet>~</datasheet>
      <libsource lib="Device" part="D" description="Diode"/>
      <sheetpath names="/" tstamps="/"/>
      <tstamp>63510E17</tstamp>
    </comp>
    <comp ref="R23">
      <value>10k</value>
      <footprint>Resistor_SMD:R_0805_2012Metric_Pad1.15x1.40mm_HandSolder</footprint>
      <datasheet>~</datasheet>
      <libsource lib="Device" part="R" description="Resistor"/>
      <sheetpath names="/" tstamps="/"/>
      <tstamp>63526037</tstamp>
    </comp>
    <comp ref="R27">
      <value>10k</value>
      <footprint>Resistor_SMD:R_0805_2012Metric_Pad1.15x1.40mm_HandSolder</footprint>
      <datasheet>~</datasheet>
      <libsource lib="Device" part="R" description="Resistor"/>
      <sheetpath names="/" tstamps="/"/>
      <tstamp>635C7F48</tstamp>
    </comp>
    <comp ref="C1">
      <value>1n5</value>
      <footprint>Capacitor_SMD:C_0805_2012Metric_Pad1.15x1.40mm_HandSolder</footprint>
      <datasheet>~</datasheet>
      <libsource lib="Device" part="C" description="Unpolarized capacitor"/>
      <sheetpath names="/" tstamps="/"/>
      <tstamp>635C96BF</tstamp>
    </comp>
    <comp ref="R32">
      <value>1M</value>
      <footprint>Resistor_SMD:R_0805_2012Metric_Pad1.15x1.40mm_HandSolder</footprint>
      <datasheet>~</datasheet>
      <libsource lib="Device" part="R" description="Resistor"/>
      <sheetpath names="/" tstamps="/"/>
      <tstamp>63654013</tstamp>
    </comp>
    <comp ref="D8">
      <value>1n4148</value>
      <footprint>Diode_THT:D_DO-35_SOD27_P7.62mm_Horizontal</footprint>
      <datasheet>~</datasheet>
      <libsource lib="Device" part="D" description="Diode"/>
      <sheetpath names="/" tstamps="/"/>
      <tstamp>63654B76</tstamp>
    </comp>
    <comp ref="C2">
      <value>10n</value>
      <footprint>Capacitor_SMD:C_0805_2012Metric_Pad1.15x1.40mm_HandSolder</footprint>
      <datasheet>~</datasheet>
      <libsource lib="Device" part="C" description="Unpolarized capacitor"/>
      <sheetpath names="/" tstamps="/"/>
      <tstamp>636554C3</tstamp>
    </comp>
    <comp ref="Q1">
      <value>BC547</value>
      <footprint>Package_TO_SOT_THT:TO-92_Inline_Wide</footprint>
      <datasheet>http://www.fairchildsemi.com/ds/BC/BC547.pdf</datasheet>
      <libsource lib="Transistor_BJT" part="BC547" description="0.1A Ic, 45V Vce, Small Signal NPN Transistor, TO-92"/>
      <sheetpath names="/" tstamps="/"/>
      <tstamp>636E5289</tstamp>
    </comp>
    <comp ref="J7">
      <value>3B</value>
      <footprint>Connector_PinHeader_2.54mm:PinHeader_1x04_P2.54mm_Vertical</footprint>
      <datasheet>~</datasheet>
      <libsource lib="Connector" part="Conn_01x04_Male" description="Generic connector, single row, 01x04, script generated (kicad-library-utils/schlib/autogen/connector/)"/>
      <sheetpath names="/" tstamps="/"/>
      <tstamp>637FA59B</tstamp>
    </comp>
    <comp ref="J13">
      <value>2B</value>
      <footprint>Connector_PinHeader_2.54mm:PinHeader_1x04_P2.54mm_Vertical</footprint>
      <datasheet>~</datasheet>
      <libsource lib="Connector" part="Conn_01x04_Male" description="Generic connector, single row, 01x04, script generated (kicad-library-utils/schlib/autogen/connector/)"/>
      <sheetpath names="/" tstamps="/"/>
      <tstamp>6391E86D</tstamp>
    </comp>
    <comp ref="J12">
      <value>POWER</value>
      <footprint>TerminalBlock_TE-Connectivity:TerminalBlock_TE_282834-4_1x04_P2.54mm_Horizontal</footprint>
      <datasheet>~</datasheet>
      <libsource lib="Connector" part="Conn_01x04_Male" description="Generic connector, single row, 01x04, script generated (kicad-library-utils/schlib/autogen/connector/)"/>
      <sheetpath names="/" tstamps="/"/>
      <tstamp>639E2AF0</tstamp>
    </comp>
    <comp ref="FB2">
      <value>BEAD</value>
      <footprint>Inductor_THT:L_Axial_L5.0mm_D3.6mm_P10.00mm_Horizontal_Murata_BL01RN1A2A2</footprint>
      <datasheet>~</datasheet>
      <libsource lib="Device" part="Ferrite_Bead_Small" description="Ferrite bead, small symbol"/>
      <sheetpath names="/" tstamps="/"/>
      <tstamp>639E463A</tstamp>
    </comp>
    <comp ref="FB1">
      <value>BEAD</value>
      <footprint>Inductor_THT:L_Axial_L5.0mm_D3.6mm_P10.00mm_Horizontal_Murata_BL01RN1A2A2</footprint>
      <datasheet>~</datasheet>
      <libsource lib="Device" part="Ferrite_Bead_Small" description="Ferrite bead, small symbol"/>
      <sheetpath names="/" tstamps="/"/>
      <tstamp>639E5866</tstamp>
    </comp>
    <comp ref="PF1">
      <value>10u</value>
      <footprint>Capacitor_THT:CP_Radial_D6.3mm_P2.50mm</footprint>
      <datasheet>~</datasheet>
      <libsource lib="Device" part="CP" description="Polarized capacitor"/>
      <sheetpath names="/" tstamps="/"/>
      <tstamp>639E6B6B</tstamp>
    </comp>
    <comp ref="PF2">
      <value>10u</value>
      <footprint>Capacitor_THT:CP_Radial_D6.3mm_P2.50mm</footprint>
      <datasheet>~</datasheet>
      <libsource lib="Device" part="CP" description="Polarized capacitor"/>
      <sheetpath names="/" tstamps="/"/>
      <tstamp>639E76A7</tstamp>
    </comp>
    <comp ref="BP1">
      <value>100n</value>
      <footprint>Capacitor_SMD:C_0805_2012Metric_Pad1.15x1.40mm_HandSolder</footprint>
      <datasheet>~</datasheet>
      <libsource lib="Device" part="C" description="Unpolarized capacitor"/>
      <sheetpath names="/" tstamps="/"/>
      <tstamp>63B0ABFA</tstamp>
    </comp>
    <comp ref="BP4">
      <value>100n</value>
      <footprint>Capacitor_SMD:C_0805_2012Metric_Pad1.15x1.40mm_HandSolder</footprint>
      <datasheet>~</datasheet>
      <libsource lib="Device" part="C" description="Unpolarized capacitor"/>
      <sheetpath names="/" tstamps="/"/>
      <tstamp>63B0B3AD</tstamp>
    </comp>
    <comp ref="BP5">
      <value>100n</value>
      <footprint>Capacitor_SMD:C_0805_2012Metric_Pad1.15x1.40mm_HandSolder</footprint>
      <datasheet>~</datasheet>
      <libsource lib="Device" part="C" description="Unpolarized capacitor"/>
      <sheetpath names="/" tstamps="/"/>
      <tstamp>63BF1F7D</tstamp>
    </comp>
    <comp ref="BP2">
      <value>100n</value>
      <footprint>Capacitor_SMD:C_0805_2012Metric_Pad1.15x1.40mm_HandSolder</footprint>
      <datasheet>~</datasheet>
      <libsource lib="Device" part="C" description="Unpolarized capacitor"/>
      <sheetpath names="/" tstamps="/"/>
      <tstamp>63BF245D</tstamp>
    </comp>
    <comp ref="BP3">
      <value>100n</value>
      <footprint>Capacitor_SMD:C_0805_2012Metric_Pad1.15x1.40mm_HandSolder</footprint>
      <datasheet>~</datasheet>
      <libsource lib="Device" part="C" description="Unpolarized capacitor"/>
      <sheetpath names="/" tstamps="/"/>
      <tstamp>63CC2079</tstamp>
    </comp>
    <comp ref="BP6">
      <value>100n</value>
      <footprint>Capacitor_SMD:C_0805_2012Metric_Pad1.15x1.40mm_HandSolder</footprint>
      <datasheet>~</datasheet>
      <libsource lib="Device" part="C" description="Unpolarized capacitor"/>
      <sheetpath names="/" tstamps="/"/>
      <tstamp>63CC2895</tstamp>
    </comp>
    <comp ref="R15">
      <value>10R</value>
      <footprint>Resistor_THT:R_Axial_DIN0207_L6.3mm_D2.5mm_P10.16mm_Horizontal</footprint>
      <datasheet>~</datasheet>
      <libsource lib="Device" part="R" description="Resistor"/>
      <sheetpath names="/" tstamps="/"/>
      <tstamp>63F31742</tstamp>
    </comp>
    <comp ref="PF3">
      <value>10u</value>
      <footprint>Capacitor_THT:CP_Radial_D6.3mm_P2.50mm</footprint>
      <datasheet>~</datasheet>
      <libsource lib="Device" part="CP" description="Polarized capacitor"/>
      <sheetpath names="/" tstamps="/"/>
      <tstamp>63F32F50</tstamp>
    </comp>
    <comp ref="BP9">
      <value>100n</value>
      <footprint>Capacitor_SMD:C_0805_2012Metric_Pad1.15x1.40mm_HandSolder</footprint>
      <datasheet>~</datasheet>
      <libsource lib="Device" part="C" description="Unpolarized capacitor"/>
      <sheetpath names="/" tstamps="/"/>
      <tstamp>63FD18D0</tstamp>
    </comp>
    <comp ref="BP8">
      <value>100n</value>
      <footprint>Capacitor_SMD:C_0805_2012Metric_Pad1.15x1.40mm_HandSolder</footprint>
      <datasheet>~</datasheet>
      <libsource lib="Device" part="C" description="Unpolarized capacitor"/>
      <sheetpath names="/" tstamps="/"/>
      <tstamp>63FD22B0</tstamp>
    </comp>
    <comp ref="BP7">
      <value>100n</value>
      <footprint>Capacitor_SMD:C_0805_2012Metric_Pad1.15x1.40mm_HandSolder</footprint>
      <datasheet>~</datasheet>
      <libsource lib="Device" part="C" description="Unpolarized capacitor"/>
      <sheetpath names="/" tstamps="/"/>
      <tstamp>63FD243D</tstamp>
    </comp>
    <comp ref="J10">
      <value>2A</value>
      <footprint>Connector_PinSocket_2.54mm:PinSocket_1x04_P2.54mm_Vertical</footprint>
      <datasheet>~</datasheet>
      <libsource lib="Connector" part="Conn_01x04_Female" description="Generic connector, single row, 01x04, script generated (kicad-library-utils/schlib/autogen/connector/)"/>
      <sheetpath names="/" tstamps="/"/>
      <tstamp>630600DB</tstamp>
    </comp>
    <comp ref="R13">
      <value>1k</value>
      <footprint>Resistor_SMD:R_0805_2012Metric_Pad1.15x1.40mm_HandSolder</footprint>
      <datasheet>~</datasheet>
      <libsource lib="Device" part="R" description="Resistor"/>
      <sheetpath names="/" tstamps="/"/>
      <tstamp>6303CBDD</tstamp>
    </comp>
    <comp ref="R5">
      <value>10k</value>
      <footprint>Resistor_SMD:R_0805_2012Metric_Pad1.15x1.40mm_HandSolder</footprint>
      <datasheet>~</datasheet>
      <libsource lib="Device" part="R" description="Resistor"/>
      <sheetpath names="/" tstamps="/"/>
      <tstamp>6303C268</tstamp>
    </comp>
    <comp ref="J6">
      <value>PULSE</value>
      <footprint>Footprints2:BananaFoFanna5</footprint>
      <datasheet>~</datasheet>
      <libsource lib="Connector" part="Conn_01x01_Female" description="Generic connector, single row, 01x01, script generated (kicad-library-utils/schlib/autogen/connector/)"/>
      <sheetpath names="/" tstamps="/"/>
      <tstamp>6303B8C0</tstamp>
    </comp>
    <comp ref="R12">
      <value>1k</value>
      <footprint>Resistor_SMD:R_0805_2012Metric_Pad1.15x1.40mm_HandSolder</footprint>
      <datasheet>~</datasheet>
      <libsource lib="Device" part="R" description="Resistor"/>
      <sheetpath names="/" tstamps="/"/>
      <tstamp>6303AED0</tstamp>
    </comp>
    <comp ref="R4">
      <value>10k</value>
      <footprint>Resistor_SMD:R_0805_2012Metric_Pad1.15x1.40mm_HandSolder</footprint>
      <datasheet>~</datasheet>
      <libsource lib="Device" part="R" description="Resistor"/>
      <sheetpath names="/" tstamps="/"/>
      <tstamp>6303A149</tstamp>
    </comp>
    <comp ref="J5">
      <value>TRIG</value>
      <footprint>Footprints2:BananaFoFanna5</footprint>
      <datasheet>~</datasheet>
      <libsource lib="Connector" part="Conn_01x01_Female" description="Generic connector, single row, 01x01, script generated (kicad-library-utils/schlib/autogen/connector/)"/>
      <sheetpath names="/" tstamps="/"/>
      <tstamp>63039CBA</tstamp>
    </comp>
    <comp ref="J4">
      <value>DOWN</value>
      <footprint>Footprints2:BananaFoFanna5</footprint>
      <datasheet>~</datasheet>
      <libsource lib="Connector" part="Conn_01x01_Female" description="Generic connector, single row, 01x01, script generated (kicad-library-utils/schlib/autogen/connector/)"/>
      <sheetpath names="/" tstamps="/"/>
      <tstamp>63039562</tstamp>
    </comp>
    <comp ref="R11">
      <value>1k</value>
      <footprint>Resistor_SMD:R_0805_2012Metric_Pad1.15x1.40mm_HandSolder</footprint>
      <datasheet>~</datasheet>
      <libsource lib="Device" part="R" description="Resistor"/>
      <sheetpath names="/" tstamps="/"/>
      <tstamp>63038FA3</tstamp>
    </comp>
    <comp ref="J3">
      <value>UP</value>
      <footprint>Footprints2:BananaFoFanna5</footprint>
      <datasheet>~</datasheet>
      <libsource lib="Connector" part="Conn_01x01_Female" description="Generic connector, single row, 01x01, script generated (kicad-library-utils/schlib/autogen/connector/)"/>
      <sheetpath names="/" tstamps="/"/>
      <tstamp>63037F44</tstamp>
    </comp>
    <comp ref="RV5">
      <value>B100k</value>
      <footprint>Footprints2:Potentiometer_Alpha_RD901F-40-00D_Single_Vertical_Center</footprint>
      <datasheet>~</datasheet>
      <libsource lib="Device" part="R_POT" description="Potentiometer"/>
      <sheetpath names="/" tstamps="/"/>
      <tstamp>64407C54</tstamp>
    </comp>
    <comp ref="J9">
      <value>3A</value>
      <footprint>Connector_PinSocket_2.54mm:PinSocket_1x04_P2.54mm_Vertical</footprint>
      <datasheet>~</datasheet>
      <libsource lib="Connector" part="Conn_01x04_Female" description="Generic connector, single row, 01x04, script generated (kicad-library-utils/schlib/autogen/connector/)"/>
      <sheetpath names="/" tstamps="/"/>
      <tstamp>630614C7</tstamp>
    </comp>
    <comp ref="R10">
      <value>1k</value>
      <footprint>Resistor_SMD:R_0805_2012Metric_Pad1.15x1.40mm_HandSolder</footprint>
      <datasheet>~</datasheet>
      <libsource lib="Device" part="R" description="Resistor"/>
      <sheetpath names="/" tstamps="/"/>
      <tstamp>63040684</tstamp>
    </comp>
    <comp ref="D1">
      <value>RED</value>
      <footprint>Footprints2:LED-5MMcenter</footprint>
      <datasheet>~</datasheet>
      <libsource lib="Device" part="LED" description="Light emitting diode"/>
      <sheetpath names="/" tstamps="/"/>
      <tstamp>6303F73F</tstamp>
    </comp>
    <comp ref="U5">
      <value>4024B</value>
      <footprint>Package_SO:SOIC-14_3.9x8.7mm_P1.27mm</footprint>
      <libsource lib="4xxx_IEEE" part="4024B" description=""/>
      <sheetpath names="/" tstamps="/"/>
      <tstamp>6484FE2A</tstamp>
    </comp>
    <comp ref="J14">
      <value>0V</value>
      <footprint>Connector_PinHeader_2.54mm:PinHeader_1x01_P2.54mm_Vertical</footprint>
      <datasheet>~</datasheet>
      <libsource lib="Connector" part="Conn_01x01_Male" description="Generic connector, single row, 01x01, script generated (kicad-library-utils/schlib/autogen/connector/)"/>
      <sheetpath names="/" tstamps="/"/>
      <tstamp>6308204D</tstamp>
    </comp>
    <comp ref="J15">
      <value>0V</value>
      <footprint>Connector_PinHeader_2.54mm:PinHeader_1x01_P2.54mm_Vertical</footprint>
      <datasheet>~</datasheet>
      <libsource lib="Connector" part="Conn_01x01_Male" description="Generic connector, single row, 01x01, script generated (kicad-library-utils/schlib/autogen/connector/)"/>
      <sheetpath names="/" tstamps="/"/>
      <tstamp>63083805</tstamp>
    </comp>
    <comp ref="J16">
      <value>0V</value>
      <footprint>Connector_PinHeader_2.54mm:PinHeader_1x01_P2.54mm_Vertical</footprint>
      <datasheet>~</datasheet>
      <libsource lib="Connector" part="Conn_01x01_Male" description="Generic connector, single row, 01x01, script generated (kicad-library-utils/schlib/autogen/connector/)"/>
      <sheetpath names="/" tstamps="/"/>
      <tstamp>630839AF</tstamp>
    </comp>
    <comp ref="J17">
      <value>0V</value>
      <footprint>Connector_PinHeader_2.54mm:PinHeader_1x01_P2.54mm_Vertical</footprint>
      <datasheet>~</datasheet>
      <libsource lib="Connector" part="Conn_01x01_Male" description="Generic connector, single row, 01x01, script generated (kicad-library-utils/schlib/autogen/connector/)"/>
      <sheetpath names="/" tstamps="/"/>
      <tstamp>63083B2F</tstamp>
    </comp>
    <comp ref="J18">
      <value>0V</value>
      <footprint>Connector_PinHeader_2.54mm:PinHeader_1x01_P2.54mm_Vertical</footprint>
      <datasheet>~</datasheet>
      <libsource lib="Connector" part="Conn_01x01_Male" description="Generic connector, single row, 01x01, script generated (kicad-library-utils/schlib/autogen/connector/)"/>
      <sheetpath names="/" tstamps="/"/>
      <tstamp>63084690</tstamp>
    </comp>
    <comp ref="J19">
      <value>0V</value>
      <footprint>Connector_PinHeader_2.54mm:PinHeader_1x01_P2.54mm_Vertical</footprint>
      <datasheet>~</datasheet>
      <libsource lib="Connector" part="Conn_01x01_Male" description="Generic connector, single row, 01x01, script generated (kicad-library-utils/schlib/autogen/connector/)"/>
      <sheetpath names="/" tstamps="/"/>
      <tstamp>63084A32</tstamp>
    </comp>
  </components>
  <libparts>
    <libpart lib="4xxx_IEEE" part="40106">
      <aliases>
        <alias>4584</alias>
      </aliases>
      <fields>
        <field name="Reference">U</field>
        <field name="Value">40106</field>
      </fields>
      <pins>
        <pin num="1" name="~" type="input"/>
        <pin num="2" name="~" type="output"/>
        <pin num="3" name="~" type="input"/>
        <pin num="4" name="~" type="output"/>
        <pin num="5" name="~" type="input"/>
        <pin num="6" name="~" type="output"/>
        <pin num="7" name="Vss" type="power_in"/>
        <pin num="8" name="~" type="output"/>
        <pin num="9" name="~" type="input"/>
        <pin num="10" name="~" type="output"/>
        <pin num="11" name="~" type="input"/>
        <pin num="12" name="~" type="output"/>
        <pin num="13" name="~" type="input"/>
        <pin num="14" name="Vdd" type="power_in"/>
      </pins>
    </libpart>
    <libpart lib="4xxx_IEEE" part="4024B">
      <fields>
        <field name="Reference">U</field>
        <field name="Value">4024B</field>
      </fields>
      <pins>
        <pin num="1" name="~CLK" type="input"/>
        <pin num="2" name="MR" type="input"/>
        <pin num="3" name="Q6" type="output"/>
        <pin num="4" name="Q5" type="output"/>
        <pin num="5" name="Q4" type="output"/>
        <pin num="6" name="Q3" type="output"/>
        <pin num="7" name="VSS" type="power_in"/>
        <pin num="8" name="NC" type="NotConnected"/>
        <pin num="9" name="Q2" type="output"/>
        <pin num="10" name="NC" type="NotConnected"/>
        <pin num="11" name="Q1" type="output"/>
        <pin num="12" name="Q0" type="output"/>
        <pin num="13" name="NC" type="NotConnected"/>
        <pin num="14" name="VDD" type="power_in"/>
      </pins>
    </libpart>
    <libpart lib="Amplifier_Operational" part="LM2904">
      <aliases>
        <alias>LM358</alias>
        <alias>AD8620</alias>
        <alias>LMC6062</alias>
        <alias>LMC6082</alias>
        <alias>TL062</alias>
        <alias>TL072</alias>
        <alias>TL082</alias>
        <alias>NE5532</alias>
        <alias>SA5532</alias>
        <alias>RC4558</alias>
        <alias>RC4560</alias>
        <alias>RC4580</alias>
        <alias>LMV358</alias>
        <alias>TS912</alias>
        <alias>TSV912IDT</alias>
        <alias>TSV912IST</alias>
        <alias>TLC272</alias>
        <alias>TLC277</alias>
        <alias>MCP602</alias>
        <alias>OPA2134</alias>
        <alias>OPA2340</alias>
        <alias>OPA2376xxD</alias>
        <alias>OPA2376xxDGK</alias>
        <alias>MC33078</alias>
        <alias>MC33178</alias>
        <alias>LM4562</alias>
        <alias>OP249</alias>
        <alias>OP275</alias>
        <alias>ADA4075-2</alias>
        <alias>MCP6002-xP</alias>
        <alias>MCP6002-xSN</alias>
        <alias>MCP6002-xMS</alias>
        <alias>LM7332</alias>
        <alias>OPA2333xxD</alias>
        <alias>OPA2333xxDGK</alias>
        <alias>LMC6482</alias>
        <alias>LT1492</alias>
        <alias>LTC6081xMS8</alias>
        <alias>LM6172</alias>
        <alias>MCP6L92</alias>
        <alias>NJM2043</alias>
        <alias>NJM2114</alias>
        <alias>NJM4556A</alias>
        <alias>NJM4558</alias>
        <alias>NJM4559</alias>
        <alias>NJM4560</alias>
        <alias>NJM4580</alias>
        <alias>NJM5532</alias>
        <alias>ADA4807-2ARM</alias>
        <alias>OPA2691</alias>
        <alias>LT6234</alias>
        <alias>OPA2356xxD</alias>
        <alias>OPA2356xxDGK</alias>
        <alias>OPA1612AxD</alias>
        <alias>MC33172</alias>
        <alias>OPA1602</alias>
        <alias>TLV2372</alias>
        <alias>LT6237</alias>
      </aliases>
      <description>Dual Operational Amplifiers, DIP-8/SOIC-8/TSSOP-8/VSSOP-8</description>
      <docs>http://www.ti.com/lit/ds/symlink/lm358.pdf</docs>
      <footprints>
        <fp>SOIC*3.9x4.9mm*P1.27mm*</fp>
        <fp>DIP*W7.62mm*</fp>
        <fp>TO*99*</fp>
        <fp>OnSemi*Micro8*</fp>
        <fp>TSSOP*3x3mm*P0.65mm*</fp>
        <fp>TSSOP*4.4x3mm*P0.65mm*</fp>
        <fp>MSOP*3x3mm*P0.65mm*</fp>
        <fp>SSOP*3.9x4.9mm*P0.635mm*</fp>
        <fp>LFCSP*2x2mm*P0.5mm*</fp>
        <fp>*SIP*</fp>
        <fp>SOIC*5.3x6.2mm*P1.27mm*</fp>
      </footprints>
      <fields>
        <field name="Reference">U</field>
        <field name="Value">LM2904</field>
      </fields>
      <pins>
        <pin num="1" name="~" type="output"/>
        <pin num="2" name="-" type="input"/>
        <pin num="3" name="+" type="input"/>
        <pin num="4" name="V-" type="power_in"/>
        <pin num="5" name="+" type="input"/>
        <pin num="6" name="-" type="input"/>
        <pin num="7" name="~" type="output"/>
        <pin num="8" name="V+" type="power_in"/>
      </pins>
    </libpart>
    <libpart lib="Connector" part="Conn_01x01_Female">
      <description>Generic connector, single row, 01x01, script generated (kicad-library-utils/schlib/autogen/connector/)</description>
      <docs>~</docs>
      <footprints>
        <fp>Connector*:*</fp>
      </footprints>
      <fields>
        <field name="Reference">J</field>
        <field name="Value">Conn_01x01_Female</field>
      </fields>
      <pins>
        <pin num="1" name="Pin_1" type="passive"/>
      </pins>
    </libpart>
    <libpart lib="Connector" part="Conn_01x01_Male">
      <description>Generic connector, single row, 01x01, script generated (kicad-library-utils/schlib/autogen/connector/)</description>
      <docs>~</docs>
      <footprints>
        <fp>Connector*:*</fp>
      </footprints>
      <fields>
        <field name="Reference">J</field>
        <field name="Value">Conn_01x01_Male</field>
      </fields>
      <pins>
        <pin num="1" name="Pin_1" type="passive"/>
      </pins>
    </libpart>
    <libpart lib="Connector" part="Conn_01x04_Female">
      <description>Generic connector, single row, 01x04, script generated (kicad-library-utils/schlib/autogen/connector/)</description>
      <docs>~</docs>
      <footprints>
        <fp>Connector*:*_1x??_*</fp>
      </footprints>
      <fields>
        <field name="Reference">J</field>
        <field name="Value">Conn_01x04_Female</field>
      </fields>
      <pins>
        <pin num="1" name="Pin_1" type="passive"/>
        <pin num="2" name="Pin_2" type="passive"/>
        <pin num="3" name="Pin_3" type="passive"/>
        <pin num="4" name="Pin_4" type="passive"/>
      </pins>
    </libpart>
    <libpart lib="Connector" part="Conn_01x04_Male">
      <description>Generic connector, single row, 01x04, script generated (kicad-library-utils/schlib/autogen/connector/)</description>
      <docs>~</docs>
      <footprints>
        <fp>Connector*:*_1x??_*</fp>
      </footprints>
      <fields>
        <field name="Reference">J</field>
        <field name="Value">Conn_01x04_Male</field>
      </fields>
      <pins>
        <pin num="1" name="Pin_1" type="passive"/>
        <pin num="2" name="Pin_2" type="passive"/>
        <pin num="3" name="Pin_3" type="passive"/>
        <pin num="4" name="Pin_4" type="passive"/>
      </pins>
    </libpart>
    <libpart lib="Device" part="C">
      <description>Unpolarized capacitor</description>
      <docs>~</docs>
      <footprints>
        <fp>C_*</fp>
      </footprints>
      <fields>
        <field name="Reference">C</field>
        <field name="Value">C</field>
      </fields>
      <pins>
        <pin num="1" name="~" type="passive"/>
        <pin num="2" name="~" type="passive"/>
      </pins>
    </libpart>
    <libpart lib="Device" part="CP">
      <description>Polarized capacitor</description>
      <docs>~</docs>
      <footprints>
        <fp>CP_*</fp>
      </footprints>
      <fields>
        <field name="Reference">C</field>
        <field name="Value">CP</field>
      </fields>
      <pins>
        <pin num="1" name="~" type="passive"/>
        <pin num="2" name="~" type="passive"/>
      </pins>
    </libpart>
    <libpart lib="Device" part="D">
      <description>Diode</description>
      <docs>~</docs>
      <footprints>
        <fp>TO-???*</fp>
        <fp>*_Diode_*</fp>
        <fp>*SingleDiode*</fp>
        <fp>D_*</fp>
      </footprints>
      <fields>
        <field name="Reference">D</field>
        <field name="Value">D</field>
      </fields>
      <pins>
        <pin num="1" name="K" type="passive"/>
        <pin num="2" name="A" type="passive"/>
      </pins>
    </libpart>
    <libpart lib="Device" part="Ferrite_Bead_Small">
      <description>Ferrite bead, small symbol</description>
      <docs>~</docs>
      <footprints>
        <fp>Inductor_*</fp>
        <fp>L_*</fp>
        <fp>*Ferrite*</fp>
      </footprints>
      <fields>
        <field name="Reference">FB</field>
        <field name="Value">Ferrite_Bead_Small</field>
      </fields>
      <pins>
        <pin num="1" name="~" type="passive"/>
        <pin num="2" name="~" type="passive"/>
      </pins>
    </libpart>
    <libpart lib="Device" part="LED">
      <description>Light emitting diode</description>
      <docs>~</docs>
      <footprints>
        <fp>LED*</fp>
        <fp>LED_SMD:*</fp>
        <fp>LED_THT:*</fp>
      </footprints>
      <fields>
        <field name="Reference">D</field>
        <field name="Value">LED</field>
      </fields>
      <pins>
        <pin num="1" name="K" type="passive"/>
        <pin num="2" name="A" type="passive"/>
      </pins>
    </libpart>
    <libpart lib="Device" part="R">
      <description>Resistor</description>
      <docs>~</docs>
      <footprints>
        <fp>R_*</fp>
      </footprints>
      <fields>
        <field name="Reference">R</field>
        <field name="Value">R</field>
      </fields>
      <pins>
        <pin num="1" name="~" type="passive"/>
        <pin num="2" name="~" type="passive"/>
      </pins>
    </libpart>
    <libpart lib="Device" part="R_POT">
      <description>Potentiometer</description>
      <docs>~</docs>
      <footprints>
        <fp>Potentiometer*</fp>
      </footprints>
      <fields>
        <field name="Reference">RV</field>
        <field name="Value">R_POT</field>
      </fields>
      <pins>
        <pin num="1" name="1" type="passive"/>
        <pin num="2" name="2" type="passive"/>
        <pin num="3" name="3" type="passive"/>
      </pins>
    </libpart>
    <libpart lib="Device" part="R_POT_TRIM">
      <description>Trim-potentiometer</description>
      <docs>~</docs>
      <footprints>
        <fp>Potentiometer*</fp>
      </footprints>
      <fields>
        <field name="Reference">RV</field>
        <field name="Value">R_POT_TRIM</field>
      </fields>
      <pins>
        <pin num="1" name="1" type="passive"/>
        <pin num="2" name="2" type="passive"/>
        <pin num="3" name="3" type="passive"/>
      </pins>
    </libpart>
    <libpart lib="Transistor_BJT" part="BC547">
      <aliases>
        <alias>BC546</alias>
        <alias>BC548</alias>
        <alias>BC549</alias>
        <alias>BC550</alias>
        <alias>BC337</alias>
        <alias>BC338</alias>
      </aliases>
      <description>0.1A Ic, 45V Vce, Small Signal NPN Transistor, TO-92</description>
      <docs>http://www.fairchildsemi.com/ds/BC/BC547.pdf</docs>
      <footprints>
        <fp>TO?92*</fp>
      </footprints>
      <fields>
        <field name="Reference">Q</field>
        <field name="Value">BC547</field>
        <field name="Footprint">Package_TO_SOT_THT:TO-92_Inline</field>
      </fields>
      <pins>
        <pin num="1" name="C" type="passive"/>
        <pin num="2" name="B" type="input"/>
        <pin num="3" name="E" type="passive"/>
      </pins>
    </libpart>
  </libparts>
  <libraries>
    <library logical="4xxx_IEEE">
      <uri>/Library/Application Support/kicad/library/4xxx_IEEE.lib</uri>
    </library>
    <library logical="Amplifier_Operational">
      <uri>/Library/Application Support/kicad/library/Amplifier_Operational.lib</uri>
    </library>
    <library logical="Connector">
      <uri>/Library/Application Support/kicad/library/Connector.lib</uri>
    </library>
    <library logical="Device">
      <uri>/Library/Application Support/kicad/library/Device.lib</uri>
    </library>
    <library logical="Transistor_BJT">
      <uri>/Library/Application Support/kicad/library/Transistor_BJT.lib</uri>
    </library>
  </libraries>
  <nets>
    <net code="1" name="Net-(R1-Pad2)">
      <node ref="RV1" pin="3"/>
      <node ref="R1" pin="2"/>
    </net>
    <net code="2" name="Net-(R2-Pad1)">
      <node ref="RV1" pin="1"/>
      <node ref="R2" pin="1"/>
    </net>
    <net code="3" name="+VDC">
      <node ref="J8" pin="3"/>
      <node ref="R1" pin="1"/>
      <node ref="R3" pin="1"/>
    </net>
    <net code="4" name="-VDC">
      <node ref="R2" pin="2"/>
      <node ref="J8" pin="4"/>
    </net>
    <net code="5" name="Net-(R6-Pad2)">
      <node ref="R6" pin="2"/>
      <node ref="RV1" pin="2"/>
    </net>
    <net code="6" name="Net-(J8-Pad1)">
      <node ref="R7" pin="1"/>
      <node ref="J8" pin="1"/>
    </net>
    <net code="7" name="Net-(J1-Pad1)">
      <node ref="J1" pin="1"/>
      <node ref="R7" pin="2"/>
    </net>
    <net code="8" name="GNDREF">
      <node ref="J19" pin="1"/>
      <node ref="J18" pin="1"/>
      <node ref="J17" pin="1"/>
      <node ref="J16" pin="1"/>
      <node ref="J15" pin="1"/>
      <node ref="J14" pin="1"/>
      <node ref="RV2" pin="1"/>
      <node ref="D1" pin="1"/>
      <node ref="J9" pin="4"/>
      <node ref="J9" pin="3"/>
      <node ref="R5" pin="2"/>
      <node ref="R4" pin="2"/>
      <node ref="RV5" pin="1"/>
    </net>
    <net code="9" name="Net-(R3-Pad2)">
      <node ref="RV2" pin="3"/>
      <node ref="R3" pin="2"/>
    </net>
    <net code="10" name="Net-(J9-Pad1)">
      <node ref="R9" pin="1"/>
      <node ref="R8" pin="1"/>
      <node ref="J9" pin="1"/>
    </net>
    <net code="11" name="Net-(R8-Pad2)">
      <node ref="R8" pin="2"/>
      <node ref="RV2" pin="2"/>
    </net>
    <net code="12" name="Net-(J8-Pad2)">
      <node ref="J8" pin="2"/>
      <node ref="R6" pin="1"/>
    </net>
    <net code="13" name="-15V">
      <node ref="U3" pin="4"/>
      <node ref="BP1" pin="2"/>
      <node ref="R21" pin="1"/>
      <node ref="U4" pin="4"/>
      <node ref="PF1" pin="2"/>
      <node ref="FB1" pin="2"/>
      <node ref="BP2" pin="2"/>
      <node ref="J11" pin="4"/>
      <node ref="U2" pin="4"/>
      <node ref="BP3" pin="2"/>
    </net>
    <net code="14" name="GND">
      <node ref="C1" pin="2"/>
      <node ref="R41" pin="1"/>
      <node ref="PF2" pin="2"/>
      <node ref="PF1" pin="1"/>
      <node ref="U3" pin="3"/>
      <node ref="J12" pin="3"/>
      <node ref="J12" pin="2"/>
      <node ref="PF3" pin="2"/>
      <node ref="U1" pin="4"/>
      <node ref="BP9" pin="1"/>
      <node ref="BP8" pin="1"/>
      <node ref="BP7" pin="1"/>
      <node ref="J7" pin="4"/>
      <node ref="J7" pin="3"/>
      <node ref="C2" pin="1"/>
      <node ref="D4" pin="1"/>
      <node ref="R26" pin="2"/>
      <node ref="R29" pin="2"/>
      <node ref="U4" pin="3"/>
      <node ref="U5" pin="7"/>
      <node ref="R48" pin="2"/>
      <node ref="BP1" pin="1"/>
      <node ref="BP4" pin="2"/>
      <node ref="U2" pin="5"/>
      <node ref="BP5" pin="2"/>
      <node ref="BP2" pin="1"/>
      <node ref="BP6" pin="2"/>
      <node ref="RV4" pin="1"/>
      <node ref="U2" pin="3"/>
      <node ref="U3" pin="5"/>
      <node ref="BP3" pin="1"/>
      <node ref="U6" pin="7"/>
    </net>
    <net code="15" name="Net-(J11-Pad1)">
      <node ref="J11" pin="1"/>
      <node ref="U3" pin="6"/>
      <node ref="R14" pin="2"/>
    </net>
    <net code="16" name="Net-(R14-Pad1)">
      <node ref="U3" pin="7"/>
      <node ref="R14" pin="1"/>
      <node ref="R18" pin="2"/>
    </net>
    <net code="17" name="Net-(J11-Pad2)">
      <node ref="R20" pin="2"/>
      <node ref="J11" pin="2"/>
      <node ref="U3" pin="2"/>
      <node ref="R18" pin="1"/>
    </net>
    <net code="18" name="Net-(D7-Pad1)">
      <node ref="D7" pin="1"/>
      <node ref="R25" pin="1"/>
    </net>
    <net code="19" name="Net-(D7-Pad2)">
      <node ref="D7" pin="2"/>
      <node ref="U3" pin="1"/>
      <node ref="R20" pin="1"/>
    </net>
    <net code="20" name="Net-(D4-Pad2)">
      <node ref="R25" pin="2"/>
      <node ref="U1" pin="6"/>
      <node ref="D4" pin="2"/>
      <node ref="R26" pin="1"/>
    </net>
    <net code="21" name="VDD">
      <node ref="U1" pin="8"/>
      <node ref="BP9" pin="2"/>
      <node ref="BP8" pin="2"/>
      <node ref="BP7" pin="2"/>
      <node ref="PF3" pin="1"/>
      <node ref="R15" pin="2"/>
      <node ref="Q2" pin="1"/>
      <node ref="U6" pin="14"/>
      <node ref="R28" pin="1"/>
      <node ref="U5" pin="14"/>
      <node ref="Q1" pin="1"/>
    </net>
    <net code="22" name="Net-(R28-Pad2)">
      <node ref="R28" pin="2"/>
      <node ref="U1" pin="5"/>
      <node ref="R29" pin="1"/>
    </net>
    <net code="23" name="Net-(D9-Pad2)">
      <node ref="D9" pin="2"/>
      <node ref="U1" pin="7"/>
      <node ref="U5" pin="1"/>
    </net>
    <net code="24" name="Net-(D9-Pad1)">
      <node ref="U6" pin="11"/>
      <node ref="D9" pin="1"/>
      <node ref="R34" pin="2"/>
    </net>
    <net code="25" name="Net-(R35-Pad1)">
      <node ref="R41" pin="2"/>
      <node ref="R35" pin="1"/>
      <node ref="R42" pin="1"/>
    </net>
    <net code="26" name="Net-(R36-Pad1)">
      <node ref="R42" pin="2"/>
      <node ref="R36" pin="1"/>
      <node ref="R43" pin="1"/>
    </net>
    <net code="27" name="Net-(R36-Pad2)">
      <node ref="R36" pin="2"/>
      <node ref="U5" pin="11"/>
    </net>
    <net code="28" name="Net-(R37-Pad1)">
      <node ref="R43" pin="2"/>
      <node ref="R44" pin="1"/>
      <node ref="R37" pin="1"/>
    </net>
    <net code="29" name="Net-(R38-Pad1)">
      <node ref="R38" pin="1"/>
      <node ref="R44" pin="2"/>
      <node ref="R45" pin="1"/>
    </net>
    <net code="30" name="Net-(R39-Pad1)">
      <node ref="R39" pin="1"/>
      <node ref="R46" pin="1"/>
      <node ref="R45" pin="2"/>
    </net>
    <net code="31" name="Net-(R40-Pad2)">
      <node ref="R40" pin="2"/>
      <node ref="U5" pin="4"/>
    </net>
    <net code="32" name="Net-(R39-Pad2)">
      <node ref="R39" pin="2"/>
      <node ref="U5" pin="5"/>
    </net>
    <net code="33" name="Net-(R38-Pad2)">
      <node ref="U5" pin="6"/>
      <node ref="R38" pin="2"/>
    </net>
    <net code="34" name="Net-(R37-Pad2)">
      <node ref="R37" pin="2"/>
      <node ref="U5" pin="9"/>
    </net>
    <net code="35" name="Net-(R35-Pad2)">
      <node ref="R35" pin="2"/>
      <node ref="U5" pin="12"/>
    </net>
    <net code="36" name="Net-(U5-Pad3)">
      <node ref="U5" pin="3"/>
    </net>
    <net code="37" name="Net-(R47-Pad1)">
      <node ref="R48" pin="1"/>
      <node ref="R47" pin="1"/>
    </net>
    <net code="38" name="Net-(R40-Pad1)">
      <node ref="R47" pin="2"/>
      <node ref="U4" pin="5"/>
      <node ref="R40" pin="1"/>
      <node ref="R46" pin="2"/>
    </net>
    <net code="39" name="Net-(D10-Pad1)">
      <node ref="D10" pin="1"/>
      <node ref="U6" pin="9"/>
      <node ref="R33" pin="1"/>
    </net>
    <net code="40" name="Net-(R34-Pad1)">
      <node ref="R34" pin="1"/>
      <node ref="U6" pin="8"/>
    </net>
    <net code="41" name="Net-(U6-Pad14)">
      <node ref="U6" pin="14"/>
    </net>
    <net code="42" name="Net-(U6-Pad7)">
      <node ref="U6" pin="7"/>
    </net>
    <net code="43" name="Net-(J13-Pad4)">
      <node ref="Q2" pin="3"/>
      <node ref="J13" pin="4"/>
    </net>
    <net code="44" name="Net-(R30-Pad1)">
      <node ref="U4" pin="2"/>
      <node ref="R31" pin="2"/>
      <node ref="R30" pin="1"/>
    </net>
    <net code="45" name="Net-(J13-Pad2)">
      <node ref="J13" pin="2"/>
      <node ref="R30" pin="2"/>
      <node ref="U4" pin="1"/>
    </net>
    <net code="46" name="+15V">
      <node ref="BP5" pin="1"/>
      <node ref="U4" pin="8"/>
      <node ref="BP6" pin="1"/>
      <node ref="FB2" pin="2"/>
      <node ref="J11" pin="3"/>
      <node ref="U2" pin="8"/>
      <node ref="PF2" pin="1"/>
      <node ref="R15" pin="1"/>
      <node ref="BP4" pin="1"/>
      <node ref="U3" pin="8"/>
    </net>
    <net code="47" name="Net-(D2-Pad2)">
      <node ref="U2" pin="1"/>
      <node ref="D2" pin="2"/>
      <node ref="D3" pin="1"/>
    </net>
    <net code="48" name="Net-(D3-Pad2)">
      <node ref="D3" pin="2"/>
      <node ref="R16" pin="2"/>
      <node ref="R17" pin="2"/>
    </net>
    <net code="49" name="Net-(R17-Pad1)">
      <node ref="R17" pin="1"/>
      <node ref="RV3" pin="1"/>
      <node ref="R19" pin="1"/>
      <node ref="U2" pin="6"/>
    </net>
    <net code="50" name="Net-(R19-Pad2)">
      <node ref="R19" pin="2"/>
      <node ref="RV4" pin="2"/>
    </net>
    <net code="51" name="Net-(R21-Pad2)">
      <node ref="RV4" pin="3"/>
      <node ref="R21" pin="2"/>
    </net>
    <net code="52" name="Net-(R22-Pad2)">
      <node ref="R22" pin="2"/>
      <node ref="RV3" pin="3"/>
      <node ref="RV3" pin="2"/>
    </net>
    <net code="53" name="Net-(R22-Pad1)">
      <node ref="U2" pin="7"/>
      <node ref="R24" pin="1"/>
      <node ref="R22" pin="1"/>
    </net>
    <net code="54" name="Net-(D5-Pad2)">
      <node ref="D5" pin="2"/>
      <node ref="D6" pin="1"/>
      <node ref="U1" pin="2"/>
      <node ref="R24" pin="2"/>
    </net>
    <net code="55" name="Net-(D5-Pad1)">
      <node ref="D5" pin="1"/>
      <node ref="D6" pin="2"/>
      <node ref="U1" pin="3"/>
      <node ref="R23" pin="1"/>
    </net>
    <net code="56" name="Net-(U6-Pad14)">
      <node ref="U6" pin="14"/>
    </net>
    <net code="57" name="Net-(U6-Pad7)">
      <node ref="U6" pin="7"/>
    </net>
    <net code="58" name="Net-(R27-Pad2)">
      <node ref="R27" pin="2"/>
      <node ref="U6" pin="12"/>
    </net>
    <net code="59" name="Net-(U6-Pad14)">
      <node ref="U6" pin="14"/>
    </net>
    <net code="60" name="Net-(U6-Pad7)">
      <node ref="U6" pin="7"/>
    </net>
    <net code="61" name="Net-(C1-Pad1)">
      <node ref="R27" pin="1"/>
      <node ref="C1" pin="1"/>
      <node ref="U6" pin="1"/>
    </net>
    <net code="62" name="Net-(U5-Pad2)">
      <node ref="U6" pin="3"/>
      <node ref="U6" pin="2"/>
      <node ref="U5" pin="2"/>
    </net>
    <net code="63" name="Net-(U6-Pad14)">
      <node ref="U6" pin="14"/>
    </net>
    <net code="64" name="Net-(U6-Pad7)">
      <node ref="U6" pin="7"/>
    </net>
    <net code="65" name="Net-(D8-Pad1)">
      <node ref="U6" pin="4"/>
      <node ref="R32" pin="2"/>
      <node ref="D8" pin="1"/>
    </net>
    <net code="66" name="Net-(C2-Pad2)">
      <node ref="R32" pin="1"/>
      <node ref="D8" pin="2"/>
      <node ref="C2" pin="2"/>
      <node ref="U6" pin="5"/>
    </net>
    <net code="67" name="Net-(U6-Pad14)">
      <node ref="U6" pin="14"/>
    </net>
    <net code="68" name="Net-(U6-Pad7)">
      <node ref="U6" pin="7"/>
    </net>
    <net code="69" name="Net-(Q1-Pad2)">
      <node ref="U6" pin="6"/>
      <node ref="Q1" pin="2"/>
    </net>
    <net code="70" name="Net-(J7-Pad2)">
      <node ref="J7" pin="2"/>
      <node ref="Q1" pin="3"/>
    </net>
    <net code="71" name="Net-(D2-Pad1)">
      <node ref="R16" pin="1"/>
      <node ref="J7" pin="1"/>
      <node ref="D2" pin="1"/>
      <node ref="U2" pin="2"/>
    </net>
    <net code="72" name="Net-(J13-Pad1)">
      <node ref="R31" pin="1"/>
      <node ref="U4" pin="6"/>
      <node ref="U4" pin="7"/>
      <node ref="J13" pin="1"/>
      <node ref="R23" pin="2"/>
    </net>
    <net code="73" name="Net-(D10-Pad2)">
      <node ref="J13" pin="3"/>
      <node ref="U1" pin="1"/>
      <node ref="D10" pin="2"/>
      <node ref="U6" pin="13"/>
    </net>
    <net code="74" name="Net-(Q2-Pad2)">
      <node ref="R33" pin="2"/>
      <node ref="Q2" pin="2"/>
      <node ref="U6" pin="10"/>
    </net>
    <net code="75" name="Net-(FB1-Pad1)">
      <node ref="FB1" pin="1"/>
      <node ref="J12" pin="1"/>
    </net>
    <net code="76" name="Net-(FB2-Pad1)">
      <node ref="FB2" pin="1"/>
      <node ref="J12" pin="4"/>
    </net>
    <net code="77" name="Net-(J10-Pad1)">
      <node ref="R11" pin="1"/>
      <node ref="J10" pin="1"/>
    </net>
    <net code="78" name="Net-(J10-Pad2)">
      <node ref="J4" pin="1"/>
      <node ref="J10" pin="2"/>
    </net>
    <net code="79" name="Net-(J10-Pad3)">
      <node ref="R12" pin="1"/>
      <node ref="J10" pin="3"/>
    </net>
    <net code="80" name="Net-(J10-Pad4)">
      <node ref="J10" pin="4"/>
      <node ref="R13" pin="1"/>
    </net>
    <net code="81" name="Net-(J3-Pad1)">
      <node ref="J3" pin="1"/>
      <node ref="R11" pin="2"/>
    </net>
    <net code="82" name="Net-(J6-Pad1)">
      <node ref="J6" pin="1"/>
      <node ref="R13" pin="2"/>
      <node ref="R5" pin="1"/>
    </net>
    <net code="83" name="Net-(J5-Pad1)">
      <node ref="R12" pin="2"/>
      <node ref="R4" pin="1"/>
      <node ref="J5" pin="1"/>
    </net>
    <net code="84" name="Net-(R9-Pad2)">
      <node ref="RV5" pin="2"/>
      <node ref="R9" pin="2"/>
    </net>
    <net code="85" name="Net-(J2-Pad1)">
      <node ref="J2" pin="1"/>
      <node ref="RV5" pin="3"/>
    </net>
    <net code="86" name="Net-(J9-Pad2)">
      <node ref="R10" pin="2"/>
      <node ref="J9" pin="2"/>
    </net>
    <net code="87" name="Net-(D1-Pad2)">
      <node ref="R10" pin="1"/>
      <node ref="D1" pin="2"/>
    </net>
    <net code="88" name="Net-(U5-Pad10)">
      <node ref="U5" pin="10"/>
    </net>
    <net code="89" name="Net-(U5-Pad13)">
      <node ref="U5" pin="13"/>
    </net>
    <net code="90" name="Net-(U5-Pad8)">
      <node ref="U5" pin="8"/>
    </net>
  </nets>
</export>
