<?xml version="1.0" encoding="UTF-8"?>
<export version="D">
  <design>
    <source>/Users/usb/Desktop/Kicad/adder/adder.sch</source>
    <date>Tuesday, January 11, 2022 at 11:53:38 AM</date>
    <tool>Eeschema (5.1.2-1)-1</tool>
    <sheet number="1" name="/" tstamps="/">
      <title_block>
        <title>Pocket Calculator</title>
        <company/>
        <rev>v01</rev>
        <date>2021</date>
        <source>adder.sch</source>
        <comment number="1" value=""/>
        <comment number="2" value=""/>
        <comment number="3" value=""/>
        <comment number="4" value=""/>
      </title_block>
    </sheet>
  </design>
  <components>
    <comp ref="J1">
      <value>IN1</value>
      <footprint>Footprints2:BananaFoFanna4</footprint>
      <datasheet>~</datasheet>
      <libsource lib="Connector" part="Conn_01x01_Female" description="Generic connector, single row, 01x01, script generated (kicad-library-utils/schlib/autogen/connector/)"/>
      <sheetpath names="/" tstamps="/"/>
      <tstamp>617588A7</tstamp>
    </comp>
    <comp ref="SW1">
      <value>ON/OFF/ON</value>
      <footprint>w_switch:switch_100sp5</footprint>
      <datasheet>~</datasheet>
      <libsource lib="Switch" part="SW_SPDT" description="Switch, single pole double throw"/>
      <sheetpath names="/" tstamps="/"/>
      <tstamp>6175A086</tstamp>
    </comp>
    <comp ref="R1">
      <value>1M</value>
      <footprint>Resistor_THT:R_Axial_DIN0207_L6.3mm_D2.5mm_P10.16mm_Horizontal</footprint>
      <datasheet>~</datasheet>
      <libsource lib="Device" part="R" description="Resistor"/>
      <sheetpath names="/" tstamps="/"/>
      <tstamp>61C79E9B</tstamp>
    </comp>
    <comp ref="R5">
      <value>10k</value>
      <footprint>Resistor_THT:R_Axial_DIN0207_L6.3mm_D2.5mm_P10.16mm_Horizontal</footprint>
      <datasheet>~</datasheet>
      <libsource lib="Device" part="R" description="Resistor"/>
      <sheetpath names="/" tstamps="/"/>
      <tstamp>61C9072E</tstamp>
    </comp>
    <comp ref="R6">
      <value>10k</value>
      <footprint>Resistor_THT:R_Axial_DIN0207_L6.3mm_D2.5mm_P10.16mm_Horizontal</footprint>
      <datasheet>~</datasheet>
      <libsource lib="Device" part="R" description="Resistor"/>
      <sheetpath names="/" tstamps="/"/>
      <tstamp>61C90EDB</tstamp>
    </comp>
    <comp ref="SW2">
      <value>ON/OFF/ON</value>
      <footprint>w_switch:switch_100sp5</footprint>
      <datasheet>~</datasheet>
      <libsource lib="Switch" part="SW_SPDT" description="Switch, single pole double throw"/>
      <sheetpath names="/" tstamps="/"/>
      <tstamp>61C9808B</tstamp>
    </comp>
    <comp ref="R2">
      <value>1M</value>
      <footprint>Resistor_THT:R_Axial_DIN0207_L6.3mm_D2.5mm_P10.16mm_Horizontal</footprint>
      <datasheet>~</datasheet>
      <libsource lib="Device" part="R" description="Resistor"/>
      <sheetpath names="/" tstamps="/"/>
      <tstamp>61C98095</tstamp>
    </comp>
    <comp ref="R7">
      <value>10k</value>
      <footprint>Resistor_THT:R_Axial_DIN0207_L6.3mm_D2.5mm_P10.16mm_Horizontal</footprint>
      <datasheet>~</datasheet>
      <libsource lib="Device" part="R" description="Resistor"/>
      <sheetpath names="/" tstamps="/"/>
      <tstamp>61C980BD</tstamp>
    </comp>
    <comp ref="R8">
      <value>10k</value>
      <footprint>Resistor_THT:R_Axial_DIN0207_L6.3mm_D2.5mm_P10.16mm_Horizontal</footprint>
      <datasheet>~</datasheet>
      <libsource lib="Device" part="R" description="Resistor"/>
      <sheetpath names="/" tstamps="/"/>
      <tstamp>61C980C7</tstamp>
    </comp>
    <comp ref="J2">
      <value>IN2</value>
      <footprint>Footprints2:BananaFoFanna4</footprint>
      <datasheet>~</datasheet>
      <libsource lib="Connector" part="Conn_01x01_Female" description="Generic connector, single row, 01x01, script generated (kicad-library-utils/schlib/autogen/connector/)"/>
      <sheetpath names="/" tstamps="/"/>
      <tstamp>61C98081</tstamp>
    </comp>
    <comp ref="SW3">
      <value>ON/OFF/ON</value>
      <footprint>w_switch:switch_100sp5</footprint>
      <datasheet>~</datasheet>
      <libsource lib="Switch" part="SW_SPDT" description="Switch, single pole double throw"/>
      <sheetpath names="/" tstamps="/"/>
      <tstamp>61C9F7C8</tstamp>
    </comp>
    <comp ref="R3">
      <value>1M</value>
      <footprint>Resistor_THT:R_Axial_DIN0207_L6.3mm_D2.5mm_P10.16mm_Horizontal</footprint>
      <datasheet>~</datasheet>
      <libsource lib="Device" part="R" description="Resistor"/>
      <sheetpath names="/" tstamps="/"/>
      <tstamp>61C9F7D2</tstamp>
    </comp>
    <comp ref="R9">
      <value>10k</value>
      <footprint>Resistor_THT:R_Axial_DIN0207_L6.3mm_D2.5mm_P10.16mm_Horizontal</footprint>
      <datasheet>~</datasheet>
      <libsource lib="Device" part="R" description="Resistor"/>
      <sheetpath names="/" tstamps="/"/>
      <tstamp>61C9F7F0</tstamp>
    </comp>
    <comp ref="R10">
      <value>10k</value>
      <footprint>Resistor_THT:R_Axial_DIN0207_L6.3mm_D2.5mm_P10.16mm_Horizontal</footprint>
      <datasheet>~</datasheet>
      <libsource lib="Device" part="R" description="Resistor"/>
      <sheetpath names="/" tstamps="/"/>
      <tstamp>61C9F7FA</tstamp>
    </comp>
    <comp ref="J3">
      <value>IN3</value>
      <footprint>Footprints2:BananaFoFanna4</footprint>
      <datasheet>~</datasheet>
      <libsource lib="Connector" part="Conn_01x01_Female" description="Generic connector, single row, 01x01, script generated (kicad-library-utils/schlib/autogen/connector/)"/>
      <sheetpath names="/" tstamps="/"/>
      <tstamp>61C9F816</tstamp>
    </comp>
    <comp ref="SW4">
      <value>ON/OFF/ON</value>
      <footprint>w_switch:switch_100sp5</footprint>
      <datasheet>~</datasheet>
      <libsource lib="Switch" part="SW_SPDT" description="Switch, single pole double throw"/>
      <sheetpath names="/" tstamps="/"/>
      <tstamp>61CA719A</tstamp>
    </comp>
    <comp ref="R4">
      <value>1M</value>
      <footprint>Resistor_THT:R_Axial_DIN0207_L6.3mm_D2.5mm_P10.16mm_Horizontal</footprint>
      <datasheet>~</datasheet>
      <libsource lib="Device" part="R" description="Resistor"/>
      <sheetpath names="/" tstamps="/"/>
      <tstamp>61CA71A4</tstamp>
    </comp>
    <comp ref="R11">
      <value>10k</value>
      <footprint>Resistor_THT:R_Axial_DIN0207_L6.3mm_D2.5mm_P10.16mm_Horizontal</footprint>
      <datasheet>~</datasheet>
      <libsource lib="Device" part="R" description="Resistor"/>
      <sheetpath names="/" tstamps="/"/>
      <tstamp>61CA71C2</tstamp>
    </comp>
    <comp ref="R12">
      <value>10k</value>
      <footprint>Resistor_THT:R_Axial_DIN0207_L6.3mm_D2.5mm_P10.16mm_Horizontal</footprint>
      <datasheet>~</datasheet>
      <libsource lib="Device" part="R" description="Resistor"/>
      <sheetpath names="/" tstamps="/"/>
      <tstamp>61CA71CC</tstamp>
    </comp>
    <comp ref="J4">
      <value>IN4</value>
      <footprint>Footprints2:BananaFoFanna4</footprint>
      <datasheet>~</datasheet>
      <libsource lib="Connector" part="Conn_01x01_Female" description="Generic connector, single row, 01x01, script generated (kicad-library-utils/schlib/autogen/connector/)"/>
      <sheetpath names="/" tstamps="/"/>
      <tstamp>61CA71DE</tstamp>
    </comp>
    <comp ref="RV1">
      <value>B100k</value>
      <footprint>Footprints2:Potentiometer_Alpha_RD901F-40-00D_Single_Vertical_Center</footprint>
      <datasheet>~</datasheet>
      <libsource lib="Device" part="R_POT" description="Potentiometer"/>
      <sheetpath names="/" tstamps="/"/>
      <tstamp>61CAB7C8</tstamp>
    </comp>
    <comp ref="J7">
      <value>OUT</value>
      <footprint>Footprints2:BananaFoFanna4</footprint>
      <datasheet>~</datasheet>
      <libsource lib="Connector" part="Conn_01x01_Female" description="Generic connector, single row, 01x01, script generated (kicad-library-utils/schlib/autogen/connector/)"/>
      <sheetpath names="/" tstamps="/"/>
      <tstamp>61CD9478</tstamp>
    </comp>
    <comp ref="J8">
      <value>1V</value>
      <footprint>Footprints2:BananaFoFanna4</footprint>
      <datasheet>~</datasheet>
      <libsource lib="Connector" part="Conn_01x01_Female" description="Generic connector, single row, 01x01, script generated (kicad-library-utils/schlib/autogen/connector/)"/>
      <sheetpath names="/" tstamps="/"/>
      <tstamp>61CDA01A</tstamp>
    </comp>
    <comp ref="J6">
      <value>1A</value>
      <footprint>Connector_PinSocket_2.54mm:PinSocket_1x04_P2.54mm_Vertical</footprint>
      <datasheet>~</datasheet>
      <libsource lib="Connector" part="Conn_01x04_Female" description="Generic connector, single row, 01x04, script generated (kicad-library-utils/schlib/autogen/connector/)"/>
      <sheetpath names="/" tstamps="/"/>
      <tstamp>61CDD47C</tstamp>
    </comp>
    <comp ref="C1">
      <value>100n</value>
      <footprint>Capacitor_THT:C_Disc_D5.0mm_W2.5mm_P2.50mm</footprint>
      <datasheet>~</datasheet>
      <libsource lib="Device" part="C" description="Unpolarized capacitor"/>
      <sheetpath names="/" tstamps="/"/>
      <tstamp>61CF894C</tstamp>
    </comp>
    <comp ref="J5">
      <value>2A</value>
      <footprint>Connector_PinSocket_2.54mm:PinSocket_1x04_P2.54mm_Vertical</footprint>
      <datasheet>~</datasheet>
      <libsource lib="Connector" part="Conn_01x04_Female" description="Generic connector, single row, 01x04, script generated (kicad-library-utils/schlib/autogen/connector/)"/>
      <sheetpath names="/" tstamps="/"/>
      <tstamp>61D03E69</tstamp>
    </comp>
    <comp ref="U1">
      <value>LT1014</value>
      <footprint>Package_DIP:DIP-14_W7.62mm_LongPads</footprint>
      <datasheet>http://www.ti.com/lit/ds/symlink/tl071.pdf</datasheet>
      <libsource lib="Amplifier_Operational" part="TL074" description="Quad Low-Noise JFET-Input Operational Amplifiers, DIP-14/SOIC-14"/>
      <sheetpath names="/" tstamps="/"/>
      <tstamp>61D85963</tstamp>
    </comp>
    <comp ref="R16">
      <value>2k</value>
      <footprint>Resistor_THT:R_Axial_DIN0207_L6.3mm_D2.5mm_P10.16mm_Horizontal</footprint>
      <datasheet>~</datasheet>
      <libsource lib="Device" part="R" description="Resistor"/>
      <sheetpath names="/" tstamps="/"/>
      <tstamp>61DD043F</tstamp>
    </comp>
    <comp ref="RV2">
      <value>1k</value>
      <footprint>Potentiometer_THT:Potentiometer_Bourns_3296W_Vertical</footprint>
      <datasheet>~</datasheet>
      <libsource lib="Device" part="R_POT_TRIM" description="Trim-potentiometer"/>
      <sheetpath names="/" tstamps="/"/>
      <tstamp>61DCE730</tstamp>
    </comp>
    <comp ref="R15">
      <value>10k</value>
      <footprint>Resistor_THT:R_Axial_DIN0207_L6.3mm_D2.5mm_P10.16mm_Horizontal</footprint>
      <datasheet>~</datasheet>
      <libsource lib="Device" part="R" description="Resistor"/>
      <sheetpath names="/" tstamps="/"/>
      <tstamp>61DCD14F</tstamp>
    </comp>
    <comp ref="C2">
      <value>10n</value>
      <footprint>Capacitor_THT:C_Disc_D5.0mm_W2.5mm_P2.50mm</footprint>
      <datasheet>~</datasheet>
      <libsource lib="Device" part="C" description="Unpolarized capacitor"/>
      <sheetpath names="/" tstamps="/"/>
      <tstamp>61DB3868</tstamp>
    </comp>
    <comp ref="U3">
      <value>LM4040-5</value>
      <footprint>Package_TO_SOT_THT:TO-92_Inline</footprint>
      <datasheet>http://www.ti.com/lit/ds/symlink/lm4040-n.pdf</datasheet>
      <libsource lib="Reference_Voltage" part="LM4040LP-5" description="5.000V Precision Micropower Shunt Voltage Reference, TO-92"/>
      <sheetpath names="/" tstamps="/"/>
      <tstamp>61DB1DA2</tstamp>
    </comp>
    <comp ref="R13">
      <value>1k</value>
      <footprint>Resistor_THT:R_Axial_DIN0207_L6.3mm_D2.5mm_P10.16mm_Horizontal</footprint>
      <datasheet>~</datasheet>
      <libsource lib="Device" part="R" description="Resistor"/>
      <sheetpath names="/" tstamps="/"/>
      <tstamp>61DB127B</tstamp>
    </comp>
    <comp ref="U2">
      <value>LT1014</value>
      <footprint>Package_DIP:DIP-14_W7.62mm_LongPads</footprint>
      <datasheet>http://www.ti.com/lit/ds/symlink/tl071.pdf</datasheet>
      <libsource lib="Amplifier_Operational" part="TL074" description="Quad Low-Noise JFET-Input Operational Amplifiers, DIP-14/SOIC-14"/>
      <sheetpath names="/" tstamps="/"/>
      <tstamp>61DAEF62</tstamp>
    </comp>
    <comp ref="R19">
      <value>270R</value>
      <footprint>Resistor_THT:R_Axial_DIN0207_L6.3mm_D2.5mm_P10.16mm_Horizontal</footprint>
      <datasheet>~</datasheet>
      <libsource lib="Device" part="R" description="Resistor"/>
      <sheetpath names="/" tstamps="/"/>
      <tstamp>61D4A10B</tstamp>
    </comp>
    <comp ref="C4">
      <value>5p6</value>
      <footprint>Capacitor_THT:C_Disc_D5.0mm_W2.5mm_P2.50mm</footprint>
      <datasheet>~</datasheet>
      <libsource lib="Device" part="C" description="Unpolarized capacitor"/>
      <sheetpath names="/" tstamps="/"/>
      <tstamp>61D3E52A</tstamp>
    </comp>
    <comp ref="R18">
      <value>10k</value>
      <footprint>Resistor_THT:R_Axial_DIN0207_L6.3mm_D2.5mm_P10.16mm_Horizontal</footprint>
      <datasheet>~</datasheet>
      <libsource lib="Device" part="R" description="Resistor"/>
      <sheetpath names="/" tstamps="/"/>
      <tstamp>61D3CFC0</tstamp>
    </comp>
    <comp ref="R17">
      <value>10k</value>
      <footprint>Resistor_THT:R_Axial_DIN0207_L6.3mm_D2.5mm_P10.16mm_Horizontal</footprint>
      <datasheet>~</datasheet>
      <libsource lib="Device" part="R" description="Resistor"/>
      <sheetpath names="/" tstamps="/"/>
      <tstamp>61D26EA9</tstamp>
    </comp>
    <comp ref="R14">
      <value>10k</value>
      <footprint>Resistor_THT:R_Axial_DIN0207_L6.3mm_D2.5mm_P10.16mm_Horizontal</footprint>
      <datasheet>~</datasheet>
      <libsource lib="Device" part="R" description="Resistor"/>
      <sheetpath names="/" tstamps="/"/>
      <tstamp>61D25A4B</tstamp>
    </comp>
    <comp ref="J9">
      <value>1B</value>
      <footprint>Connector_PinHeader_2.54mm:PinHeader_1x04_P2.54mm_Vertical</footprint>
      <datasheet>~</datasheet>
      <libsource lib="Connector" part="Conn_01x04_Male" description="Generic connector, single row, 01x04, script generated (kicad-library-utils/schlib/autogen/connector/)"/>
      <sheetpath names="/" tstamps="/"/>
      <tstamp>61D20F2C</tstamp>
    </comp>
    <comp ref="J11">
      <value>POWER</value>
      <footprint>TerminalBlock_TE-Connectivity:TerminalBlock_TE_282834-4_1x04_P2.54mm_Horizontal</footprint>
      <datasheet>~</datasheet>
      <libsource lib="Connector" part="Conn_01x04_Male" description="Generic connector, single row, 01x04, script generated (kicad-library-utils/schlib/autogen/connector/)"/>
      <sheetpath names="/" tstamps="/"/>
      <tstamp>61E386C3</tstamp>
    </comp>
    <comp ref="BP3">
      <value>10u</value>
      <footprint>Capacitor_THT:CP_Radial_D6.3mm_P2.50mm</footprint>
      <datasheet>~</datasheet>
      <libsource lib="Device" part="CP" description="Polarized capacitor"/>
      <sheetpath names="/" tstamps="/"/>
      <tstamp>61E39A08</tstamp>
    </comp>
    <comp ref="BP4">
      <value>10u</value>
      <footprint>Capacitor_THT:CP_Radial_D6.3mm_P2.50mm</footprint>
      <datasheet>~</datasheet>
      <libsource lib="Device" part="CP" description="Polarized capacitor"/>
      <sheetpath names="/" tstamps="/"/>
      <tstamp>61E3A85F</tstamp>
    </comp>
    <comp ref="BP1">
      <value>100n</value>
      <footprint>Capacitor_THT:C_Disc_D5.0mm_W2.5mm_P2.50mm</footprint>
      <datasheet>~</datasheet>
      <libsource lib="Device" part="C" description="Unpolarized capacitor"/>
      <sheetpath names="/" tstamps="/"/>
      <tstamp>61E3BA9E</tstamp>
    </comp>
    <comp ref="BP2">
      <value>100n</value>
      <footprint>Capacitor_THT:C_Disc_D5.0mm_W2.5mm_P2.50mm</footprint>
      <datasheet>~</datasheet>
      <libsource lib="Device" part="C" description="Unpolarized capacitor"/>
      <sheetpath names="/" tstamps="/"/>
      <tstamp>61E3BFFB</tstamp>
    </comp>
    <comp ref="C3">
      <value>100n</value>
      <footprint>Capacitor_THT:C_Disc_D5.0mm_W2.5mm_P2.50mm</footprint>
      <datasheet>~</datasheet>
      <libsource lib="Device" part="C" description="Unpolarized capacitor"/>
      <sheetpath names="/" tstamps="/"/>
      <tstamp>61F17751</tstamp>
    </comp>
    <comp ref="J10">
      <value>2B</value>
      <footprint>Connector_PinHeader_2.54mm:PinHeader_1x04_P2.54mm_Vertical</footprint>
      <datasheet>~</datasheet>
      <libsource lib="Connector" part="Conn_01x04_Male" description="Generic connector, single row, 01x04, script generated (kicad-library-utils/schlib/autogen/connector/)"/>
      <sheetpath names="/" tstamps="/"/>
      <tstamp>61F3A9A0</tstamp>
    </comp>
    <comp ref="R20">
      <value>10k</value>
      <footprint>Resistor_THT:R_Axial_DIN0207_L6.3mm_D2.5mm_P10.16mm_Horizontal</footprint>
      <datasheet>~</datasheet>
      <libsource lib="Device" part="R" description="Resistor"/>
      <sheetpath names="/" tstamps="/"/>
      <tstamp>61FEDA5E</tstamp>
    </comp>
    <comp ref="R21">
      <value>10k</value>
      <footprint>Resistor_THT:R_Axial_DIN0207_L6.3mm_D2.5mm_P10.16mm_Horizontal</footprint>
      <datasheet>~</datasheet>
      <libsource lib="Device" part="R" description="Resistor"/>
      <sheetpath names="/" tstamps="/"/>
      <tstamp>61FEF5C6</tstamp>
    </comp>
    <comp ref="R22">
      <value>10k</value>
      <footprint>Resistor_THT:R_Axial_DIN0207_L6.3mm_D2.5mm_P10.16mm_Horizontal</footprint>
      <datasheet>~</datasheet>
      <libsource lib="Device" part="R" description="Resistor"/>
      <sheetpath names="/" tstamps="/"/>
      <tstamp>6200EE3E</tstamp>
    </comp>
    <comp ref="C5">
      <value>5p6</value>
      <footprint>Capacitor_THT:C_Disc_D5.0mm_W2.5mm_P2.50mm</footprint>
      <datasheet>~</datasheet>
      <libsource lib="Device" part="C" description="Unpolarized capacitor"/>
      <sheetpath names="/" tstamps="/"/>
      <tstamp>6201B177</tstamp>
    </comp>
    <comp ref="R23">
      <value>10k</value>
      <footprint>Resistor_THT:R_Axial_DIN0207_L6.3mm_D2.5mm_P10.16mm_Horizontal</footprint>
      <datasheet>~</datasheet>
      <libsource lib="Device" part="R" description="Resistor"/>
      <sheetpath names="/" tstamps="/"/>
      <tstamp>6201C2C2</tstamp>
    </comp>
    <comp ref="R24">
      <value>270R</value>
      <footprint>Resistor_THT:R_Axial_DIN0207_L6.3mm_D2.5mm_P10.16mm_Horizontal</footprint>
      <datasheet>~</datasheet>
      <libsource lib="Device" part="R" description="Resistor"/>
      <sheetpath names="/" tstamps="/"/>
      <tstamp>62067E7B</tstamp>
    </comp>
    <comp ref="J12">
      <value>0V</value>
      <footprint>Connector_PinHeader_2.00mm:PinHeader_1x01_P2.00mm_Vertical</footprint>
      <datasheet>~</datasheet>
      <libsource lib="Connector" part="Conn_01x01_Female" description="Generic connector, single row, 01x01, script generated (kicad-library-utils/schlib/autogen/connector/)"/>
      <sheetpath names="/" tstamps="/"/>
      <tstamp>622081E4</tstamp>
    </comp>
    <comp ref="J13">
      <value>0V</value>
      <footprint>Connector_PinHeader_2.00mm:PinHeader_1x01_P2.00mm_Vertical</footprint>
      <datasheet>~</datasheet>
      <libsource lib="Connector" part="Conn_01x01_Female" description="Generic connector, single row, 01x01, script generated (kicad-library-utils/schlib/autogen/connector/)"/>
      <sheetpath names="/" tstamps="/"/>
      <tstamp>62209CBE</tstamp>
    </comp>
    <comp ref="J14">
      <value>0V</value>
      <footprint>Connector_PinHeader_2.00mm:PinHeader_1x01_P2.00mm_Vertical</footprint>
      <datasheet>~</datasheet>
      <libsource lib="Connector" part="Conn_01x01_Female" description="Generic connector, single row, 01x01, script generated (kicad-library-utils/schlib/autogen/connector/)"/>
      <sheetpath names="/" tstamps="/"/>
      <tstamp>62257BE8</tstamp>
    </comp>
    <comp ref="J15">
      <value>0V</value>
      <footprint>Connector_PinHeader_2.00mm:PinHeader_1x01_P2.00mm_Vertical</footprint>
      <datasheet>~</datasheet>
      <libsource lib="Connector" part="Conn_01x01_Female" description="Generic connector, single row, 01x01, script generated (kicad-library-utils/schlib/autogen/connector/)"/>
      <sheetpath names="/" tstamps="/"/>
      <tstamp>622583A4</tstamp>
    </comp>
    <comp ref="J16">
      <value>TP</value>
      <footprint>TestPoint:TestPoint_THTPad_D2.5mm_Drill1.2mm</footprint>
      <datasheet>~</datasheet>
      <libsource lib="Connector" part="Conn_01x01_Female" description="Generic connector, single row, 01x01, script generated (kicad-library-utils/schlib/autogen/connector/)"/>
      <sheetpath names="/" tstamps="/"/>
      <tstamp>62428B49</tstamp>
    </comp>
  </components>
  <libparts>
    <libpart lib="Amplifier_Operational" part="LM2902">
      <aliases>
        <alias>LM324</alias>
        <alias>TLC274</alias>
        <alias>TLC279</alias>
        <alias>TL074</alias>
        <alias>LM324A</alias>
        <alias>MCP6004</alias>
        <alias>TL084</alias>
        <alias>TL064</alias>
        <alias>LMV324</alias>
        <alias>LMC6484</alias>
        <alias>MCP604</alias>
        <alias>MC33079</alias>
        <alias>MC33174</alias>
        <alias>MC33179</alias>
        <alias>OPA1604</alias>
        <alias>OPA4134</alias>
        <alias>OPA4340UA</alias>
        <alias>OPA4376</alias>
        <alias>MCP6L94</alias>
        <alias>TSV914</alias>
        <alias>ADA4807-4</alias>
        <alias>TSV994</alias>
      </aliases>
      <description>Low-Power, Quad-Operational Amplifiers, DIP-14/SOIC-14/SSOP-14</description>
      <docs>http://www.ti.com/lit/ds/symlink/lm2902-n.pdf</docs>
      <footprints>
        <fp>SOIC*3.9x8.7mm*P1.27mm*</fp>
        <fp>DIP*W7.62mm*</fp>
        <fp>TSSOP*4.4x5mm*P0.65mm*</fp>
        <fp>SSOP*5.3x6.2mm*P0.65mm*</fp>
        <fp>MSOP*3x3mm*P0.5mm*</fp>
      </footprints>
      <fields>
        <field name="Reference">U</field>
        <field name="Value">LM2902</field>
      </fields>
      <pins>
        <pin num="1" name="~" type="output"/>
        <pin num="2" name="-" type="input"/>
        <pin num="3" name="+" type="input"/>
        <pin num="4" name="V+" type="power_in"/>
        <pin num="5" name="+" type="input"/>
        <pin num="6" name="-" type="input"/>
        <pin num="7" name="~" type="output"/>
        <pin num="8" name="~" type="output"/>
        <pin num="9" name="-" type="input"/>
        <pin num="10" name="+" type="input"/>
        <pin num="11" name="V-" type="power_in"/>
        <pin num="12" name="+" type="input"/>
        <pin num="13" name="-" type="input"/>
        <pin num="14" name="~" type="output"/>
      </pins>
    </libpart>
    <libpart lib="Connector" part="Conn_01x01_Female">
      <description>Generic connector, single row, 01x01, script generated (kicad-library-utils/schlib/autogen/connector/)</description>
      <docs>~</docs>
      <footprints>
        <fp>Connector*:*</fp>
      </footprints>
      <fields>
        <field name="Reference">J</field>
        <field name="Value">Conn_01x01_Female</field>
      </fields>
      <pins>
        <pin num="1" name="Pin_1" type="passive"/>
      </pins>
    </libpart>
    <libpart lib="Connector" part="Conn_01x04_Female">
      <description>Generic connector, single row, 01x04, script generated (kicad-library-utils/schlib/autogen/connector/)</description>
      <docs>~</docs>
      <footprints>
        <fp>Connector*:*_1x??_*</fp>
      </footprints>
      <fields>
        <field name="Reference">J</field>
        <field name="Value">Conn_01x04_Female</field>
      </fields>
      <pins>
        <pin num="1" name="Pin_1" type="passive"/>
        <pin num="2" name="Pin_2" type="passive"/>
        <pin num="3" name="Pin_3" type="passive"/>
        <pin num="4" name="Pin_4" type="passive"/>
      </pins>
    </libpart>
    <libpart lib="Connector" part="Conn_01x04_Male">
      <description>Generic connector, single row, 01x04, script generated (kicad-library-utils/schlib/autogen/connector/)</description>
      <docs>~</docs>
      <footprints>
        <fp>Connector*:*_1x??_*</fp>
      </footprints>
      <fields>
        <field name="Reference">J</field>
        <field name="Value">Conn_01x04_Male</field>
      </fields>
      <pins>
        <pin num="1" name="Pin_1" type="passive"/>
        <pin num="2" name="Pin_2" type="passive"/>
        <pin num="3" name="Pin_3" type="passive"/>
        <pin num="4" name="Pin_4" type="passive"/>
      </pins>
    </libpart>
    <libpart lib="Device" part="C">
      <description>Unpolarized capacitor</description>
      <docs>~</docs>
      <footprints>
        <fp>C_*</fp>
      </footprints>
      <fields>
        <field name="Reference">C</field>
        <field name="Value">C</field>
      </fields>
      <pins>
        <pin num="1" name="~" type="passive"/>
        <pin num="2" name="~" type="passive"/>
      </pins>
    </libpart>
    <libpart lib="Device" part="CP">
      <description>Polarized capacitor</description>
      <docs>~</docs>
      <footprints>
        <fp>CP_*</fp>
      </footprints>
      <fields>
        <field name="Reference">C</field>
        <field name="Value">CP</field>
      </fields>
      <pins>
        <pin num="1" name="~" type="passive"/>
        <pin num="2" name="~" type="passive"/>
      </pins>
    </libpart>
    <libpart lib="Device" part="R">
      <description>Resistor</description>
      <docs>~</docs>
      <footprints>
        <fp>R_*</fp>
      </footprints>
      <fields>
        <field name="Reference">R</field>
        <field name="Value">R</field>
      </fields>
      <pins>
        <pin num="1" name="~" type="passive"/>
        <pin num="2" name="~" type="passive"/>
      </pins>
    </libpart>
    <libpart lib="Device" part="R_POT">
      <description>Potentiometer</description>
      <docs>~</docs>
      <footprints>
        <fp>Potentiometer*</fp>
      </footprints>
      <fields>
        <field name="Reference">RV</field>
        <field name="Value">R_POT</field>
      </fields>
      <pins>
        <pin num="1" name="1" type="passive"/>
        <pin num="2" name="2" type="passive"/>
        <pin num="3" name="3" type="passive"/>
      </pins>
    </libpart>
    <libpart lib="Device" part="R_POT_TRIM">
      <description>Trim-potentiometer</description>
      <docs>~</docs>
      <footprints>
        <fp>Potentiometer*</fp>
      </footprints>
      <fields>
        <field name="Reference">RV</field>
        <field name="Value">R_POT_TRIM</field>
      </fields>
      <pins>
        <pin num="1" name="1" type="passive"/>
        <pin num="2" name="2" type="passive"/>
        <pin num="3" name="3" type="passive"/>
      </pins>
    </libpart>
    <libpart lib="Reference_Voltage" part="LM4040LP-2.0">
      <aliases>
        <alias>LM4040LP-2.5</alias>
        <alias>LM4040LP-3</alias>
        <alias>LM4040LP-4.1</alias>
        <alias>LM4040LP-5</alias>
        <alias>LM4040LP-8.2</alias>
        <alias>LM4040LP-10</alias>
      </aliases>
      <description>2.048V Precision Micropower Shunt Voltage Reference, TO-92</description>
      <docs>http://www.ti.com/lit/ds/symlink/lm4040-n.pdf</docs>
      <footprints>
        <fp>TO?92*Inline*</fp>
      </footprints>
      <fields>
        <field name="Reference">U</field>
        <field name="Value">LM4040LP-2.0</field>
        <field name="Footprint">Package_TO_SOT_THT:TO-92_Inline</field>
      </fields>
      <pins>
        <pin num="2" name="K" type="passive"/>
        <pin num="3" name="A" type="passive"/>
      </pins>
    </libpart>
    <libpart lib="Switch" part="SW_SPDT">
      <description>Switch, single pole double throw</description>
      <docs>~</docs>
      <fields>
        <field name="Reference">SW</field>
        <field name="Value">SW_SPDT</field>
      </fields>
      <pins>
        <pin num="1" name="A" type="passive"/>
        <pin num="2" name="B" type="passive"/>
        <pin num="3" name="C" type="passive"/>
      </pins>
    </libpart>
  </libparts>
  <libraries>
    <library logical="Amplifier_Operational">
      <uri>/Library/Application Support/kicad/library/Amplifier_Operational.lib</uri>
    </library>
    <library logical="Connector">
      <uri>/Library/Application Support/kicad/library/Connector.lib</uri>
    </library>
    <library logical="Device">
      <uri>/Library/Application Support/kicad/library/Device.lib</uri>
    </library>
    <library logical="Reference_Voltage">
      <uri>/Library/Application Support/kicad/library/Reference_Voltage.lib</uri>
    </library>
    <library logical="Switch">
      <uri>/Library/Application Support/kicad/library/Switch.lib</uri>
    </library>
  </libraries>
  <nets>
    <net code="1" name="Net-(J1-Pad1)">
      <node ref="J1" pin="1"/>
      <node ref="U1" pin="3"/>
      <node ref="R1" pin="1"/>
    </net>
    <net code="2" name="Net-(R5-Pad2)">
      <node ref="SW1" pin="1"/>
      <node ref="R5" pin="2"/>
    </net>
    <net code="3" name="Net-(R6-Pad2)">
      <node ref="SW1" pin="3"/>
      <node ref="R6" pin="2"/>
    </net>
    <net code="4" name="GNDREF">
      <node ref="J12" pin="1"/>
      <node ref="J5" pin="3"/>
      <node ref="R1" pin="2"/>
      <node ref="RV1" pin="3"/>
      <node ref="R2" pin="2"/>
      <node ref="J15" pin="1"/>
      <node ref="R4" pin="2"/>
      <node ref="J14" pin="1"/>
      <node ref="J13" pin="1"/>
      <node ref="J5" pin="2"/>
      <node ref="R3" pin="2"/>
    </net>
    <net code="5" name="Net-(SW1-Pad2)">
      <node ref="SW1" pin="2"/>
      <node ref="U1" pin="2"/>
      <node ref="U1" pin="1"/>
    </net>
    <net code="6" name="Net-(R7-Pad2)">
      <node ref="SW2" pin="1"/>
      <node ref="R7" pin="2"/>
    </net>
    <net code="7" name="Net-(R8-Pad2)">
      <node ref="R8" pin="2"/>
      <node ref="SW2" pin="3"/>
    </net>
    <net code="8" name="Net-(J2-Pad1)">
      <node ref="U1" pin="5"/>
      <node ref="J2" pin="1"/>
      <node ref="R2" pin="1"/>
    </net>
    <net code="9" name="Net-(SW2-Pad2)">
      <node ref="U1" pin="7"/>
      <node ref="SW2" pin="2"/>
      <node ref="U1" pin="6"/>
    </net>
    <net code="10" name="Net-(R9-Pad2)">
      <node ref="R9" pin="2"/>
      <node ref="SW3" pin="1"/>
    </net>
    <net code="11" name="Net-(R10-Pad2)">
      <node ref="R10" pin="2"/>
      <node ref="SW3" pin="3"/>
    </net>
    <net code="12" name="Net-(J3-Pad1)">
      <node ref="U1" pin="10"/>
      <node ref="R3" pin="1"/>
      <node ref="J3" pin="1"/>
    </net>
    <net code="13" name="Net-(SW3-Pad2)">
      <node ref="U1" pin="8"/>
      <node ref="U1" pin="9"/>
      <node ref="SW3" pin="2"/>
    </net>
    <net code="14" name="Net-(R11-Pad2)">
      <node ref="R11" pin="2"/>
      <node ref="SW4" pin="1"/>
    </net>
    <net code="15" name="Net-(R12-Pad2)">
      <node ref="R12" pin="2"/>
      <node ref="SW4" pin="3"/>
    </net>
    <net code="16" name="Net-(R4-Pad1)">
      <node ref="U1" pin="12"/>
      <node ref="RV1" pin="2"/>
      <node ref="R4" pin="1"/>
    </net>
    <net code="17" name="Net-(SW4-Pad2)">
      <node ref="SW4" pin="2"/>
      <node ref="U1" pin="13"/>
      <node ref="U1" pin="14"/>
    </net>
    <net code="18" name="Net-(J6-Pad2)">
      <node ref="R6" pin="1"/>
      <node ref="R8" pin="1"/>
      <node ref="R12" pin="1"/>
      <node ref="J6" pin="2"/>
      <node ref="R10" pin="1"/>
    </net>
    <net code="19" name="Net-(J4-Pad1)">
      <node ref="RV1" pin="1"/>
      <node ref="J4" pin="1"/>
    </net>
    <net code="20" name="Net-(J6-Pad1)">
      <node ref="R9" pin="1"/>
      <node ref="R11" pin="1"/>
      <node ref="R7" pin="1"/>
      <node ref="J6" pin="1"/>
      <node ref="R5" pin="1"/>
    </net>
    <net code="21" name="Net-(J6-Pad3)">
      <node ref="J7" pin="1"/>
      <node ref="J6" pin="3"/>
    </net>
    <net code="22" name="Net-(J6-Pad4)">
      <node ref="J8" pin="1"/>
      <node ref="J6" pin="4"/>
    </net>
    <net code="23" name="+VDC">
      <node ref="J5" pin="4"/>
      <node ref="C1" pin="1"/>
      <node ref="U1" pin="4"/>
    </net>
    <net code="24" name="-VDC">
      <node ref="U1" pin="11"/>
      <node ref="J5" pin="1"/>
      <node ref="C1" pin="2"/>
    </net>
    <net code="25" name="Net-(R16-Pad1)">
      <node ref="RV2" pin="3"/>
      <node ref="R16" pin="1"/>
    </net>
    <net code="26" name="Net-(J16-Pad1)">
      <node ref="R20" pin="2"/>
      <node ref="J16" pin="1"/>
      <node ref="RV2" pin="2"/>
    </net>
    <net code="27" name="Net-(R15-Pad1)">
      <node ref="R15" pin="1"/>
      <node ref="RV2" pin="1"/>
    </net>
    <net code="28" name="GND">
      <node ref="R16" pin="2"/>
      <node ref="U2" pin="3"/>
      <node ref="U2" pin="5"/>
      <node ref="C2" pin="2"/>
      <node ref="U2" pin="12"/>
      <node ref="J10" pin="3"/>
      <node ref="J10" pin="2"/>
      <node ref="U2" pin="10"/>
      <node ref="U3" pin="3"/>
      <node ref="BP2" pin="1"/>
      <node ref="BP1" pin="2"/>
      <node ref="J11" pin="2"/>
      <node ref="J11" pin="3"/>
      <node ref="BP4" pin="1"/>
      <node ref="BP3" pin="2"/>
    </net>
    <net code="29" name="Net-(C2-Pad1)">
      <node ref="U3" pin="2"/>
      <node ref="R13" pin="2"/>
      <node ref="R15" pin="2"/>
      <node ref="C2" pin="1"/>
    </net>
    <net code="30" name="+15V">
      <node ref="J11" pin="4"/>
      <node ref="R13" pin="1"/>
      <node ref="U2" pin="4"/>
      <node ref="C3" pin="1"/>
      <node ref="BP3" pin="1"/>
      <node ref="J10" pin="4"/>
      <node ref="BP1" pin="1"/>
    </net>
    <net code="31" name="Net-(J9-Pad3)">
      <node ref="R18" pin="1"/>
      <node ref="J9" pin="3"/>
      <node ref="R19" pin="1"/>
    </net>
    <net code="32" name="Net-(C4-Pad1)">
      <node ref="C4" pin="1"/>
      <node ref="U2" pin="7"/>
      <node ref="R19" pin="2"/>
    </net>
    <net code="33" name="Net-(C4-Pad2)">
      <node ref="R18" pin="2"/>
      <node ref="U2" pin="6"/>
      <node ref="C4" pin="2"/>
      <node ref="R17" pin="1"/>
      <node ref="J9" pin="2"/>
    </net>
    <net code="34" name="Net-(R14-Pad1)">
      <node ref="U2" pin="1"/>
      <node ref="R17" pin="2"/>
      <node ref="R14" pin="1"/>
    </net>
    <net code="35" name="Net-(J9-Pad1)">
      <node ref="J9" pin="1"/>
      <node ref="R14" pin="2"/>
      <node ref="U2" pin="2"/>
    </net>
    <net code="36" name="-15V">
      <node ref="J10" pin="1"/>
      <node ref="BP2" pin="2"/>
      <node ref="J11" pin="1"/>
      <node ref="BP4" pin="2"/>
      <node ref="U2" pin="11"/>
      <node ref="C3" pin="2"/>
    </net>
    <net code="37" name="Net-(R20-Pad1)">
      <node ref="U2" pin="9"/>
      <node ref="R21" pin="2"/>
      <node ref="R20" pin="1"/>
    </net>
    <net code="38" name="Net-(C5-Pad2)">
      <node ref="U2" pin="13"/>
      <node ref="R22" pin="1"/>
      <node ref="C5" pin="2"/>
      <node ref="R23" pin="2"/>
    </net>
    <net code="39" name="Net-(R21-Pad1)">
      <node ref="U2" pin="8"/>
      <node ref="R22" pin="2"/>
      <node ref="R21" pin="1"/>
    </net>
    <net code="40" name="Net-(J9-Pad4)">
      <node ref="R23" pin="1"/>
      <node ref="R24" pin="1"/>
      <node ref="J9" pin="4"/>
    </net>
    <net code="41" name="Net-(C5-Pad1)">
      <node ref="R24" pin="2"/>
      <node ref="C5" pin="1"/>
      <node ref="U2" pin="14"/>
    </net>
  </nets>
</export>
