<?xml version="1.0" encoding="UTF-8"?>
<export version="D">
  <design>
    <source>/Users/usb/Desktop/Kicad/ring/ring.sch</source>
    <date>Friday, October 29, 2021 at 07:07:14 PM</date>
    <tool>Eeschema (5.1.2-1)-1</tool>
    <sheet number="1" name="/" tstamps="/">
      <title_block>
        <title>ring modulators</title>
        <company/>
        <rev>v01</rev>
        <date>2021</date>
        <source>ring.sch</source>
        <comment number="1" value=""/>
        <comment number="2" value=""/>
        <comment number="3" value="banana remix : matt hartman"/>
        <comment number="4" value="copyright : yves usson"/>
      </title_block>
    </sheet>
  </design>
  <components>
    <comp ref="C5">
      <value>100n</value>
      <footprint>Capacitor_SMD:C_0805_2012Metric_Pad1.15x1.40mm_HandSolder</footprint>
      <datasheet>~</datasheet>
      <libsource lib="Device" part="C" description="Unpolarized capacitor"/>
      <sheetpath names="/" tstamps="/"/>
      <tstamp>618E35CA</tstamp>
    </comp>
    <comp ref="U2">
      <value>TL072</value>
      <footprint>Package_SO:SOIC-8_3.9x4.9mm_P1.27mm</footprint>
      <datasheet>http://www.ti.com/lit/ds/symlink/tl071.pdf</datasheet>
      <libsource lib="Amplifier_Operational" part="TL072" description="Dual Low-Noise JFET-Input Operational Amplifiers, DIP-8/SOIC-8"/>
      <sheetpath names="/" tstamps="/"/>
      <tstamp>618D911B</tstamp>
    </comp>
    <comp ref="R24">
      <value>470R</value>
      <footprint>Resistor_SMD:R_0805_2012Metric_Pad1.15x1.40mm_HandSolder</footprint>
      <datasheet>~</datasheet>
      <libsource lib="Device" part="R" description="Resistor"/>
      <sheetpath names="/" tstamps="/"/>
      <tstamp>618D3CEE</tstamp>
    </comp>
    <comp ref="R23">
      <value>68k</value>
      <footprint>Resistor_SMD:R_0805_2012Metric_Pad1.15x1.40mm_HandSolder</footprint>
      <datasheet>~</datasheet>
      <libsource lib="Device" part="R" description="Resistor"/>
      <sheetpath names="/" tstamps="/"/>
      <tstamp>618BE678</tstamp>
    </comp>
    <comp ref="R22">
      <value>10k</value>
      <footprint>Resistor_SMD:R_0805_2012Metric_Pad1.15x1.40mm_HandSolder</footprint>
      <datasheet>~</datasheet>
      <libsource lib="Device" part="R" description="Resistor"/>
      <sheetpath names="/" tstamps="/"/>
      <tstamp>618B59F9</tstamp>
    </comp>
    <comp ref="R20">
      <value>15k</value>
      <footprint>Resistor_SMD:R_0805_2012Metric_Pad1.15x1.40mm_HandSolder</footprint>
      <datasheet>~</datasheet>
      <libsource lib="Device" part="R" description="Resistor"/>
      <sheetpath names="/" tstamps="/"/>
      <tstamp>6189FEF7</tstamp>
    </comp>
    <comp ref="R21">
      <value>15k</value>
      <footprint>Resistor_SMD:R_0805_2012Metric_Pad1.15x1.40mm_HandSolder</footprint>
      <datasheet>~</datasheet>
      <libsource lib="Device" part="R" description="Resistor"/>
      <sheetpath names="/" tstamps="/"/>
      <tstamp>61893BA5</tstamp>
    </comp>
    <comp ref="R11">
      <value>15k</value>
      <footprint>Resistor_SMD:R_0805_2012Metric_Pad1.15x1.40mm_HandSolder</footprint>
      <datasheet>~</datasheet>
      <libsource lib="Device" part="R" description="Resistor"/>
      <sheetpath names="/" tstamps="/"/>
      <tstamp>6188CD5E</tstamp>
    </comp>
    <comp ref="R19">
      <value>15k</value>
      <footprint>Resistor_SMD:R_0805_2012Metric_Pad1.15x1.40mm_HandSolder</footprint>
      <datasheet>~</datasheet>
      <libsource lib="Device" part="R" description="Resistor"/>
      <sheetpath names="/" tstamps="/"/>
      <tstamp>6188BF00</tstamp>
    </comp>
    <comp ref="R18">
      <value>1k2</value>
      <footprint>Resistor_SMD:R_0805_2012Metric_Pad1.15x1.40mm_HandSolder</footprint>
      <datasheet>~</datasheet>
      <libsource lib="Device" part="R" description="Resistor"/>
      <sheetpath names="/" tstamps="/"/>
      <tstamp>61871C98</tstamp>
    </comp>
    <comp ref="R16">
      <value>6k8</value>
      <footprint>Resistor_SMD:R_0805_2012Metric_Pad1.15x1.40mm_HandSolder</footprint>
      <datasheet>~</datasheet>
      <libsource lib="Device" part="R" description="Resistor"/>
      <sheetpath names="/" tstamps="/"/>
      <tstamp>61877530</tstamp>
    </comp>
    <comp ref="R17">
      <value>1k2</value>
      <footprint>Resistor_SMD:R_0805_2012Metric_Pad1.15x1.40mm_HandSolder</footprint>
      <datasheet>~</datasheet>
      <libsource lib="Device" part="R" description="Resistor"/>
      <sheetpath names="/" tstamps="/"/>
      <tstamp>61871357</tstamp>
    </comp>
    <comp ref="R10">
      <value>180k</value>
      <footprint>Resistor_SMD:R_0805_2012Metric_Pad1.15x1.40mm_HandSolder</footprint>
      <datasheet>~</datasheet>
      <libsource lib="Device" part="R" description="Resistor"/>
      <sheetpath names="/" tstamps="/"/>
      <tstamp>61852334</tstamp>
    </comp>
    <comp ref="R15">
      <value>2k7</value>
      <footprint>Resistor_SMD:R_0805_2012Metric_Pad1.15x1.40mm_HandSolder</footprint>
      <datasheet>~</datasheet>
      <libsource lib="Device" part="R" description="Resistor"/>
      <sheetpath names="/" tstamps="/"/>
      <tstamp>61846773</tstamp>
    </comp>
    <comp ref="R13">
      <value>2k7</value>
      <footprint>Resistor_SMD:R_0805_2012Metric_Pad1.15x1.40mm_HandSolder</footprint>
      <datasheet>~</datasheet>
      <libsource lib="Device" part="R" description="Resistor"/>
      <sheetpath names="/" tstamps="/"/>
      <tstamp>6183FD7C</tstamp>
    </comp>
    <comp ref="R12">
      <value>6k8</value>
      <footprint>Resistor_SMD:R_0805_2012Metric_Pad1.15x1.40mm_HandSolder</footprint>
      <datasheet>~</datasheet>
      <libsource lib="Device" part="R" description="Resistor"/>
      <sheetpath names="/" tstamps="/"/>
      <tstamp>6183EB2F</tstamp>
    </comp>
    <comp ref="T2">
      <value>220R</value>
      <footprint>Potentiometer_THT:Potentiometer_Bourns_3296W_Vertical</footprint>
      <datasheet>~</datasheet>
      <libsource lib="Device" part="R_POT_TRIM" description="Trim-potentiometer"/>
      <sheetpath names="/" tstamps="/"/>
      <tstamp>6183D0D4</tstamp>
    </comp>
    <comp ref="R14">
      <value>6k8</value>
      <footprint>Resistor_SMD:R_0805_2012Metric_Pad1.15x1.40mm_HandSolder</footprint>
      <datasheet>~</datasheet>
      <libsource lib="Device" part="R" description="Resistor"/>
      <sheetpath names="/" tstamps="/"/>
      <tstamp>6183BF91</tstamp>
    </comp>
    <comp ref="C3">
      <value>100u</value>
      <footprint>Capacitor_THT:CP_Radial_D6.3mm_P2.50mm</footprint>
      <datasheet>~</datasheet>
      <libsource lib="Device" part="CP" description="Polarized capacitor"/>
      <sheetpath names="/" tstamps="/"/>
      <tstamp>6182827B</tstamp>
    </comp>
    <comp ref="R8">
      <value>1k5</value>
      <footprint>Resistor_SMD:R_0805_2012Metric_Pad1.15x1.40mm_HandSolder</footprint>
      <datasheet>~</datasheet>
      <libsource lib="Device" part="R" description="Resistor"/>
      <sheetpath names="/" tstamps="/"/>
      <tstamp>61827929</tstamp>
    </comp>
    <comp ref="R9">
      <value>1k5</value>
      <footprint>Resistor_SMD:R_0805_2012Metric_Pad1.15x1.40mm_HandSolder</footprint>
      <datasheet>~</datasheet>
      <libsource lib="Device" part="R" description="Resistor"/>
      <sheetpath names="/" tstamps="/"/>
      <tstamp>61816FE1</tstamp>
    </comp>
    <comp ref="R7">
      <value>12k</value>
      <footprint>Resistor_SMD:R_0805_2012Metric_Pad1.15x1.40mm_HandSolder</footprint>
      <datasheet>~</datasheet>
      <libsource lib="Device" part="R" description="Resistor"/>
      <sheetpath names="/" tstamps="/"/>
      <tstamp>618128D2</tstamp>
    </comp>
    <comp ref="T1">
      <value>500R</value>
      <footprint>Potentiometer_THT:Potentiometer_Bourns_3296W_Vertical</footprint>
      <datasheet>~</datasheet>
      <libsource lib="Device" part="R_POT_TRIM" description="Trim-potentiometer"/>
      <sheetpath names="/" tstamps="/"/>
      <tstamp>618106C9</tstamp>
    </comp>
    <comp ref="R4">
      <value>12K</value>
      <footprint>Resistor_SMD:R_0805_2012Metric_Pad1.15x1.40mm_HandSolder</footprint>
      <datasheet>~</datasheet>
      <libsource lib="Device" part="R" description="Resistor"/>
      <sheetpath names="/" tstamps="/"/>
      <tstamp>6180FE76</tstamp>
    </comp>
    <comp ref="U1">
      <value>MC1496</value>
      <footprint>Package_SO:SOIC-14_3.9x8.7mm_P1.27mm</footprint>
      <libsource lib="ring" part="MC1496" description=""/>
      <sheetpath names="/" tstamps="/"/>
      <tstamp>6180703B</tstamp>
    </comp>
    <comp ref="R6">
      <value>2k7</value>
      <footprint>Resistor_SMD:R_0805_2012Metric_Pad1.15x1.40mm_HandSolder</footprint>
      <datasheet>~</datasheet>
      <libsource lib="Device" part="R" description="Resistor"/>
      <sheetpath names="/" tstamps="/"/>
      <tstamp>617FEEE4</tstamp>
    </comp>
    <comp ref="R5">
      <value>2k7</value>
      <footprint>Resistor_SMD:R_0805_2012Metric_Pad1.15x1.40mm_HandSolder</footprint>
      <datasheet>~</datasheet>
      <libsource lib="Device" part="R" description="Resistor"/>
      <sheetpath names="/" tstamps="/"/>
      <tstamp>617FD82F</tstamp>
    </comp>
    <comp ref="R3">
      <value>180k</value>
      <footprint>Resistor_SMD:R_0805_2012Metric_Pad1.15x1.40mm_HandSolder</footprint>
      <datasheet>~</datasheet>
      <libsource lib="Device" part="R" description="Resistor"/>
      <sheetpath names="/" tstamps="/"/>
      <tstamp>617FD1FD</tstamp>
    </comp>
    <comp ref="J1">
      <value>1B</value>
      <footprint>Connector_PinHeader_2.54mm:PinHeader_1x04_P2.54mm_Vertical</footprint>
      <datasheet>~</datasheet>
      <libsource lib="Connector" part="Conn_01x04_Male" description="Generic connector, single row, 01x04, script generated (kicad-library-utils/schlib/autogen/connector/)"/>
      <sheetpath names="/" tstamps="/"/>
      <tstamp>617FB077</tstamp>
    </comp>
    <comp ref="J3">
      <value>2A</value>
      <footprint>Connector_PinSocket_2.54mm:PinSocket_1x04_P2.54mm_Vertical</footprint>
      <datasheet>~</datasheet>
      <libsource lib="Connector" part="Conn_01x04_Female" description="Generic connector, single row, 01x04, script generated (kicad-library-utils/schlib/autogen/connector/)"/>
      <sheetpath names="/" tstamps="/"/>
      <tstamp>617D0A9E</tstamp>
    </comp>
    <comp ref="C12">
      <value>1u</value>
      <footprint>Capacitor_THT:C_Rect_L7.2mm_W5.5mm_P5.00mm_FKS2_FKP2_MKS2_MKP2</footprint>
      <datasheet>~</datasheet>
      <libsource lib="Device" part="C" description="Unpolarized capacitor"/>
      <sheetpath names="/" tstamps="/"/>
      <tstamp>617D0A90</tstamp>
    </comp>
    <comp ref="JK12">
      <value>AC CxD</value>
      <footprint>Footprints2:BananaFoFanna4</footprint>
      <datasheet>~</datasheet>
      <libsource lib="Connector" part="Conn_01x01_Female" description="Generic connector, single row, 01x01, script generated (kicad-library-utils/schlib/autogen/connector/)"/>
      <sheetpath names="/" tstamps="/"/>
      <tstamp>617D0A86</tstamp>
    </comp>
    <comp ref="JK11">
      <value>DC CxD</value>
      <footprint>Footprints2:BananaFoFanna4</footprint>
      <datasheet>~</datasheet>
      <libsource lib="Connector" part="Conn_01x01_Female" description="Generic connector, single row, 01x01, script generated (kicad-library-utils/schlib/autogen/connector/)"/>
      <sheetpath names="/" tstamps="/"/>
      <tstamp>617D0A7C</tstamp>
    </comp>
    <comp ref="C10">
      <value>1u</value>
      <footprint>Capacitor_THT:C_Rect_L7.2mm_W5.5mm_P5.00mm_FKS2_FKP2_MKS2_MKP2</footprint>
      <datasheet>~</datasheet>
      <libsource lib="Device" part="C" description="Unpolarized capacitor"/>
      <sheetpath names="/" tstamps="/"/>
      <tstamp>617D0A6E</tstamp>
    </comp>
    <comp ref="JK10">
      <value>AC D</value>
      <footprint>Footprints2:BananaFoFanna4</footprint>
      <datasheet>~</datasheet>
      <libsource lib="Connector" part="Conn_01x01_Female" description="Generic connector, single row, 01x01, script generated (kicad-library-utils/schlib/autogen/connector/)"/>
      <sheetpath names="/" tstamps="/"/>
      <tstamp>617D0A64</tstamp>
    </comp>
    <comp ref="JK9">
      <value>DC D</value>
      <footprint>Footprints2:BananaFoFanna4</footprint>
      <datasheet>~</datasheet>
      <libsource lib="Connector" part="Conn_01x01_Female" description="Generic connector, single row, 01x01, script generated (kicad-library-utils/schlib/autogen/connector/)"/>
      <sheetpath names="/" tstamps="/"/>
      <tstamp>617D0A5A</tstamp>
    </comp>
    <comp ref="C11">
      <value>1u</value>
      <footprint>Capacitor_THT:C_Rect_L7.2mm_W5.5mm_P5.00mm_FKS2_FKP2_MKS2_MKP2</footprint>
      <datasheet>~</datasheet>
      <libsource lib="Device" part="C" description="Unpolarized capacitor"/>
      <sheetpath names="/" tstamps="/"/>
      <tstamp>617D0A4C</tstamp>
    </comp>
    <comp ref="JK8">
      <value>AC C</value>
      <footprint>Footprints2:BananaFoFanna4</footprint>
      <datasheet>~</datasheet>
      <libsource lib="Connector" part="Conn_01x01_Female" description="Generic connector, single row, 01x01, script generated (kicad-library-utils/schlib/autogen/connector/)"/>
      <sheetpath names="/" tstamps="/"/>
      <tstamp>617D0A42</tstamp>
    </comp>
    <comp ref="JK7">
      <value>DC C</value>
      <footprint>Footprints2:BananaFoFanna4</footprint>
      <datasheet>~</datasheet>
      <libsource lib="Connector" part="Conn_01x01_Female" description="Generic connector, single row, 01x01, script generated (kicad-library-utils/schlib/autogen/connector/)"/>
      <sheetpath names="/" tstamps="/"/>
      <tstamp>617D0A38</tstamp>
    </comp>
    <comp ref="J9">
      <value>0V</value>
      <footprint>Connector_PinHeader_2.54mm:PinHeader_1x01_P2.54mm_Vertical</footprint>
      <datasheet>~</datasheet>
      <libsource lib="Connector" part="Conn_01x01_Female" description="Generic connector, single row, 01x01, script generated (kicad-library-utils/schlib/autogen/connector/)"/>
      <sheetpath names="/" tstamps="/"/>
      <tstamp>617E3C02</tstamp>
    </comp>
    <comp ref="J8">
      <value>0V</value>
      <footprint>Connector_PinHeader_2.54mm:PinHeader_1x01_P2.54mm_Vertical</footprint>
      <datasheet>~</datasheet>
      <libsource lib="Connector" part="Conn_01x01_Female" description="Generic connector, single row, 01x01, script generated (kicad-library-utils/schlib/autogen/connector/)"/>
      <sheetpath names="/" tstamps="/"/>
      <tstamp>617E378E</tstamp>
    </comp>
    <comp ref="J7">
      <value>0V</value>
      <footprint>Connector_PinHeader_2.54mm:PinHeader_1x01_P2.54mm_Vertical</footprint>
      <datasheet>~</datasheet>
      <libsource lib="Connector" part="Conn_01x01_Female" description="Generic connector, single row, 01x01, script generated (kicad-library-utils/schlib/autogen/connector/)"/>
      <sheetpath names="/" tstamps="/"/>
      <tstamp>617E3104</tstamp>
    </comp>
    <comp ref="J6">
      <value>0V</value>
      <footprint>Connector_PinHeader_2.54mm:PinHeader_1x01_P2.54mm_Vertical</footprint>
      <datasheet>~</datasheet>
      <libsource lib="Connector" part="Conn_01x01_Female" description="Generic connector, single row, 01x01, script generated (kicad-library-utils/schlib/autogen/connector/)"/>
      <sheetpath names="/" tstamps="/"/>
      <tstamp>617E2806</tstamp>
    </comp>
    <comp ref="J5">
      <value>0V</value>
      <footprint>Connector_PinHeader_2.54mm:PinHeader_1x01_P2.54mm_Vertical</footprint>
      <datasheet>~</datasheet>
      <libsource lib="Connector" part="Conn_01x01_Female" description="Generic connector, single row, 01x01, script generated (kicad-library-utils/schlib/autogen/connector/)"/>
      <sheetpath names="/" tstamps="/"/>
      <tstamp>617E215B</tstamp>
    </comp>
    <comp ref="J4">
      <value>0V</value>
      <footprint>Connector_PinHeader_2.54mm:PinHeader_1x01_P2.54mm_Vertical</footprint>
      <datasheet>~</datasheet>
      <libsource lib="Connector" part="Conn_01x01_Female" description="Generic connector, single row, 01x01, script generated (kicad-library-utils/schlib/autogen/connector/)"/>
      <sheetpath names="/" tstamps="/"/>
      <tstamp>617E14BE</tstamp>
    </comp>
    <comp ref="J2">
      <value>1A</value>
      <footprint>Connector_PinSocket_2.54mm:PinSocket_1x04_P2.54mm_Vertical</footprint>
      <datasheet>~</datasheet>
      <libsource lib="Connector" part="Conn_01x04_Female" description="Generic connector, single row, 01x04, script generated (kicad-library-utils/schlib/autogen/connector/)"/>
      <sheetpath names="/" tstamps="/"/>
      <tstamp>617C9EBE</tstamp>
    </comp>
    <comp ref="C9">
      <value>1u</value>
      <footprint>Capacitor_THT:C_Rect_L7.2mm_W5.5mm_P5.00mm_FKS2_FKP2_MKS2_MKP2</footprint>
      <datasheet>~</datasheet>
      <libsource lib="Device" part="C" description="Unpolarized capacitor"/>
      <sheetpath names="/" tstamps="/"/>
      <tstamp>617C721C</tstamp>
    </comp>
    <comp ref="JK6">
      <value>AC AxB</value>
      <footprint>Footprints2:BananaFoFanna4</footprint>
      <datasheet>~</datasheet>
      <libsource lib="Connector" part="Conn_01x01_Female" description="Generic connector, single row, 01x01, script generated (kicad-library-utils/schlib/autogen/connector/)"/>
      <sheetpath names="/" tstamps="/"/>
      <tstamp>617C7212</tstamp>
    </comp>
    <comp ref="JK5">
      <value>DC AxB</value>
      <footprint>Footprints2:BananaFoFanna4</footprint>
      <datasheet>~</datasheet>
      <libsource lib="Connector" part="Conn_01x01_Female" description="Generic connector, single row, 01x01, script generated (kicad-library-utils/schlib/autogen/connector/)"/>
      <sheetpath names="/" tstamps="/"/>
      <tstamp>617C7208</tstamp>
    </comp>
    <comp ref="C8">
      <value>1u</value>
      <footprint>Capacitor_THT:C_Rect_L7.2mm_W5.5mm_P5.00mm_FKS2_FKP2_MKS2_MKP2</footprint>
      <datasheet>~</datasheet>
      <libsource lib="Device" part="C" description="Unpolarized capacitor"/>
      <sheetpath names="/" tstamps="/"/>
      <tstamp>617C7034</tstamp>
    </comp>
    <comp ref="JK4">
      <value>AC B</value>
      <footprint>Footprints2:BananaFoFanna4</footprint>
      <datasheet>~</datasheet>
      <libsource lib="Connector" part="Conn_01x01_Female" description="Generic connector, single row, 01x01, script generated (kicad-library-utils/schlib/autogen/connector/)"/>
      <sheetpath names="/" tstamps="/"/>
      <tstamp>617C702E</tstamp>
    </comp>
    <comp ref="JK3">
      <value>DC B</value>
      <footprint>Footprints2:BananaFoFanna4</footprint>
      <datasheet>~</datasheet>
      <libsource lib="Connector" part="Conn_01x01_Female" description="Generic connector, single row, 01x01, script generated (kicad-library-utils/schlib/autogen/connector/)"/>
      <sheetpath names="/" tstamps="/"/>
      <tstamp>617C7028</tstamp>
    </comp>
    <comp ref="C7">
      <value>1u</value>
      <footprint>Capacitor_THT:C_Rect_L7.2mm_W5.5mm_P5.00mm_FKS2_FKP2_MKS2_MKP2</footprint>
      <datasheet>~</datasheet>
      <libsource lib="Device" part="C" description="Unpolarized capacitor"/>
      <sheetpath names="/" tstamps="/"/>
      <tstamp>617C2E32</tstamp>
    </comp>
    <comp ref="JK2">
      <value>AC A</value>
      <footprint>Footprints2:BananaFoFanna4</footprint>
      <datasheet>~</datasheet>
      <libsource lib="Connector" part="Conn_01x01_Female" description="Generic connector, single row, 01x01, script generated (kicad-library-utils/schlib/autogen/connector/)"/>
      <sheetpath names="/" tstamps="/"/>
      <tstamp>617C2657</tstamp>
    </comp>
    <comp ref="JK1">
      <value>DC A</value>
      <footprint>Footprints2:BananaFoFanna4</footprint>
      <datasheet>~</datasheet>
      <libsource lib="Connector" part="Conn_01x01_Female" description="Generic connector, single row, 01x01, script generated (kicad-library-utils/schlib/autogen/connector/)"/>
      <sheetpath names="/" tstamps="/"/>
      <tstamp>617C1E49</tstamp>
    </comp>
    <comp ref="C6">
      <value>100n</value>
      <footprint>Capacitor_SMD:C_0805_2012Metric_Pad1.15x1.40mm_HandSolder</footprint>
      <datasheet>~</datasheet>
      <libsource lib="Device" part="C" description="Unpolarized capacitor"/>
      <sheetpath names="/" tstamps="/"/>
      <tstamp>61B29D95</tstamp>
    </comp>
    <comp ref="U4">
      <value>TL072</value>
      <footprint>Package_SO:SOIC-8_3.9x4.9mm_P1.27mm</footprint>
      <datasheet>http://www.ti.com/lit/ds/symlink/tl071.pdf</datasheet>
      <libsource lib="Amplifier_Operational" part="TL072" description="Dual Low-Noise JFET-Input Operational Amplifiers, DIP-8/SOIC-8"/>
      <sheetpath names="/" tstamps="/"/>
      <tstamp>61B29D9F</tstamp>
    </comp>
    <comp ref="R46">
      <value>470R</value>
      <footprint>Resistor_SMD:R_0805_2012Metric_Pad1.15x1.40mm_HandSolder</footprint>
      <datasheet>~</datasheet>
      <libsource lib="Device" part="R" description="Resistor"/>
      <sheetpath names="/" tstamps="/"/>
      <tstamp>61B29DAB</tstamp>
    </comp>
    <comp ref="R45">
      <value>68k</value>
      <footprint>Resistor_SMD:R_0805_2012Metric_Pad1.15x1.40mm_HandSolder</footprint>
      <datasheet>~</datasheet>
      <libsource lib="Device" part="R" description="Resistor"/>
      <sheetpath names="/" tstamps="/"/>
      <tstamp>61B29DC1</tstamp>
    </comp>
    <comp ref="R44">
      <value>10k</value>
      <footprint>Resistor_SMD:R_0805_2012Metric_Pad1.15x1.40mm_HandSolder</footprint>
      <datasheet>~</datasheet>
      <libsource lib="Device" part="R" description="Resistor"/>
      <sheetpath names="/" tstamps="/"/>
      <tstamp>61B29DDF</tstamp>
    </comp>
    <comp ref="R42">
      <value>15k</value>
      <footprint>Resistor_SMD:R_0805_2012Metric_Pad1.15x1.40mm_HandSolder</footprint>
      <datasheet>~</datasheet>
      <libsource lib="Device" part="R" description="Resistor"/>
      <sheetpath names="/" tstamps="/"/>
      <tstamp>61B29DF7</tstamp>
    </comp>
    <comp ref="R43">
      <value>15k</value>
      <footprint>Resistor_SMD:R_0805_2012Metric_Pad1.15x1.40mm_HandSolder</footprint>
      <datasheet>~</datasheet>
      <libsource lib="Device" part="R" description="Resistor"/>
      <sheetpath names="/" tstamps="/"/>
      <tstamp>61B29E15</tstamp>
    </comp>
    <comp ref="R33">
      <value>15k</value>
      <footprint>Resistor_SMD:R_0805_2012Metric_Pad1.15x1.40mm_HandSolder</footprint>
      <datasheet>~</datasheet>
      <libsource lib="Device" part="R" description="Resistor"/>
      <sheetpath names="/" tstamps="/"/>
      <tstamp>61B29E23</tstamp>
    </comp>
    <comp ref="R41">
      <value>15k</value>
      <footprint>Resistor_SMD:R_0805_2012Metric_Pad1.15x1.40mm_HandSolder</footprint>
      <datasheet>~</datasheet>
      <libsource lib="Device" part="R" description="Resistor"/>
      <sheetpath names="/" tstamps="/"/>
      <tstamp>61B29E2D</tstamp>
    </comp>
    <comp ref="R40">
      <value>1k2</value>
      <footprint>Resistor_SMD:R_0805_2012Metric_Pad1.15x1.40mm_HandSolder</footprint>
      <datasheet>~</datasheet>
      <libsource lib="Device" part="R" description="Resistor"/>
      <sheetpath names="/" tstamps="/"/>
      <tstamp>61B29E3F</tstamp>
    </comp>
    <comp ref="R38">
      <value>6k8</value>
      <footprint>Resistor_SMD:R_0805_2012Metric_Pad1.15x1.40mm_HandSolder</footprint>
      <datasheet>~</datasheet>
      <libsource lib="Device" part="R" description="Resistor"/>
      <sheetpath names="/" tstamps="/"/>
      <tstamp>61B29E60</tstamp>
    </comp>
    <comp ref="R39">
      <value>1k2</value>
      <footprint>Resistor_SMD:R_0805_2012Metric_Pad1.15x1.40mm_HandSolder</footprint>
      <datasheet>~</datasheet>
      <libsource lib="Device" part="R" description="Resistor"/>
      <sheetpath names="/" tstamps="/"/>
      <tstamp>61B29E6C</tstamp>
    </comp>
    <comp ref="R32">
      <value>180k</value>
      <footprint>Resistor_SMD:R_0805_2012Metric_Pad1.15x1.40mm_HandSolder</footprint>
      <datasheet>~</datasheet>
      <libsource lib="Device" part="R" description="Resistor"/>
      <sheetpath names="/" tstamps="/"/>
      <tstamp>61B29E82</tstamp>
    </comp>
    <comp ref="R37">
      <value>2k7</value>
      <footprint>Resistor_SMD:R_0805_2012Metric_Pad1.15x1.40mm_HandSolder</footprint>
      <datasheet>~</datasheet>
      <libsource lib="Device" part="R" description="Resistor"/>
      <sheetpath names="/" tstamps="/"/>
      <tstamp>61B29EA5</tstamp>
    </comp>
    <comp ref="R35">
      <value>2k7</value>
      <footprint>Resistor_SMD:R_0805_2012Metric_Pad1.15x1.40mm_HandSolder</footprint>
      <datasheet>~</datasheet>
      <libsource lib="Device" part="R" description="Resistor"/>
      <sheetpath names="/" tstamps="/"/>
      <tstamp>61B29EB9</tstamp>
    </comp>
    <comp ref="R34">
      <value>6k8</value>
      <footprint>Resistor_SMD:R_0805_2012Metric_Pad1.15x1.40mm_HandSolder</footprint>
      <datasheet>~</datasheet>
      <libsource lib="Device" part="R" description="Resistor"/>
      <sheetpath names="/" tstamps="/"/>
      <tstamp>61B29ECD</tstamp>
    </comp>
    <comp ref="T4">
      <value>220R</value>
      <footprint>Potentiometer_THT:Potentiometer_Bourns_3296W_Vertical</footprint>
      <datasheet>~</datasheet>
      <libsource lib="Device" part="R_POT_TRIM" description="Trim-potentiometer"/>
      <sheetpath names="/" tstamps="/"/>
      <tstamp>61B29ED7</tstamp>
    </comp>
    <comp ref="R36">
      <value>6k8</value>
      <footprint>Resistor_SMD:R_0805_2012Metric_Pad1.15x1.40mm_HandSolder</footprint>
      <datasheet>~</datasheet>
      <libsource lib="Device" part="R" description="Resistor"/>
      <sheetpath names="/" tstamps="/"/>
      <tstamp>61B29EE1</tstamp>
    </comp>
    <comp ref="C4">
      <value>100u</value>
      <footprint>Capacitor_THT:CP_Radial_D6.3mm_P2.50mm</footprint>
      <datasheet>~</datasheet>
      <libsource lib="Device" part="CP" description="Polarized capacitor"/>
      <sheetpath names="/" tstamps="/"/>
      <tstamp>61B29F05</tstamp>
    </comp>
    <comp ref="R30">
      <value>1k5</value>
      <footprint>Resistor_SMD:R_0805_2012Metric_Pad1.15x1.40mm_HandSolder</footprint>
      <datasheet>~</datasheet>
      <libsource lib="Device" part="R" description="Resistor"/>
      <sheetpath names="/" tstamps="/"/>
      <tstamp>61B29F0F</tstamp>
    </comp>
    <comp ref="R31">
      <value>1k5</value>
      <footprint>Resistor_SMD:R_0805_2012Metric_Pad1.15x1.40mm_HandSolder</footprint>
      <datasheet>~</datasheet>
      <libsource lib="Device" part="R" description="Resistor"/>
      <sheetpath names="/" tstamps="/"/>
      <tstamp>61B29F2E</tstamp>
    </comp>
    <comp ref="R29">
      <value>12k</value>
      <footprint>Resistor_SMD:R_0805_2012Metric_Pad1.15x1.40mm_HandSolder</footprint>
      <datasheet>~</datasheet>
      <libsource lib="Device" part="R" description="Resistor"/>
      <sheetpath names="/" tstamps="/"/>
      <tstamp>61B29F38</tstamp>
    </comp>
    <comp ref="T3">
      <value>500R</value>
      <footprint>Potentiometer_THT:Potentiometer_Bourns_3296W_Vertical</footprint>
      <datasheet>~</datasheet>
      <libsource lib="Device" part="R_POT_TRIM" description="Trim-potentiometer"/>
      <sheetpath names="/" tstamps="/"/>
      <tstamp>61B29F42</tstamp>
    </comp>
    <comp ref="R26">
      <value>12K</value>
      <footprint>Resistor_SMD:R_0805_2012Metric_Pad1.15x1.40mm_HandSolder</footprint>
      <datasheet>~</datasheet>
      <libsource lib="Device" part="R" description="Resistor"/>
      <sheetpath names="/" tstamps="/"/>
      <tstamp>61B29F4C</tstamp>
    </comp>
    <comp ref="U3">
      <value>MC1496</value>
      <footprint>Package_SO:SOIC-14_3.9x8.7mm_P1.27mm</footprint>
      <libsource lib="ring" part="MC1496" description=""/>
      <sheetpath names="/" tstamps="/"/>
      <tstamp>61B29F5D</tstamp>
    </comp>
    <comp ref="R28">
      <value>2k7</value>
      <footprint>Resistor_SMD:R_0805_2012Metric_Pad1.15x1.40mm_HandSolder</footprint>
      <datasheet>~</datasheet>
      <libsource lib="Device" part="R" description="Resistor"/>
      <sheetpath names="/" tstamps="/"/>
      <tstamp>61B29F67</tstamp>
    </comp>
    <comp ref="R27">
      <value>2k7</value>
      <footprint>Resistor_SMD:R_0805_2012Metric_Pad1.15x1.40mm_HandSolder</footprint>
      <datasheet>~</datasheet>
      <libsource lib="Device" part="R" description="Resistor"/>
      <sheetpath names="/" tstamps="/"/>
      <tstamp>61B29F71</tstamp>
    </comp>
    <comp ref="R25">
      <value>180k</value>
      <footprint>Resistor_SMD:R_0805_2012Metric_Pad1.15x1.40mm_HandSolder</footprint>
      <datasheet>~</datasheet>
      <libsource lib="Device" part="R" description="Resistor"/>
      <sheetpath names="/" tstamps="/"/>
      <tstamp>61B29F7B</tstamp>
    </comp>
    <comp ref="J11">
      <value>2B</value>
      <footprint>Connector_PinHeader_2.54mm:PinHeader_1x04_P2.54mm_Vertical</footprint>
      <datasheet>~</datasheet>
      <libsource lib="Connector" part="Conn_01x04_Male" description="Generic connector, single row, 01x04, script generated (kicad-library-utils/schlib/autogen/connector/)"/>
      <sheetpath names="/" tstamps="/"/>
      <tstamp>61B29F85</tstamp>
    </comp>
    <comp ref="J10">
      <value>POWER</value>
      <footprint>TerminalBlock_TE-Connectivity:TerminalBlock_TE_282834-4_1x04_P2.54mm_Horizontal</footprint>
      <datasheet>~</datasheet>
      <libsource lib="Connector" part="Conn_01x04_Male" description="Generic connector, single row, 01x04, script generated (kicad-library-utils/schlib/autogen/connector/)"/>
      <sheetpath names="/" tstamps="/"/>
      <tstamp>61E3B6FF</tstamp>
    </comp>
    <comp ref="R1">
      <value>10R</value>
      <footprint>Resistor_THT:R_Axial_DIN0207_L6.3mm_D2.5mm_P10.16mm_Horizontal</footprint>
      <datasheet>~</datasheet>
      <libsource lib="Device" part="R" description="Resistor"/>
      <sheetpath names="/" tstamps="/"/>
      <tstamp>61E3CE92</tstamp>
    </comp>
    <comp ref="R2">
      <value>10R</value>
      <footprint>Resistor_THT:R_Axial_DIN0207_L6.3mm_D2.5mm_P10.16mm_Horizontal</footprint>
      <datasheet>~</datasheet>
      <libsource lib="Device" part="R" description="Resistor"/>
      <sheetpath names="/" tstamps="/"/>
      <tstamp>61E3E650</tstamp>
    </comp>
    <comp ref="C1">
      <value>22u</value>
      <footprint>Capacitor_THT:CP_Radial_D6.3mm_P2.50mm</footprint>
      <datasheet>~</datasheet>
      <libsource lib="Device" part="CP" description="Polarized capacitor"/>
      <sheetpath names="/" tstamps="/"/>
      <tstamp>61E3FB0D</tstamp>
    </comp>
    <comp ref="C2">
      <value>22u</value>
      <footprint>Capacitor_THT:CP_Radial_D6.3mm_P2.50mm</footprint>
      <datasheet>~</datasheet>
      <libsource lib="Device" part="CP" description="Polarized capacitor"/>
      <sheetpath names="/" tstamps="/"/>
      <tstamp>61E40568</tstamp>
    </comp>
  </components>
  <libparts>
    <libpart lib="Amplifier_Operational" part="LM2904">
      <aliases>
        <alias>LM358</alias>
        <alias>AD8620</alias>
        <alias>LMC6062</alias>
        <alias>LMC6082</alias>
        <alias>TL062</alias>
        <alias>TL072</alias>
        <alias>TL082</alias>
        <alias>NE5532</alias>
        <alias>SA5532</alias>
        <alias>RC4558</alias>
        <alias>RC4560</alias>
        <alias>RC4580</alias>
        <alias>LMV358</alias>
        <alias>TS912</alias>
        <alias>TSV912IDT</alias>
        <alias>TSV912IST</alias>
        <alias>TLC272</alias>
        <alias>TLC277</alias>
        <alias>MCP602</alias>
        <alias>OPA2134</alias>
        <alias>OPA2340</alias>
        <alias>OPA2376xxD</alias>
        <alias>OPA2376xxDGK</alias>
        <alias>MC33078</alias>
        <alias>MC33178</alias>
        <alias>LM4562</alias>
        <alias>OP249</alias>
        <alias>OP275</alias>
        <alias>ADA4075-2</alias>
        <alias>MCP6002-xP</alias>
        <alias>MCP6002-xSN</alias>
        <alias>MCP6002-xMS</alias>
        <alias>LM7332</alias>
        <alias>OPA2333xxD</alias>
        <alias>OPA2333xxDGK</alias>
        <alias>LMC6482</alias>
        <alias>LT1492</alias>
        <alias>LTC6081xMS8</alias>
        <alias>LM6172</alias>
        <alias>MCP6L92</alias>
        <alias>NJM2043</alias>
        <alias>NJM2114</alias>
        <alias>NJM4556A</alias>
        <alias>NJM4558</alias>
        <alias>NJM4559</alias>
        <alias>NJM4560</alias>
        <alias>NJM4580</alias>
        <alias>NJM5532</alias>
        <alias>ADA4807-2ARM</alias>
        <alias>OPA2691</alias>
        <alias>LT6234</alias>
        <alias>OPA2356xxD</alias>
        <alias>OPA2356xxDGK</alias>
        <alias>OPA1612AxD</alias>
        <alias>MC33172</alias>
        <alias>OPA1602</alias>
        <alias>TLV2372</alias>
        <alias>LT6237</alias>
      </aliases>
      <description>Dual Operational Amplifiers, DIP-8/SOIC-8/TSSOP-8/VSSOP-8</description>
      <docs>http://www.ti.com/lit/ds/symlink/lm358.pdf</docs>
      <footprints>
        <fp>SOIC*3.9x4.9mm*P1.27mm*</fp>
        <fp>DIP*W7.62mm*</fp>
        <fp>TO*99*</fp>
        <fp>OnSemi*Micro8*</fp>
        <fp>TSSOP*3x3mm*P0.65mm*</fp>
        <fp>TSSOP*4.4x3mm*P0.65mm*</fp>
        <fp>MSOP*3x3mm*P0.65mm*</fp>
        <fp>SSOP*3.9x4.9mm*P0.635mm*</fp>
        <fp>LFCSP*2x2mm*P0.5mm*</fp>
        <fp>*SIP*</fp>
        <fp>SOIC*5.3x6.2mm*P1.27mm*</fp>
      </footprints>
      <fields>
        <field name="Reference">U</field>
        <field name="Value">LM2904</field>
      </fields>
      <pins>
        <pin num="1" name="~" type="output"/>
        <pin num="2" name="-" type="input"/>
        <pin num="3" name="+" type="input"/>
        <pin num="4" name="V-" type="power_in"/>
        <pin num="5" name="+" type="input"/>
        <pin num="6" name="-" type="input"/>
        <pin num="7" name="~" type="output"/>
        <pin num="8" name="V+" type="power_in"/>
      </pins>
    </libpart>
    <libpart lib="Connector" part="Conn_01x01_Female">
      <description>Generic connector, single row, 01x01, script generated (kicad-library-utils/schlib/autogen/connector/)</description>
      <docs>~</docs>
      <footprints>
        <fp>Connector*:*</fp>
      </footprints>
      <fields>
        <field name="Reference">J</field>
        <field name="Value">Conn_01x01_Female</field>
      </fields>
      <pins>
        <pin num="1" name="Pin_1" type="passive"/>
      </pins>
    </libpart>
    <libpart lib="Connector" part="Conn_01x04_Female">
      <description>Generic connector, single row, 01x04, script generated (kicad-library-utils/schlib/autogen/connector/)</description>
      <docs>~</docs>
      <footprints>
        <fp>Connector*:*_1x??_*</fp>
      </footprints>
      <fields>
        <field name="Reference">J</field>
        <field name="Value">Conn_01x04_Female</field>
      </fields>
      <pins>
        <pin num="1" name="Pin_1" type="passive"/>
        <pin num="2" name="Pin_2" type="passive"/>
        <pin num="3" name="Pin_3" type="passive"/>
        <pin num="4" name="Pin_4" type="passive"/>
      </pins>
    </libpart>
    <libpart lib="Connector" part="Conn_01x04_Male">
      <description>Generic connector, single row, 01x04, script generated (kicad-library-utils/schlib/autogen/connector/)</description>
      <docs>~</docs>
      <footprints>
        <fp>Connector*:*_1x??_*</fp>
      </footprints>
      <fields>
        <field name="Reference">J</field>
        <field name="Value">Conn_01x04_Male</field>
      </fields>
      <pins>
        <pin num="1" name="Pin_1" type="passive"/>
        <pin num="2" name="Pin_2" type="passive"/>
        <pin num="3" name="Pin_3" type="passive"/>
        <pin num="4" name="Pin_4" type="passive"/>
      </pins>
    </libpart>
    <libpart lib="Device" part="C">
      <description>Unpolarized capacitor</description>
      <docs>~</docs>
      <footprints>
        <fp>C_*</fp>
      </footprints>
      <fields>
        <field name="Reference">C</field>
        <field name="Value">C</field>
      </fields>
      <pins>
        <pin num="1" name="~" type="passive"/>
        <pin num="2" name="~" type="passive"/>
      </pins>
    </libpart>
    <libpart lib="Device" part="CP">
      <description>Polarized capacitor</description>
      <docs>~</docs>
      <footprints>
        <fp>CP_*</fp>
      </footprints>
      <fields>
        <field name="Reference">C</field>
        <field name="Value">CP</field>
      </fields>
      <pins>
        <pin num="1" name="~" type="passive"/>
        <pin num="2" name="~" type="passive"/>
      </pins>
    </libpart>
    <libpart lib="Device" part="R">
      <description>Resistor</description>
      <docs>~</docs>
      <footprints>
        <fp>R_*</fp>
      </footprints>
      <fields>
        <field name="Reference">R</field>
        <field name="Value">R</field>
      </fields>
      <pins>
        <pin num="1" name="~" type="passive"/>
        <pin num="2" name="~" type="passive"/>
      </pins>
    </libpart>
    <libpart lib="Device" part="R_POT_TRIM">
      <description>Trim-potentiometer</description>
      <docs>~</docs>
      <footprints>
        <fp>Potentiometer*</fp>
      </footprints>
      <fields>
        <field name="Reference">RV</field>
        <field name="Value">R_POT_TRIM</field>
      </fields>
      <pins>
        <pin num="1" name="1" type="passive"/>
        <pin num="2" name="2" type="passive"/>
        <pin num="3" name="3" type="passive"/>
      </pins>
    </libpart>
    <libpart lib="ring" part="MC1496">
      <fields>
        <field name="Reference">U</field>
        <field name="Value">MC1496</field>
      </fields>
      <pins>
        <pin num="1" name="Signal_In" type="input"/>
        <pin num="2" name="Gain_Adjust" type="input"/>
        <pin num="3" name="Gain_Adjust" type="input"/>
        <pin num="4" name="Signal_Input" type="input"/>
        <pin num="5" name="Bias" type="input"/>
        <pin num="6" name="Output" type="output"/>
        <pin num="7" name="N/C" type="NotConnected"/>
        <pin num="8" name="Input_Carrier" type="input"/>
        <pin num="9" name="N/C" type="NotConnected"/>
        <pin num="10" name="Carrier_Input" type="input"/>
        <pin num="11" name="N/C" type="NotConnected"/>
        <pin num="12" name="Output" type="output"/>
        <pin num="13" name="N/C" type="NotConnected"/>
        <pin num="14" name="VEE" type="power_in"/>
      </pins>
    </libpart>
  </libparts>
  <libraries>
    <library logical="Amplifier_Operational">
      <uri>/Library/Application Support/kicad/library/Amplifier_Operational.lib</uri>
    </library>
    <library logical="Connector">
      <uri>/Library/Application Support/kicad/library/Connector.lib</uri>
    </library>
    <library logical="Device">
      <uri>/Library/Application Support/kicad/library/Device.lib</uri>
    </library>
    <library logical="ring">
      <uri>/Users/usb/Desktop/Kicad/ring/ring.lib</uri>
    </library>
  </libraries>
  <nets>
    <net code="1" name="Net-(R6-Pad1)">
      <node ref="R6" pin="1"/>
      <node ref="U1" pin="8"/>
      <node ref="R7" pin="2"/>
    </net>
    <net code="2" name="Net-(R10-Pad2)">
      <node ref="U1" pin="4"/>
      <node ref="R12" pin="1"/>
      <node ref="R13" pin="1"/>
      <node ref="R10" pin="2"/>
    </net>
    <net code="3" name="-15V">
      <node ref="C5" pin="1"/>
      <node ref="U2" pin="4"/>
      <node ref="C2" pin="2"/>
      <node ref="C6" pin="1"/>
      <node ref="U4" pin="4"/>
      <node ref="R2" pin="2"/>
      <node ref="U3" pin="14"/>
      <node ref="T4" pin="2"/>
      <node ref="U1" pin="14"/>
      <node ref="T2" pin="2"/>
    </net>
    <net code="4" name="+15V">
      <node ref="R9" pin="1"/>
      <node ref="C6" pin="2"/>
      <node ref="U4" pin="8"/>
      <node ref="C1" pin="1"/>
      <node ref="R1" pin="2"/>
      <node ref="T3" pin="2"/>
      <node ref="R31" pin="1"/>
      <node ref="R40" pin="1"/>
      <node ref="R39" pin="1"/>
      <node ref="R18" pin="1"/>
      <node ref="T1" pin="2"/>
      <node ref="R17" pin="1"/>
      <node ref="U2" pin="8"/>
      <node ref="C5" pin="2"/>
    </net>
    <net code="5" name="GND">
      <node ref="R15" pin="2"/>
      <node ref="R13" pin="2"/>
      <node ref="U4" pin="5"/>
      <node ref="U2" pin="5"/>
      <node ref="J11" pin="4"/>
      <node ref="J1" pin="4"/>
      <node ref="C2" pin="1"/>
      <node ref="C3" pin="2"/>
      <node ref="R8" pin="2"/>
      <node ref="R37" pin="2"/>
      <node ref="C1" pin="2"/>
      <node ref="R21" pin="2"/>
      <node ref="R43" pin="2"/>
      <node ref="R30" pin="2"/>
      <node ref="C4" pin="2"/>
      <node ref="J10" pin="3"/>
      <node ref="J10" pin="2"/>
      <node ref="R38" pin="2"/>
      <node ref="R16" pin="2"/>
      <node ref="R35" pin="2"/>
    </net>
    <net code="6" name="Net-(R20-Pad1)">
      <node ref="R22" pin="2"/>
      <node ref="U2" pin="1"/>
      <node ref="R20" pin="1"/>
    </net>
    <net code="7" name="Net-(R23-Pad1)">
      <node ref="U2" pin="7"/>
      <node ref="R23" pin="1"/>
      <node ref="R24" pin="1"/>
    </net>
    <net code="8" name="Net-(R22-Pad1)">
      <node ref="U2" pin="6"/>
      <node ref="R22" pin="1"/>
      <node ref="R23" pin="2"/>
    </net>
    <net code="9" name="Net-(R11-Pad1)">
      <node ref="R21" pin="1"/>
      <node ref="U2" pin="3"/>
      <node ref="R11" pin="1"/>
    </net>
    <net code="10" name="Net-(R19-Pad1)">
      <node ref="U2" pin="2"/>
      <node ref="R19" pin="1"/>
      <node ref="R20" pin="2"/>
    </net>
    <net code="11" name="Net-(R11-Pad2)">
      <node ref="R18" pin="2"/>
      <node ref="U1" pin="12"/>
      <node ref="R11" pin="2"/>
    </net>
    <net code="12" name="Net-(R17-Pad2)">
      <node ref="R17" pin="2"/>
      <node ref="R19" pin="2"/>
      <node ref="U1" pin="6"/>
    </net>
    <net code="13" name="Net-(R16-Pad1)">
      <node ref="U1" pin="5"/>
      <node ref="R16" pin="1"/>
    </net>
    <net code="14" name="Net-(R14-Pad2)">
      <node ref="R14" pin="2"/>
      <node ref="T2" pin="1"/>
    </net>
    <net code="15" name="Net-(R12-Pad2)">
      <node ref="T2" pin="3"/>
      <node ref="R12" pin="2"/>
    </net>
    <net code="16" name="Net-(R14-Pad1)">
      <node ref="U1" pin="1"/>
      <node ref="R14" pin="1"/>
      <node ref="R15" pin="1"/>
    </net>
    <net code="17" name="Net-(R3-Pad1)">
      <node ref="R5" pin="1"/>
      <node ref="R3" pin="1"/>
      <node ref="U1" pin="10"/>
      <node ref="R4" pin="2"/>
    </net>
    <net code="18" name="Net-(R7-Pad1)">
      <node ref="T1" pin="3"/>
      <node ref="R7" pin="1"/>
    </net>
    <net code="19" name="Net-(R4-Pad1)">
      <node ref="R4" pin="1"/>
      <node ref="T1" pin="1"/>
    </net>
    <net code="20" name="Net-(C3-Pad1)">
      <node ref="R5" pin="2"/>
      <node ref="R6" pin="2"/>
      <node ref="C3" pin="1"/>
      <node ref="R9" pin="2"/>
      <node ref="R8" pin="1"/>
    </net>
    <net code="21" name="Net-(U1-Pad2)">
      <node ref="U1" pin="3"/>
      <node ref="U1" pin="2"/>
    </net>
    <net code="22" name="Net-(U1-Pad11)">
      <node ref="U1" pin="11"/>
    </net>
    <net code="23" name="Net-(U1-Pad13)">
      <node ref="U1" pin="13"/>
    </net>
    <net code="24" name="Net-(U1-Pad7)">
      <node ref="U1" pin="7"/>
    </net>
    <net code="25" name="Net-(U1-Pad9)">
      <node ref="U1" pin="9"/>
    </net>
    <net code="26" name="Net-(J1-Pad1)">
      <node ref="R3" pin="2"/>
      <node ref="J1" pin="1"/>
    </net>
    <net code="27" name="Net-(J1-Pad2)">
      <node ref="J1" pin="2"/>
      <node ref="R10" pin="1"/>
    </net>
    <net code="28" name="Net-(J1-Pad3)">
      <node ref="R24" pin="2"/>
      <node ref="J1" pin="3"/>
    </net>
    <net code="29" name="Net-(C11-Pad1)">
      <node ref="JK7" pin="1"/>
      <node ref="C11" pin="1"/>
      <node ref="J3" pin="1"/>
    </net>
    <net code="30" name="Net-(C12-Pad1)">
      <node ref="J3" pin="3"/>
      <node ref="C12" pin="1"/>
      <node ref="JK11" pin="1"/>
    </net>
    <net code="31" name="Net-(C12-Pad2)">
      <node ref="JK12" pin="1"/>
      <node ref="C12" pin="2"/>
    </net>
    <net code="32" name="Net-(C10-Pad1)">
      <node ref="C10" pin="1"/>
      <node ref="JK9" pin="1"/>
      <node ref="J3" pin="2"/>
    </net>
    <net code="33" name="Net-(C10-Pad2)">
      <node ref="C10" pin="2"/>
      <node ref="JK10" pin="1"/>
    </net>
    <net code="34" name="Net-(C11-Pad2)">
      <node ref="C11" pin="2"/>
      <node ref="JK8" pin="1"/>
    </net>
    <net code="35" name="Net-(C7-Pad1)">
      <node ref="C7" pin="1"/>
      <node ref="JK1" pin="1"/>
      <node ref="J2" pin="1"/>
    </net>
    <net code="36" name="GNDREF">
      <node ref="J9" pin="1"/>
      <node ref="J8" pin="1"/>
      <node ref="J7" pin="1"/>
      <node ref="J6" pin="1"/>
      <node ref="J5" pin="1"/>
      <node ref="J4" pin="1"/>
      <node ref="J3" pin="4"/>
      <node ref="J2" pin="4"/>
    </net>
    <net code="37" name="Net-(C9-Pad1)">
      <node ref="J2" pin="3"/>
      <node ref="C9" pin="1"/>
      <node ref="JK5" pin="1"/>
    </net>
    <net code="38" name="Net-(C9-Pad2)">
      <node ref="C9" pin="2"/>
      <node ref="JK6" pin="1"/>
    </net>
    <net code="39" name="Net-(C8-Pad1)">
      <node ref="J2" pin="2"/>
      <node ref="C8" pin="1"/>
      <node ref="JK3" pin="1"/>
    </net>
    <net code="40" name="Net-(C8-Pad2)">
      <node ref="JK4" pin="1"/>
      <node ref="C8" pin="2"/>
    </net>
    <net code="41" name="Net-(C7-Pad2)">
      <node ref="JK2" pin="1"/>
      <node ref="C7" pin="2"/>
    </net>
    <net code="42" name="Net-(R28-Pad1)">
      <node ref="R29" pin="2"/>
      <node ref="R28" pin="1"/>
      <node ref="U3" pin="8"/>
    </net>
    <net code="43" name="Net-(R32-Pad2)">
      <node ref="R34" pin="1"/>
      <node ref="R32" pin="2"/>
      <node ref="R35" pin="1"/>
      <node ref="U3" pin="4"/>
    </net>
    <net code="44" name="Net-(R42-Pad1)">
      <node ref="U4" pin="1"/>
      <node ref="R44" pin="2"/>
      <node ref="R42" pin="1"/>
    </net>
    <net code="45" name="Net-(R45-Pad1)">
      <node ref="R46" pin="1"/>
      <node ref="U4" pin="7"/>
      <node ref="R45" pin="1"/>
    </net>
    <net code="46" name="Net-(R44-Pad1)">
      <node ref="R45" pin="2"/>
      <node ref="U4" pin="6"/>
      <node ref="R44" pin="1"/>
    </net>
    <net code="47" name="Net-(R33-Pad1)">
      <node ref="R33" pin="1"/>
      <node ref="R43" pin="1"/>
      <node ref="U4" pin="3"/>
    </net>
    <net code="48" name="Net-(R41-Pad1)">
      <node ref="U4" pin="2"/>
      <node ref="R42" pin="2"/>
      <node ref="R41" pin="1"/>
    </net>
    <net code="49" name="Net-(R33-Pad2)">
      <node ref="R33" pin="2"/>
      <node ref="U3" pin="12"/>
      <node ref="R40" pin="2"/>
    </net>
    <net code="50" name="Net-(R39-Pad2)">
      <node ref="R39" pin="2"/>
      <node ref="U3" pin="6"/>
      <node ref="R41" pin="2"/>
    </net>
    <net code="51" name="Net-(R38-Pad1)">
      <node ref="R38" pin="1"/>
      <node ref="U3" pin="5"/>
    </net>
    <net code="52" name="Net-(R36-Pad2)">
      <node ref="T4" pin="1"/>
      <node ref="R36" pin="2"/>
    </net>
    <net code="53" name="Net-(R34-Pad2)">
      <node ref="T4" pin="3"/>
      <node ref="R34" pin="2"/>
    </net>
    <net code="54" name="Net-(R36-Pad1)">
      <node ref="R36" pin="1"/>
      <node ref="R37" pin="1"/>
      <node ref="U3" pin="1"/>
    </net>
    <net code="55" name="Net-(R25-Pad1)">
      <node ref="R26" pin="2"/>
      <node ref="U3" pin="10"/>
      <node ref="R25" pin="1"/>
      <node ref="R27" pin="1"/>
    </net>
    <net code="56" name="Net-(R29-Pad1)">
      <node ref="T3" pin="3"/>
      <node ref="R29" pin="1"/>
    </net>
    <net code="57" name="Net-(R26-Pad1)">
      <node ref="R26" pin="1"/>
      <node ref="T3" pin="1"/>
    </net>
    <net code="58" name="Net-(C4-Pad1)">
      <node ref="R27" pin="2"/>
      <node ref="R31" pin="2"/>
      <node ref="R28" pin="2"/>
      <node ref="C4" pin="1"/>
      <node ref="R30" pin="1"/>
    </net>
    <net code="59" name="Net-(U3-Pad2)">
      <node ref="U3" pin="2"/>
      <node ref="U3" pin="3"/>
    </net>
    <net code="60" name="Net-(U3-Pad11)">
      <node ref="U3" pin="11"/>
    </net>
    <net code="61" name="Net-(U3-Pad13)">
      <node ref="U3" pin="13"/>
    </net>
    <net code="62" name="Net-(U3-Pad7)">
      <node ref="U3" pin="7"/>
    </net>
    <net code="63" name="Net-(U3-Pad9)">
      <node ref="U3" pin="9"/>
    </net>
    <net code="64" name="Net-(J11-Pad1)">
      <node ref="J11" pin="1"/>
      <node ref="R25" pin="2"/>
    </net>
    <net code="65" name="Net-(J11-Pad2)">
      <node ref="R32" pin="1"/>
      <node ref="J11" pin="2"/>
    </net>
    <net code="66" name="Net-(J11-Pad3)">
      <node ref="R46" pin="2"/>
      <node ref="J11" pin="3"/>
    </net>
    <net code="67" name="Net-(J10-Pad1)">
      <node ref="R2" pin="1"/>
      <node ref="J10" pin="1"/>
    </net>
    <net code="68" name="Net-(J10-Pad4)">
      <node ref="R1" pin="1"/>
      <node ref="J10" pin="4"/>
    </net>
  </nets>
</export>
