<?xml version="1.0" encoding="UTF-8"?>
<export version="D">
  <design>
    <source>/Users/usb/Desktop/Kicad/cgs/detect/detect.sch</source>
    <date>Friday, September 24, 2021 at 01:15:25 PM</date>
    <tool>Eeschema (5.1.2-1)-1</tool>
    <sheet number="1" name="/" tstamps="/">
      <title_block>
        <title>detectorists</title>
        <company/>
        <rev>v01</rev>
        <date>2021</date>
        <source>detect.sch</source>
        <comment number="1" value=""/>
        <comment number="2" value="banana remix by matt hartman"/>
        <comment number="3" value="copyright 2005 by ken stone"/>
        <comment number="4" value="based on cgs62 slope detector"/>
      </title_block>
    </sheet>
  </design>
  <components>
    <comp ref="J2">
      <value>IN1</value>
      <footprint>Footprints2:BananaFoFanna4</footprint>
      <datasheet>~</datasheet>
      <libsource lib="Connector" part="Conn_01x01_Female" description="Generic connector, single row, 01x01, script generated (kicad-library-utils/schlib/autogen/connector/)"/>
      <sheetpath names="/" tstamps="/"/>
      <tstamp>612AED23</tstamp>
    </comp>
    <comp ref="R7">
      <value>10k</value>
      <footprint>Resistor_SMD:R_0805_2012Metric_Pad1.15x1.40mm_HandSolder</footprint>
      <datasheet>~</datasheet>
      <libsource lib="Device" part="R" description="Resistor"/>
      <sheetpath names="/" tstamps="/"/>
      <tstamp>612AFDF4</tstamp>
    </comp>
    <comp ref="RV1">
      <value>1M</value>
      <footprint>Footprints2:Potentiometer_Alpha_RD901F-40-00D_Single_Vertical_Center</footprint>
      <datasheet>~</datasheet>
      <libsource lib="Device" part="R_POT" description="Potentiometer"/>
      <sheetpath names="/" tstamps="/"/>
      <tstamp>612B0BCD</tstamp>
    </comp>
    <comp ref="J3">
      <value>FALL1</value>
      <footprint>Footprints2:BananaFoFanna4</footprint>
      <datasheet>~</datasheet>
      <libsource lib="Connector" part="Conn_01x01_Female" description="Generic connector, single row, 01x01, script generated (kicad-library-utils/schlib/autogen/connector/)"/>
      <sheetpath names="/" tstamps="/"/>
      <tstamp>612B1C29</tstamp>
    </comp>
    <comp ref="R2">
      <value>1k</value>
      <footprint>Resistor_SMD:R_0805_2012Metric_Pad1.15x1.40mm_HandSolder</footprint>
      <datasheet>~</datasheet>
      <libsource lib="Device" part="R" description="Resistor"/>
      <sheetpath names="/" tstamps="/"/>
      <tstamp>612B2824</tstamp>
    </comp>
    <comp ref="R5">
      <value>1k8</value>
      <footprint>Resistor_SMD:R_0805_2012Metric_Pad1.15x1.40mm_HandSolder</footprint>
      <datasheet>~</datasheet>
      <libsource lib="Device" part="R" description="Resistor"/>
      <sheetpath names="/" tstamps="/"/>
      <tstamp>612B3A4E</tstamp>
    </comp>
    <comp ref="Q2">
      <value>BC557</value>
      <footprint>Package_TO_SOT_THT:TO-92_Inline_Wide</footprint>
      <datasheet>http://www.fairchildsemi.com/ds/BC/BC557.pdf</datasheet>
      <libsource lib="Transistor_BJT" part="BC557" description="0.1A Ic, 45V Vce, PNP Small Signal Transistor, TO-92"/>
      <sheetpath names="/" tstamps="/"/>
      <tstamp>612B43F1</tstamp>
    </comp>
    <comp ref="R9">
      <value>RLED</value>
      <footprint>Resistor_SMD:R_0805_2012Metric_Pad1.15x1.40mm_HandSolder</footprint>
      <datasheet>~</datasheet>
      <libsource lib="Device" part="R" description="Resistor"/>
      <sheetpath names="/" tstamps="/"/>
      <tstamp>612B6550</tstamp>
    </comp>
    <comp ref="LED2">
      <value>LED</value>
      <footprint>Footprints2:LED-3MMcenter</footprint>
      <datasheet>~</datasheet>
      <libsource lib="Device" part="LED" description="Light emitting diode"/>
      <sheetpath names="/" tstamps="/"/>
      <tstamp>612B72E8</tstamp>
    </comp>
    <comp ref="J4">
      <value>STEADY1</value>
      <footprint>Footprints2:BananaFoFanna4</footprint>
      <datasheet>~</datasheet>
      <libsource lib="Connector" part="Conn_01x01_Female" description="Generic connector, single row, 01x01, script generated (kicad-library-utils/schlib/autogen/connector/)"/>
      <sheetpath names="/" tstamps="/"/>
      <tstamp>612BBD85</tstamp>
    </comp>
    <comp ref="R3">
      <value>1k</value>
      <footprint>Resistor_SMD:R_0805_2012Metric_Pad1.15x1.40mm_HandSolder</footprint>
      <datasheet>~</datasheet>
      <libsource lib="Device" part="R" description="Resistor"/>
      <sheetpath names="/" tstamps="/"/>
      <tstamp>612BCBCC</tstamp>
    </comp>
    <comp ref="R6">
      <value>1k8</value>
      <footprint>Resistor_SMD:R_0805_2012Metric_Pad1.15x1.40mm_HandSolder</footprint>
      <datasheet>~</datasheet>
      <libsource lib="Device" part="R" description="Resistor"/>
      <sheetpath names="/" tstamps="/"/>
      <tstamp>612BD0DB</tstamp>
    </comp>
    <comp ref="R10">
      <value>RLED</value>
      <footprint>Resistor_SMD:R_0805_2012Metric_Pad1.15x1.40mm_HandSolder</footprint>
      <datasheet>~</datasheet>
      <libsource lib="Device" part="R" description="Resistor"/>
      <sheetpath names="/" tstamps="/"/>
      <tstamp>612BD7D7</tstamp>
    </comp>
    <comp ref="LED3">
      <value>LED</value>
      <footprint>Footprints2:LED-3MMcenter</footprint>
      <datasheet>~</datasheet>
      <libsource lib="Device" part="LED" description="Light emitting diode"/>
      <sheetpath names="/" tstamps="/"/>
      <tstamp>612BDD19</tstamp>
    </comp>
    <comp ref="Q3">
      <value>BC557</value>
      <footprint>Package_TO_SOT_THT:TO-92_Inline_Wide</footprint>
      <datasheet>http://www.fairchildsemi.com/ds/BC/BC557.pdf</datasheet>
      <libsource lib="Transistor_BJT" part="BC557" description="0.1A Ic, 45V Vce, PNP Small Signal Transistor, TO-92"/>
      <sheetpath names="/" tstamps="/"/>
      <tstamp>612BEF57</tstamp>
    </comp>
    <comp ref="J1">
      <value>RISE1</value>
      <footprint>Footprints2:BananaFoFanna4</footprint>
      <datasheet>~</datasheet>
      <libsource lib="Connector" part="Conn_01x01_Female" description="Generic connector, single row, 01x01, script generated (kicad-library-utils/schlib/autogen/connector/)"/>
      <sheetpath names="/" tstamps="/"/>
      <tstamp>612C8581</tstamp>
    </comp>
    <comp ref="R1">
      <value>1k</value>
      <footprint>Resistor_SMD:R_0805_2012Metric_Pad1.15x1.40mm_HandSolder</footprint>
      <datasheet>~</datasheet>
      <libsource lib="Device" part="R" description="Resistor"/>
      <sheetpath names="/" tstamps="/"/>
      <tstamp>612C858B</tstamp>
    </comp>
    <comp ref="R4">
      <value>1k8</value>
      <footprint>Resistor_SMD:R_0805_2012Metric_Pad1.15x1.40mm_HandSolder</footprint>
      <datasheet>~</datasheet>
      <libsource lib="Device" part="R" description="Resistor"/>
      <sheetpath names="/" tstamps="/"/>
      <tstamp>612C8595</tstamp>
    </comp>
    <comp ref="R8">
      <value>RLED</value>
      <footprint>Resistor_SMD:R_0805_2012Metric_Pad1.15x1.40mm_HandSolder</footprint>
      <datasheet>~</datasheet>
      <libsource lib="Device" part="R" description="Resistor"/>
      <sheetpath names="/" tstamps="/"/>
      <tstamp>612C859F</tstamp>
    </comp>
    <comp ref="LED1">
      <value>LED</value>
      <footprint>Footprints2:LED-3MMcenter</footprint>
      <datasheet>~</datasheet>
      <libsource lib="Device" part="LED" description="Light emitting diode"/>
      <sheetpath names="/" tstamps="/"/>
      <tstamp>612C85A9</tstamp>
    </comp>
    <comp ref="Q1">
      <value>BC557</value>
      <footprint>Package_TO_SOT_THT:TO-92_Inline_Wide</footprint>
      <datasheet>http://www.fairchildsemi.com/ds/BC/BC557.pdf</datasheet>
      <libsource lib="Transistor_BJT" part="BC557" description="0.1A Ic, 45V Vce, PNP Small Signal Transistor, TO-92"/>
      <sheetpath names="/" tstamps="/"/>
      <tstamp>612C85C7</tstamp>
    </comp>
    <comp ref="J5">
      <value>1A</value>
      <footprint>Connector_PinSocket_2.54mm:PinSocket_1x06_P2.54mm_Vertical</footprint>
      <datasheet>~</datasheet>
      <libsource lib="Connector" part="Conn_01x06_Female" description="Generic connector, single row, 01x06, script generated (kicad-library-utils/schlib/autogen/connector/)"/>
      <sheetpath names="/" tstamps="/"/>
      <tstamp>612D8822</tstamp>
    </comp>
    <comp ref="J7">
      <value>IN2</value>
      <footprint>Footprints2:BananaFoFanna4</footprint>
      <datasheet>~</datasheet>
      <libsource lib="Connector" part="Conn_01x01_Female" description="Generic connector, single row, 01x01, script generated (kicad-library-utils/schlib/autogen/connector/)"/>
      <sheetpath names="/" tstamps="/"/>
      <tstamp>61301CF1</tstamp>
    </comp>
    <comp ref="R19">
      <value>10k</value>
      <footprint>Resistor_SMD:R_0805_2012Metric_Pad1.15x1.40mm_HandSolder</footprint>
      <datasheet>~</datasheet>
      <libsource lib="Device" part="R" description="Resistor"/>
      <sheetpath names="/" tstamps="/"/>
      <tstamp>61301CFB</tstamp>
    </comp>
    <comp ref="RV2">
      <value>1M</value>
      <footprint>Footprints2:Potentiometer_Alpha_RD901F-40-00D_Single_Vertical_Center</footprint>
      <datasheet>~</datasheet>
      <libsource lib="Device" part="R_POT" description="Potentiometer"/>
      <sheetpath names="/" tstamps="/"/>
      <tstamp>61301D05</tstamp>
    </comp>
    <comp ref="J8">
      <value>FALL2</value>
      <footprint>Footprints2:BananaFoFanna4</footprint>
      <datasheet>~</datasheet>
      <libsource lib="Connector" part="Conn_01x01_Female" description="Generic connector, single row, 01x01, script generated (kicad-library-utils/schlib/autogen/connector/)"/>
      <sheetpath names="/" tstamps="/"/>
      <tstamp>61301D11</tstamp>
    </comp>
    <comp ref="R14">
      <value>1k</value>
      <footprint>Resistor_SMD:R_0805_2012Metric_Pad1.15x1.40mm_HandSolder</footprint>
      <datasheet>~</datasheet>
      <libsource lib="Device" part="R" description="Resistor"/>
      <sheetpath names="/" tstamps="/"/>
      <tstamp>61301D1B</tstamp>
    </comp>
    <comp ref="R17">
      <value>1k8</value>
      <footprint>Resistor_SMD:R_0805_2012Metric_Pad1.15x1.40mm_HandSolder</footprint>
      <datasheet>~</datasheet>
      <libsource lib="Device" part="R" description="Resistor"/>
      <sheetpath names="/" tstamps="/"/>
      <tstamp>61301D2F</tstamp>
    </comp>
    <comp ref="Q5">
      <value>BC557</value>
      <footprint>Package_TO_SOT_THT:TO-92_Inline_Wide</footprint>
      <datasheet>http://www.fairchildsemi.com/ds/BC/BC557.pdf</datasheet>
      <libsource lib="Transistor_BJT" part="BC557" description="0.1A Ic, 45V Vce, PNP Small Signal Transistor, TO-92"/>
      <sheetpath names="/" tstamps="/"/>
      <tstamp>61301D39</tstamp>
    </comp>
    <comp ref="R21">
      <value>RLED</value>
      <footprint>Resistor_SMD:R_0805_2012Metric_Pad1.15x1.40mm_HandSolder</footprint>
      <datasheet>~</datasheet>
      <libsource lib="Device" part="R" description="Resistor"/>
      <sheetpath names="/" tstamps="/"/>
      <tstamp>61301D43</tstamp>
    </comp>
    <comp ref="LED5">
      <value>LED</value>
      <footprint>Footprints2:LED-3MMcenter</footprint>
      <datasheet>~</datasheet>
      <libsource lib="Device" part="LED" description="Light emitting diode"/>
      <sheetpath names="/" tstamps="/"/>
      <tstamp>61301D4D</tstamp>
    </comp>
    <comp ref="J9">
      <value>STEADY2</value>
      <footprint>Footprints2:BananaFoFanna4</footprint>
      <datasheet>~</datasheet>
      <libsource lib="Connector" part="Conn_01x01_Female" description="Generic connector, single row, 01x01, script generated (kicad-library-utils/schlib/autogen/connector/)"/>
      <sheetpath names="/" tstamps="/"/>
      <tstamp>61301D78</tstamp>
    </comp>
    <comp ref="R15">
      <value>1k</value>
      <footprint>Resistor_SMD:R_0805_2012Metric_Pad1.15x1.40mm_HandSolder</footprint>
      <datasheet>~</datasheet>
      <libsource lib="Device" part="R" description="Resistor"/>
      <sheetpath names="/" tstamps="/"/>
      <tstamp>61301D82</tstamp>
    </comp>
    <comp ref="R18">
      <value>1k8</value>
      <footprint>Resistor_SMD:R_0805_2012Metric_Pad1.15x1.40mm_HandSolder</footprint>
      <datasheet>~</datasheet>
      <libsource lib="Device" part="R" description="Resistor"/>
      <sheetpath names="/" tstamps="/"/>
      <tstamp>61301D8C</tstamp>
    </comp>
    <comp ref="R22">
      <value>RLED</value>
      <footprint>Resistor_SMD:R_0805_2012Metric_Pad1.15x1.40mm_HandSolder</footprint>
      <datasheet>~</datasheet>
      <libsource lib="Device" part="R" description="Resistor"/>
      <sheetpath names="/" tstamps="/"/>
      <tstamp>61301D96</tstamp>
    </comp>
    <comp ref="LED6">
      <value>LED</value>
      <footprint>Footprints2:LED-3MMcenter</footprint>
      <datasheet>~</datasheet>
      <libsource lib="Device" part="LED" description="Light emitting diode"/>
      <sheetpath names="/" tstamps="/"/>
      <tstamp>61301DA0</tstamp>
    </comp>
    <comp ref="Q6">
      <value>BC557</value>
      <footprint>Package_TO_SOT_THT:TO-92_Inline_Wide</footprint>
      <datasheet>http://www.fairchildsemi.com/ds/BC/BC557.pdf</datasheet>
      <libsource lib="Transistor_BJT" part="BC557" description="0.1A Ic, 45V Vce, PNP Small Signal Transistor, TO-92"/>
      <sheetpath names="/" tstamps="/"/>
      <tstamp>61301DBE</tstamp>
    </comp>
    <comp ref="J6">
      <value>RISE2</value>
      <footprint>Footprints2:BananaFoFanna4</footprint>
      <datasheet>~</datasheet>
      <libsource lib="Connector" part="Conn_01x01_Female" description="Generic connector, single row, 01x01, script generated (kicad-library-utils/schlib/autogen/connector/)"/>
      <sheetpath names="/" tstamps="/"/>
      <tstamp>61301DDF</tstamp>
    </comp>
    <comp ref="R13">
      <value>1k</value>
      <footprint>Resistor_SMD:R_0805_2012Metric_Pad1.15x1.40mm_HandSolder</footprint>
      <datasheet>~</datasheet>
      <libsource lib="Device" part="R" description="Resistor"/>
      <sheetpath names="/" tstamps="/"/>
      <tstamp>61301DE9</tstamp>
    </comp>
    <comp ref="R16">
      <value>1k8</value>
      <footprint>Resistor_SMD:R_0805_2012Metric_Pad1.15x1.40mm_HandSolder</footprint>
      <datasheet>~</datasheet>
      <libsource lib="Device" part="R" description="Resistor"/>
      <sheetpath names="/" tstamps="/"/>
      <tstamp>61301DF3</tstamp>
    </comp>
    <comp ref="R20">
      <value>RLED</value>
      <footprint>Resistor_SMD:R_0805_2012Metric_Pad1.15x1.40mm_HandSolder</footprint>
      <datasheet>~</datasheet>
      <libsource lib="Device" part="R" description="Resistor"/>
      <sheetpath names="/" tstamps="/"/>
      <tstamp>61301DFD</tstamp>
    </comp>
    <comp ref="LED4">
      <value>LED</value>
      <footprint>Footprints2:LED-3MMcenter</footprint>
      <datasheet>~</datasheet>
      <libsource lib="Device" part="LED" description="Light emitting diode"/>
      <sheetpath names="/" tstamps="/"/>
      <tstamp>61301E07</tstamp>
    </comp>
    <comp ref="Q4">
      <value>BC557</value>
      <footprint>Package_TO_SOT_THT:TO-92_Inline_Wide</footprint>
      <datasheet>http://www.fairchildsemi.com/ds/BC/BC557.pdf</datasheet>
      <libsource lib="Transistor_BJT" part="BC557" description="0.1A Ic, 45V Vce, PNP Small Signal Transistor, TO-92"/>
      <sheetpath names="/" tstamps="/"/>
      <tstamp>61301E25</tstamp>
    </comp>
    <comp ref="J11">
      <value>2A</value>
      <footprint>Connector_PinSocket_2.54mm:PinSocket_1x06_P2.54mm_Vertical</footprint>
      <datasheet>~</datasheet>
      <libsource lib="Connector" part="Conn_01x06_Female" description="Generic connector, single row, 01x06, script generated (kicad-library-utils/schlib/autogen/connector/)"/>
      <sheetpath names="/" tstamps="/"/>
      <tstamp>61301E47</tstamp>
    </comp>
    <comp ref="J12">
      <value>1B</value>
      <footprint>Connector_PinHeader_2.54mm:PinHeader_1x06_P2.54mm_Vertical</footprint>
      <datasheet>~</datasheet>
      <libsource lib="Connector" part="Conn_01x06_Male" description="Generic connector, single row, 01x06, script generated (kicad-library-utils/schlib/autogen/connector/)"/>
      <sheetpath names="/" tstamps="/"/>
      <tstamp>613307D4</tstamp>
    </comp>
    <comp ref="C3">
      <value>100n</value>
      <footprint>Capacitor_SMD:C_0805_2012Metric_Pad1.15x1.40mm_HandSolder</footprint>
      <datasheet>~</datasheet>
      <libsource lib="Device" part="C" description="Unpolarized capacitor"/>
      <sheetpath names="/" tstamps="/"/>
      <tstamp>6133197B</tstamp>
    </comp>
    <comp ref="C5">
      <value>100n</value>
      <footprint>Capacitor_SMD:C_0805_2012Metric_Pad1.15x1.40mm_HandSolder</footprint>
      <datasheet>~</datasheet>
      <libsource lib="Device" part="C" description="Unpolarized capacitor"/>
      <sheetpath names="/" tstamps="/"/>
      <tstamp>6133590C</tstamp>
    </comp>
    <comp ref="U1">
      <value>TL074</value>
      <footprint>Package_SO:SOIC-14_3.9x8.7mm_P1.27mm</footprint>
      <datasheet>http://www.ti.com/lit/ds/symlink/tl071.pdf</datasheet>
      <libsource lib="Amplifier_Operational" part="TL074" description="Quad Low-Noise JFET-Input Operational Amplifiers, DIP-14/SOIC-14"/>
      <sheetpath names="/" tstamps="/"/>
      <tstamp>6133836C</tstamp>
    </comp>
    <comp ref="R30">
      <value>1M</value>
      <footprint>Resistor_SMD:R_0805_2012Metric_Pad1.15x1.40mm_HandSolder</footprint>
      <datasheet>~</datasheet>
      <libsource lib="Device" part="R" description="Resistor"/>
      <sheetpath names="/" tstamps="/"/>
      <tstamp>61356AED</tstamp>
    </comp>
    <comp ref="R26">
      <value>2k2</value>
      <footprint>Resistor_SMD:R_0805_2012Metric_Pad1.15x1.40mm_HandSolder</footprint>
      <datasheet>~</datasheet>
      <libsource lib="Device" part="R" description="Resistor"/>
      <sheetpath names="/" tstamps="/"/>
      <tstamp>613588B8</tstamp>
    </comp>
    <comp ref="R31">
      <value>1M</value>
      <footprint>Resistor_SMD:R_0805_2012Metric_Pad1.15x1.40mm_HandSolder</footprint>
      <datasheet>~</datasheet>
      <libsource lib="Device" part="R" description="Resistor"/>
      <sheetpath names="/" tstamps="/"/>
      <tstamp>613704CE</tstamp>
    </comp>
    <comp ref="R27">
      <value>2k2</value>
      <footprint>Resistor_SMD:R_0805_2012Metric_Pad1.15x1.40mm_HandSolder</footprint>
      <datasheet>~</datasheet>
      <libsource lib="Device" part="R" description="Resistor"/>
      <sheetpath names="/" tstamps="/"/>
      <tstamp>613721D1</tstamp>
    </comp>
    <comp ref="R24">
      <value>100k</value>
      <footprint>Resistor_SMD:R_0805_2012Metric_Pad1.15x1.40mm_HandSolder</footprint>
      <datasheet>~</datasheet>
      <libsource lib="Device" part="R" description="Resistor"/>
      <sheetpath names="/" tstamps="/"/>
      <tstamp>61377899</tstamp>
    </comp>
    <comp ref="R35">
      <value>100k</value>
      <footprint>Resistor_SMD:R_0805_2012Metric_Pad1.15x1.40mm_HandSolder</footprint>
      <datasheet>~</datasheet>
      <libsource lib="Device" part="R" description="Resistor"/>
      <sheetpath names="/" tstamps="/"/>
      <tstamp>6138B6C0</tstamp>
    </comp>
    <comp ref="R36">
      <value>100k</value>
      <footprint>Resistor_SMD:R_0805_2012Metric_Pad1.15x1.40mm_HandSolder</footprint>
      <datasheet>~</datasheet>
      <libsource lib="Device" part="R" description="Resistor"/>
      <sheetpath names="/" tstamps="/"/>
      <tstamp>6138C3C7</tstamp>
    </comp>
    <comp ref="R34">
      <value>47k</value>
      <footprint>Resistor_SMD:R_0805_2012Metric_Pad1.15x1.40mm_HandSolder</footprint>
      <datasheet>~</datasheet>
      <libsource lib="Device" part="R" description="Resistor"/>
      <sheetpath names="/" tstamps="/"/>
      <tstamp>613A24EA</tstamp>
    </comp>
    <comp ref="R37">
      <value>47k</value>
      <footprint>Resistor_SMD:R_0805_2012Metric_Pad1.15x1.40mm_HandSolder</footprint>
      <datasheet>~</datasheet>
      <libsource lib="Device" part="R" description="Resistor"/>
      <sheetpath names="/" tstamps="/"/>
      <tstamp>613A3241</tstamp>
    </comp>
    <comp ref="R42">
      <value>10k</value>
      <footprint>Resistor_SMD:R_0805_2012Metric_Pad1.15x1.40mm_HandSolder</footprint>
      <datasheet>~</datasheet>
      <libsource lib="Device" part="R" description="Resistor"/>
      <sheetpath names="/" tstamps="/"/>
      <tstamp>613A3FBD</tstamp>
    </comp>
    <comp ref="R44">
      <value>10k</value>
      <footprint>Resistor_SMD:R_0805_2012Metric_Pad1.15x1.40mm_HandSolder</footprint>
      <datasheet>~</datasheet>
      <libsource lib="Device" part="R" description="Resistor"/>
      <sheetpath names="/" tstamps="/"/>
      <tstamp>613A518E</tstamp>
    </comp>
    <comp ref="D1">
      <value>1n4148</value>
      <footprint>Diode_SMD:D_SOD-123_silky</footprint>
      <datasheet>~</datasheet>
      <libsource lib="Device" part="D" description="Diode"/>
      <sheetpath names="/" tstamps="/"/>
      <tstamp>613C0C05</tstamp>
    </comp>
    <comp ref="R46">
      <value>10k</value>
      <footprint>Resistor_SMD:R_0805_2012Metric_Pad1.15x1.40mm_HandSolder</footprint>
      <datasheet>~</datasheet>
      <libsource lib="Device" part="R" description="Resistor"/>
      <sheetpath names="/" tstamps="/"/>
      <tstamp>613C2258</tstamp>
    </comp>
    <comp ref="Q7">
      <value>BC547</value>
      <footprint>Package_TO_SOT_THT:TO-92_Inline_Wide</footprint>
      <datasheet>http://www.fairchildsemi.com/ds/BC/BC547.pdf</datasheet>
      <libsource lib="Transistor_BJT" part="BC547" description="0.1A Ic, 45V Vce, Small Signal NPN Transistor, TO-92"/>
      <sheetpath names="/" tstamps="/"/>
      <tstamp>613EB43A</tstamp>
    </comp>
    <comp ref="R48">
      <value>47k</value>
      <footprint>Resistor_SMD:R_0805_2012Metric_Pad1.15x1.40mm_HandSolder</footprint>
      <datasheet>~</datasheet>
      <libsource lib="Device" part="R" description="Resistor"/>
      <sheetpath names="/" tstamps="/"/>
      <tstamp>613FC43D</tstamp>
    </comp>
    <comp ref="R12">
      <value>10k</value>
      <footprint>Resistor_SMD:R_0805_2012Metric_Pad1.15x1.40mm_HandSolder</footprint>
      <datasheet>~</datasheet>
      <libsource lib="Device" part="R" description="Resistor"/>
      <sheetpath names="/" tstamps="/"/>
      <tstamp>613FD327</tstamp>
    </comp>
    <comp ref="R23">
      <value>10k</value>
      <footprint>Resistor_SMD:R_0805_2012Metric_Pad1.15x1.40mm_HandSolder</footprint>
      <datasheet>~</datasheet>
      <libsource lib="Device" part="R" description="Resistor"/>
      <sheetpath names="/" tstamps="/"/>
      <tstamp>6140E748</tstamp>
    </comp>
    <comp ref="J14">
      <value>RANGE1</value>
      <footprint>Connector_PinHeader_2.54mm:PinHeader_1x02_P2.54mm_Vertical</footprint>
      <datasheet>~</datasheet>
      <libsource lib="Connector" part="Conn_01x02_Male" description="Generic connector, single row, 01x02, script generated (kicad-library-utils/schlib/autogen/connector/)"/>
      <sheetpath names="/" tstamps="/"/>
      <tstamp>6147E40C</tstamp>
    </comp>
    <comp ref="J13">
      <value>2B</value>
      <footprint>Connector_PinHeader_2.54mm:PinHeader_1x06_P2.54mm_Vertical</footprint>
      <datasheet>~</datasheet>
      <libsource lib="Connector" part="Conn_01x06_Male" description="Generic connector, single row, 01x06, script generated (kicad-library-utils/schlib/autogen/connector/)"/>
      <sheetpath names="/" tstamps="/"/>
      <tstamp>6148E3B4</tstamp>
    </comp>
    <comp ref="C4">
      <value>100n</value>
      <footprint>Capacitor_SMD:C_0805_2012Metric_Pad1.15x1.40mm_HandSolder</footprint>
      <datasheet>~</datasheet>
      <libsource lib="Device" part="C" description="Unpolarized capacitor"/>
      <sheetpath names="/" tstamps="/"/>
      <tstamp>6148E3BE</tstamp>
    </comp>
    <comp ref="C6">
      <value>100n</value>
      <footprint>Capacitor_SMD:C_0805_2012Metric_Pad1.15x1.40mm_HandSolder</footprint>
      <datasheet>~</datasheet>
      <libsource lib="Device" part="C" description="Unpolarized capacitor"/>
      <sheetpath names="/" tstamps="/"/>
      <tstamp>6148E3D2</tstamp>
    </comp>
    <comp ref="R32">
      <value>1M</value>
      <footprint>Resistor_SMD:R_0805_2012Metric_Pad1.15x1.40mm_HandSolder</footprint>
      <datasheet>~</datasheet>
      <libsource lib="Device" part="R" description="Resistor"/>
      <sheetpath names="/" tstamps="/"/>
      <tstamp>6148E3F6</tstamp>
    </comp>
    <comp ref="R28">
      <value>2k2</value>
      <footprint>Resistor_SMD:R_0805_2012Metric_Pad1.15x1.40mm_HandSolder</footprint>
      <datasheet>~</datasheet>
      <libsource lib="Device" part="R" description="Resistor"/>
      <sheetpath names="/" tstamps="/"/>
      <tstamp>6148E40A</tstamp>
    </comp>
    <comp ref="R33">
      <value>1M</value>
      <footprint>Resistor_SMD:R_0805_2012Metric_Pad1.15x1.40mm_HandSolder</footprint>
      <datasheet>~</datasheet>
      <libsource lib="Device" part="R" description="Resistor"/>
      <sheetpath names="/" tstamps="/"/>
      <tstamp>6148E426</tstamp>
    </comp>
    <comp ref="R29">
      <value>2k2</value>
      <footprint>Resistor_SMD:R_0805_2012Metric_Pad1.15x1.40mm_HandSolder</footprint>
      <datasheet>~</datasheet>
      <libsource lib="Device" part="R" description="Resistor"/>
      <sheetpath names="/" tstamps="/"/>
      <tstamp>6148E430</tstamp>
    </comp>
    <comp ref="R25">
      <value>100k</value>
      <footprint>Resistor_SMD:R_0805_2012Metric_Pad1.15x1.40mm_HandSolder</footprint>
      <datasheet>~</datasheet>
      <libsource lib="Device" part="R" description="Resistor"/>
      <sheetpath names="/" tstamps="/"/>
      <tstamp>6148E447</tstamp>
    </comp>
    <comp ref="R39">
      <value>100k</value>
      <footprint>Resistor_SMD:R_0805_2012Metric_Pad1.15x1.40mm_HandSolder</footprint>
      <datasheet>~</datasheet>
      <libsource lib="Device" part="R" description="Resistor"/>
      <sheetpath names="/" tstamps="/"/>
      <tstamp>6148E463</tstamp>
    </comp>
    <comp ref="R40">
      <value>100k</value>
      <footprint>Resistor_SMD:R_0805_2012Metric_Pad1.15x1.40mm_HandSolder</footprint>
      <datasheet>~</datasheet>
      <libsource lib="Device" part="R" description="Resistor"/>
      <sheetpath names="/" tstamps="/"/>
      <tstamp>6148E46D</tstamp>
    </comp>
    <comp ref="R38">
      <value>47k</value>
      <footprint>Resistor_SMD:R_0805_2012Metric_Pad1.15x1.40mm_HandSolder</footprint>
      <datasheet>~</datasheet>
      <libsource lib="Device" part="R" description="Resistor"/>
      <sheetpath names="/" tstamps="/"/>
      <tstamp>6148E47F</tstamp>
    </comp>
    <comp ref="R41">
      <value>47k</value>
      <footprint>Resistor_SMD:R_0805_2012Metric_Pad1.15x1.40mm_HandSolder</footprint>
      <datasheet>~</datasheet>
      <libsource lib="Device" part="R" description="Resistor"/>
      <sheetpath names="/" tstamps="/"/>
      <tstamp>6148E489</tstamp>
    </comp>
    <comp ref="R43">
      <value>10k</value>
      <footprint>Resistor_SMD:R_0805_2012Metric_Pad1.15x1.40mm_HandSolder</footprint>
      <datasheet>~</datasheet>
      <libsource lib="Device" part="R" description="Resistor"/>
      <sheetpath names="/" tstamps="/"/>
      <tstamp>6148E493</tstamp>
    </comp>
    <comp ref="R45">
      <value>10k</value>
      <footprint>Resistor_SMD:R_0805_2012Metric_Pad1.15x1.40mm_HandSolder</footprint>
      <datasheet>~</datasheet>
      <libsource lib="Device" part="R" description="Resistor"/>
      <sheetpath names="/" tstamps="/"/>
      <tstamp>6148E4A7</tstamp>
    </comp>
    <comp ref="D2">
      <value>1n4148</value>
      <footprint>Diode_SMD:D_SOD-123_silky</footprint>
      <datasheet>~</datasheet>
      <libsource lib="Device" part="D" description="Diode"/>
      <sheetpath names="/" tstamps="/"/>
      <tstamp>6148E4BF</tstamp>
    </comp>
    <comp ref="R47">
      <value>10k</value>
      <footprint>Resistor_SMD:R_0805_2012Metric_Pad1.15x1.40mm_HandSolder</footprint>
      <datasheet>~</datasheet>
      <libsource lib="Device" part="R" description="Resistor"/>
      <sheetpath names="/" tstamps="/"/>
      <tstamp>6148E4C9</tstamp>
    </comp>
    <comp ref="Q8">
      <value>BC547</value>
      <footprint>Package_TO_SOT_THT:TO-92_Inline_Wide</footprint>
      <datasheet>http://www.fairchildsemi.com/ds/BC/BC547.pdf</datasheet>
      <libsource lib="Transistor_BJT" part="BC547" description="0.1A Ic, 45V Vce, Small Signal NPN Transistor, TO-92"/>
      <sheetpath names="/" tstamps="/"/>
      <tstamp>6148E4F1</tstamp>
    </comp>
    <comp ref="R49">
      <value>47k</value>
      <footprint>Resistor_SMD:R_0805_2012Metric_Pad1.15x1.40mm_HandSolder</footprint>
      <datasheet>~</datasheet>
      <libsource lib="Device" part="R" description="Resistor"/>
      <sheetpath names="/" tstamps="/"/>
      <tstamp>6148E508</tstamp>
    </comp>
    <comp ref="J15">
      <value>RANGE2</value>
      <footprint>Connector_PinHeader_2.54mm:PinHeader_1x02_P2.54mm_Vertical</footprint>
      <datasheet>~</datasheet>
      <libsource lib="Connector" part="Conn_01x02_Male" description="Generic connector, single row, 01x02, script generated (kicad-library-utils/schlib/autogen/connector/)"/>
      <sheetpath names="/" tstamps="/"/>
      <tstamp>6148E53A</tstamp>
    </comp>
    <comp ref="J10">
      <value>POWER</value>
      <footprint>TerminalBlock_TE-Connectivity:TerminalBlock_TE_282834-4_1x04_P2.54mm_Horizontal</footprint>
      <datasheet>~</datasheet>
      <libsource lib="Connector" part="Conn_01x04_Male" description="Generic connector, single row, 01x04, script generated (kicad-library-utils/schlib/autogen/connector/)"/>
      <sheetpath names="/" tstamps="/"/>
      <tstamp>614DBD21</tstamp>
    </comp>
    <comp ref="FB2">
      <value>Ferrite_Bead</value>
      <footprint>Inductor_THT:L_Axial_L5.0mm_D3.6mm_P10.00mm_Horizontal_Murata_BL01RN1A2A2</footprint>
      <datasheet>~</datasheet>
      <libsource lib="Device" part="Ferrite_Bead" description="Ferrite bead"/>
      <sheetpath names="/" tstamps="/"/>
      <tstamp>614DE390</tstamp>
    </comp>
    <comp ref="FB1">
      <value>Ferrite_Bead</value>
      <footprint>Inductor_THT:L_Axial_L5.0mm_D3.6mm_P10.00mm_Horizontal_Murata_BL01RN1A2A2</footprint>
      <datasheet>~</datasheet>
      <libsource lib="Device" part="Ferrite_Bead" description="Ferrite bead"/>
      <sheetpath names="/" tstamps="/"/>
      <tstamp>614E06F7</tstamp>
    </comp>
    <comp ref="BP5">
      <value>22u</value>
      <footprint>Capacitor_THT:CP_Radial_D6.3mm_P2.50mm</footprint>
      <datasheet>~</datasheet>
      <libsource lib="Device" part="CP" description="Polarized capacitor"/>
      <sheetpath names="/" tstamps="/"/>
      <tstamp>614E1841</tstamp>
    </comp>
    <comp ref="BP6">
      <value>22u</value>
      <footprint>Capacitor_THT:CP_Radial_D6.3mm_P2.50mm</footprint>
      <datasheet>~</datasheet>
      <libsource lib="Device" part="CP" description="Polarized capacitor"/>
      <sheetpath names="/" tstamps="/"/>
      <tstamp>614E3D6A</tstamp>
    </comp>
    <comp ref="BP3">
      <value>100n</value>
      <footprint>Capacitor_SMD:C_0805_2012Metric_Pad1.15x1.40mm_HandSolder</footprint>
      <datasheet>~</datasheet>
      <libsource lib="Device" part="C" description="Unpolarized capacitor"/>
      <sheetpath names="/" tstamps="/"/>
      <tstamp>614E76F7</tstamp>
    </comp>
    <comp ref="BP4">
      <value>100n</value>
      <footprint>Capacitor_SMD:C_0805_2012Metric_Pad1.15x1.40mm_HandSolder</footprint>
      <datasheet>~</datasheet>
      <libsource lib="Device" part="C" description="Unpolarized capacitor"/>
      <sheetpath names="/" tstamps="/"/>
      <tstamp>614E81E2</tstamp>
    </comp>
    <comp ref="BP1">
      <value>100n</value>
      <footprint>Capacitor_SMD:C_0805_2012Metric_Pad1.15x1.40mm_HandSolder</footprint>
      <datasheet>~</datasheet>
      <libsource lib="Device" part="C" description="Unpolarized capacitor"/>
      <sheetpath names="/" tstamps="/"/>
      <tstamp>614EBA55</tstamp>
    </comp>
    <comp ref="BP2">
      <value>100n</value>
      <footprint>Capacitor_SMD:C_0805_2012Metric_Pad1.15x1.40mm_HandSolder</footprint>
      <datasheet>~</datasheet>
      <libsource lib="Device" part="C" description="Unpolarized capacitor"/>
      <sheetpath names="/" tstamps="/"/>
      <tstamp>614ED002</tstamp>
    </comp>
    <comp ref="R11">
      <value>10R</value>
      <footprint>Resistor_SMD:R_0805_2012Metric_Pad1.15x1.40mm_HandSolder</footprint>
      <datasheet>~</datasheet>
      <libsource lib="Device" part="R" description="Resistor"/>
      <sheetpath names="/" tstamps="/"/>
      <tstamp>61647A8B</tstamp>
    </comp>
    <comp ref="C2">
      <value>100n</value>
      <footprint>Capacitor_SMD:C_0805_2012Metric_Pad1.15x1.40mm_HandSolder</footprint>
      <datasheet>~</datasheet>
      <libsource lib="Device" part="C" description="Unpolarized capacitor"/>
      <sheetpath names="/" tstamps="/"/>
      <tstamp>61648EA4</tstamp>
    </comp>
    <comp ref="C1">
      <value>220u</value>
      <footprint>Capacitor_THT:CP_Radial_D8.0mm_P3.50mm</footprint>
      <datasheet>~</datasheet>
      <libsource lib="Device" part="CP" description="Polarized capacitor"/>
      <sheetpath names="/" tstamps="/"/>
      <tstamp>6164A07C</tstamp>
    </comp>
  </components>
  <libparts>
    <libpart lib="Amplifier_Operational" part="LM2902">
      <aliases>
        <alias>LM324</alias>
        <alias>TLC274</alias>
        <alias>TLC279</alias>
        <alias>TL074</alias>
        <alias>LM324A</alias>
        <alias>MCP6004</alias>
        <alias>TL084</alias>
        <alias>TL064</alias>
        <alias>LMV324</alias>
        <alias>LMC6484</alias>
        <alias>MCP604</alias>
        <alias>MC33079</alias>
        <alias>MC33174</alias>
        <alias>MC33179</alias>
        <alias>OPA1604</alias>
        <alias>OPA4134</alias>
        <alias>OPA4340UA</alias>
        <alias>OPA4376</alias>
        <alias>MCP6L94</alias>
        <alias>TSV914</alias>
        <alias>ADA4807-4</alias>
        <alias>TSV994</alias>
      </aliases>
      <description>Low-Power, Quad-Operational Amplifiers, DIP-14/SOIC-14/SSOP-14</description>
      <docs>http://www.ti.com/lit/ds/symlink/lm2902-n.pdf</docs>
      <footprints>
        <fp>SOIC*3.9x8.7mm*P1.27mm*</fp>
        <fp>DIP*W7.62mm*</fp>
        <fp>TSSOP*4.4x5mm*P0.65mm*</fp>
        <fp>SSOP*5.3x6.2mm*P0.65mm*</fp>
        <fp>MSOP*3x3mm*P0.5mm*</fp>
      </footprints>
      <fields>
        <field name="Reference">U</field>
        <field name="Value">LM2902</field>
      </fields>
      <pins>
        <pin num="1" name="~" type="output"/>
        <pin num="2" name="-" type="input"/>
        <pin num="3" name="+" type="input"/>
        <pin num="4" name="V+" type="power_in"/>
        <pin num="5" name="+" type="input"/>
        <pin num="6" name="-" type="input"/>
        <pin num="7" name="~" type="output"/>
        <pin num="8" name="~" type="output"/>
        <pin num="9" name="-" type="input"/>
        <pin num="10" name="+" type="input"/>
        <pin num="11" name="V-" type="power_in"/>
        <pin num="12" name="+" type="input"/>
        <pin num="13" name="-" type="input"/>
        <pin num="14" name="~" type="output"/>
      </pins>
    </libpart>
    <libpart lib="Connector" part="Conn_01x01_Female">
      <description>Generic connector, single row, 01x01, script generated (kicad-library-utils/schlib/autogen/connector/)</description>
      <docs>~</docs>
      <footprints>
        <fp>Connector*:*</fp>
      </footprints>
      <fields>
        <field name="Reference">J</field>
        <field name="Value">Conn_01x01_Female</field>
      </fields>
      <pins>
        <pin num="1" name="Pin_1" type="passive"/>
      </pins>
    </libpart>
    <libpart lib="Connector" part="Conn_01x02_Male">
      <description>Generic connector, single row, 01x02, script generated (kicad-library-utils/schlib/autogen/connector/)</description>
      <docs>~</docs>
      <footprints>
        <fp>Connector*:*_1x??_*</fp>
      </footprints>
      <fields>
        <field name="Reference">J</field>
        <field name="Value">Conn_01x02_Male</field>
      </fields>
      <pins>
        <pin num="1" name="Pin_1" type="passive"/>
        <pin num="2" name="Pin_2" type="passive"/>
      </pins>
    </libpart>
    <libpart lib="Connector" part="Conn_01x04_Male">
      <description>Generic connector, single row, 01x04, script generated (kicad-library-utils/schlib/autogen/connector/)</description>
      <docs>~</docs>
      <footprints>
        <fp>Connector*:*_1x??_*</fp>
      </footprints>
      <fields>
        <field name="Reference">J</field>
        <field name="Value">Conn_01x04_Male</field>
      </fields>
      <pins>
        <pin num="1" name="Pin_1" type="passive"/>
        <pin num="2" name="Pin_2" type="passive"/>
        <pin num="3" name="Pin_3" type="passive"/>
        <pin num="4" name="Pin_4" type="passive"/>
      </pins>
    </libpart>
    <libpart lib="Connector" part="Conn_01x06_Female">
      <description>Generic connector, single row, 01x06, script generated (kicad-library-utils/schlib/autogen/connector/)</description>
      <docs>~</docs>
      <footprints>
        <fp>Connector*:*_1x??_*</fp>
      </footprints>
      <fields>
        <field name="Reference">J</field>
        <field name="Value">Conn_01x06_Female</field>
      </fields>
      <pins>
        <pin num="1" name="Pin_1" type="passive"/>
        <pin num="2" name="Pin_2" type="passive"/>
        <pin num="3" name="Pin_3" type="passive"/>
        <pin num="4" name="Pin_4" type="passive"/>
        <pin num="5" name="Pin_5" type="passive"/>
        <pin num="6" name="Pin_6" type="passive"/>
      </pins>
    </libpart>
    <libpart lib="Connector" part="Conn_01x06_Male">
      <description>Generic connector, single row, 01x06, script generated (kicad-library-utils/schlib/autogen/connector/)</description>
      <docs>~</docs>
      <footprints>
        <fp>Connector*:*_1x??_*</fp>
      </footprints>
      <fields>
        <field name="Reference">J</field>
        <field name="Value">Conn_01x06_Male</field>
      </fields>
      <pins>
        <pin num="1" name="Pin_1" type="passive"/>
        <pin num="2" name="Pin_2" type="passive"/>
        <pin num="3" name="Pin_3" type="passive"/>
        <pin num="4" name="Pin_4" type="passive"/>
        <pin num="5" name="Pin_5" type="passive"/>
        <pin num="6" name="Pin_6" type="passive"/>
      </pins>
    </libpart>
    <libpart lib="Device" part="C">
      <description>Unpolarized capacitor</description>
      <docs>~</docs>
      <footprints>
        <fp>C_*</fp>
      </footprints>
      <fields>
        <field name="Reference">C</field>
        <field name="Value">C</field>
      </fields>
      <pins>
        <pin num="1" name="~" type="passive"/>
        <pin num="2" name="~" type="passive"/>
      </pins>
    </libpart>
    <libpart lib="Device" part="CP">
      <description>Polarized capacitor</description>
      <docs>~</docs>
      <footprints>
        <fp>CP_*</fp>
      </footprints>
      <fields>
        <field name="Reference">C</field>
        <field name="Value">CP</field>
      </fields>
      <pins>
        <pin num="1" name="~" type="passive"/>
        <pin num="2" name="~" type="passive"/>
      </pins>
    </libpart>
    <libpart lib="Device" part="D">
      <description>Diode</description>
      <docs>~</docs>
      <footprints>
        <fp>TO-???*</fp>
        <fp>*_Diode_*</fp>
        <fp>*SingleDiode*</fp>
        <fp>D_*</fp>
      </footprints>
      <fields>
        <field name="Reference">D</field>
        <field name="Value">D</field>
      </fields>
      <pins>
        <pin num="1" name="K" type="passive"/>
        <pin num="2" name="A" type="passive"/>
      </pins>
    </libpart>
    <libpart lib="Device" part="Ferrite_Bead">
      <description>Ferrite bead</description>
      <docs>~</docs>
      <footprints>
        <fp>Inductor_*</fp>
        <fp>L_*</fp>
        <fp>*Ferrite*</fp>
      </footprints>
      <fields>
        <field name="Reference">FB</field>
        <field name="Value">Ferrite_Bead</field>
      </fields>
      <pins>
        <pin num="1" name="~" type="passive"/>
        <pin num="2" name="~" type="passive"/>
      </pins>
    </libpart>
    <libpart lib="Device" part="LED">
      <description>Light emitting diode</description>
      <docs>~</docs>
      <footprints>
        <fp>LED*</fp>
        <fp>LED_SMD:*</fp>
        <fp>LED_THT:*</fp>
      </footprints>
      <fields>
        <field name="Reference">D</field>
        <field name="Value">LED</field>
      </fields>
      <pins>
        <pin num="1" name="K" type="passive"/>
        <pin num="2" name="A" type="passive"/>
      </pins>
    </libpart>
    <libpart lib="Device" part="R">
      <description>Resistor</description>
      <docs>~</docs>
      <footprints>
        <fp>R_*</fp>
      </footprints>
      <fields>
        <field name="Reference">R</field>
        <field name="Value">R</field>
      </fields>
      <pins>
        <pin num="1" name="~" type="passive"/>
        <pin num="2" name="~" type="passive"/>
      </pins>
    </libpart>
    <libpart lib="Device" part="R_POT">
      <description>Potentiometer</description>
      <docs>~</docs>
      <footprints>
        <fp>Potentiometer*</fp>
      </footprints>
      <fields>
        <field name="Reference">RV</field>
        <field name="Value">R_POT</field>
      </fields>
      <pins>
        <pin num="1" name="1" type="passive"/>
        <pin num="2" name="2" type="passive"/>
        <pin num="3" name="3" type="passive"/>
      </pins>
    </libpart>
    <libpart lib="Transistor_BJT" part="BC547">
      <aliases>
        <alias>BC546</alias>
        <alias>BC548</alias>
        <alias>BC549</alias>
        <alias>BC550</alias>
        <alias>BC337</alias>
        <alias>BC338</alias>
      </aliases>
      <description>0.1A Ic, 45V Vce, Small Signal NPN Transistor, TO-92</description>
      <docs>http://www.fairchildsemi.com/ds/BC/BC547.pdf</docs>
      <footprints>
        <fp>TO?92*</fp>
      </footprints>
      <fields>
        <field name="Reference">Q</field>
        <field name="Value">BC547</field>
        <field name="Footprint">Package_TO_SOT_THT:TO-92_Inline</field>
      </fields>
      <pins>
        <pin num="1" name="C" type="passive"/>
        <pin num="2" name="B" type="input"/>
        <pin num="3" name="E" type="passive"/>
      </pins>
    </libpart>
    <libpart lib="Transistor_BJT" part="BC557">
      <aliases>
        <alias>BC556</alias>
        <alias>BC558</alias>
        <alias>BC559</alias>
        <alias>BC560</alias>
        <alias>BC327</alias>
        <alias>BC328</alias>
      </aliases>
      <description>0.1A Ic, 45V Vce, PNP Small Signal Transistor, TO-92</description>
      <docs>http://www.fairchildsemi.com/ds/BC/BC557.pdf</docs>
      <footprints>
        <fp>TO?92*</fp>
      </footprints>
      <fields>
        <field name="Reference">Q</field>
        <field name="Value">BC557</field>
        <field name="Footprint">Package_TO_SOT_THT:TO-92_Inline</field>
      </fields>
      <pins>
        <pin num="1" name="C" type="passive"/>
        <pin num="2" name="B" type="input"/>
        <pin num="3" name="E" type="passive"/>
      </pins>
    </libpart>
  </libparts>
  <libraries>
    <library logical="Amplifier_Operational">
      <uri>/Library/Application Support/kicad/library/Amplifier_Operational.lib</uri>
    </library>
    <library logical="Connector">
      <uri>/Library/Application Support/kicad/library/Connector.lib</uri>
    </library>
    <library logical="Device">
      <uri>/Library/Application Support/kicad/library/Device.lib</uri>
    </library>
    <library logical="Transistor_BJT">
      <uri>/Library/Application Support/kicad/library/Transistor_BJT.lib</uri>
    </library>
  </libraries>
  <nets>
    <net code="1" name="Net-(J2-Pad1)">
      <node ref="J2" pin="1"/>
      <node ref="R7" pin="2"/>
      <node ref="J5" pin="2"/>
    </net>
    <net code="2" name="Net-(R7-Pad1)">
      <node ref="R7" pin="1"/>
      <node ref="RV1" pin="1"/>
    </net>
    <net code="3" name="Net-(J5-Pad1)">
      <node ref="RV1" pin="2"/>
      <node ref="J5" pin="1"/>
    </net>
    <net code="4" name="Net-(RV1-Pad3)">
      <node ref="RV1" pin="3"/>
    </net>
    <net code="5" name="Net-(J3-Pad1)">
      <node ref="J3" pin="1"/>
      <node ref="R2" pin="1"/>
      <node ref="R5" pin="2"/>
    </net>
    <net code="6" name="GNDREF">
      <node ref="LED5" pin="1"/>
      <node ref="LED2" pin="1"/>
      <node ref="LED4" pin="1"/>
      <node ref="R3" pin="2"/>
      <node ref="R13" pin="2"/>
      <node ref="LED3" pin="1"/>
      <node ref="LED6" pin="1"/>
      <node ref="R15" pin="2"/>
      <node ref="R14" pin="2"/>
      <node ref="R2" pin="2"/>
      <node ref="R1" pin="2"/>
      <node ref="J5" pin="6"/>
      <node ref="LED1" pin="1"/>
    </net>
    <net code="7" name="Net-(Q2-Pad1)">
      <node ref="Q2" pin="1"/>
      <node ref="R5" pin="1"/>
      <node ref="R9" pin="1"/>
    </net>
    <net code="8" name="Net-(LED2-Pad2)">
      <node ref="R9" pin="2"/>
      <node ref="LED2" pin="2"/>
    </net>
    <net code="9" name="+VDC">
      <node ref="Q5" pin="3"/>
      <node ref="Q4" pin="3"/>
      <node ref="Q1" pin="3"/>
      <node ref="R12" pin="1"/>
      <node ref="Q2" pin="3"/>
      <node ref="J11" pin="6"/>
      <node ref="Q6" pin="3"/>
      <node ref="Q3" pin="3"/>
      <node ref="R23" pin="1"/>
    </net>
    <net code="10" name="Net-(J4-Pad1)">
      <node ref="R6" pin="2"/>
      <node ref="R3" pin="1"/>
      <node ref="J4" pin="1"/>
    </net>
    <net code="11" name="Net-(Q3-Pad1)">
      <node ref="Q3" pin="1"/>
      <node ref="R10" pin="1"/>
      <node ref="R6" pin="1"/>
    </net>
    <net code="12" name="Net-(LED3-Pad2)">
      <node ref="LED3" pin="2"/>
      <node ref="R10" pin="2"/>
    </net>
    <net code="13" name="Net-(J1-Pad1)">
      <node ref="R4" pin="2"/>
      <node ref="R1" pin="1"/>
      <node ref="J1" pin="1"/>
    </net>
    <net code="14" name="Net-(Q1-Pad1)">
      <node ref="Q1" pin="1"/>
      <node ref="R8" pin="1"/>
      <node ref="R4" pin="1"/>
    </net>
    <net code="15" name="Net-(LED1-Pad2)">
      <node ref="LED1" pin="2"/>
      <node ref="R8" pin="2"/>
    </net>
    <net code="16" name="Net-(J5-Pad3)">
      <node ref="Q2" pin="2"/>
      <node ref="J5" pin="3"/>
    </net>
    <net code="17" name="Net-(J5-Pad4)">
      <node ref="J5" pin="4"/>
      <node ref="R12" pin="2"/>
      <node ref="Q3" pin="2"/>
    </net>
    <net code="18" name="Net-(J5-Pad5)">
      <node ref="J5" pin="5"/>
      <node ref="Q1" pin="2"/>
    </net>
    <net code="19" name="Net-(J11-Pad2)">
      <node ref="J7" pin="1"/>
      <node ref="J11" pin="2"/>
      <node ref="R19" pin="2"/>
    </net>
    <net code="20" name="Net-(R19-Pad1)">
      <node ref="R19" pin="1"/>
      <node ref="RV2" pin="1"/>
    </net>
    <net code="21" name="Net-(J11-Pad1)">
      <node ref="RV2" pin="2"/>
      <node ref="J11" pin="1"/>
    </net>
    <net code="22" name="Net-(RV2-Pad3)">
      <node ref="RV2" pin="3"/>
    </net>
    <net code="23" name="Net-(J8-Pad1)">
      <node ref="R17" pin="2"/>
      <node ref="R14" pin="1"/>
      <node ref="J8" pin="1"/>
    </net>
    <net code="24" name="Net-(Q5-Pad1)">
      <node ref="R21" pin="1"/>
      <node ref="Q5" pin="1"/>
      <node ref="R17" pin="1"/>
    </net>
    <net code="25" name="Net-(LED5-Pad2)">
      <node ref="LED5" pin="2"/>
      <node ref="R21" pin="2"/>
    </net>
    <net code="26" name="Net-(J9-Pad1)">
      <node ref="R15" pin="1"/>
      <node ref="R18" pin="2"/>
      <node ref="J9" pin="1"/>
    </net>
    <net code="27" name="Net-(Q6-Pad1)">
      <node ref="R18" pin="1"/>
      <node ref="R22" pin="1"/>
      <node ref="Q6" pin="1"/>
    </net>
    <net code="28" name="Net-(LED6-Pad2)">
      <node ref="LED6" pin="2"/>
      <node ref="R22" pin="2"/>
    </net>
    <net code="29" name="Net-(J6-Pad1)">
      <node ref="R16" pin="2"/>
      <node ref="J6" pin="1"/>
      <node ref="R13" pin="1"/>
    </net>
    <net code="30" name="Net-(Q4-Pad1)">
      <node ref="R16" pin="1"/>
      <node ref="R20" pin="1"/>
      <node ref="Q4" pin="1"/>
    </net>
    <net code="31" name="Net-(LED4-Pad2)">
      <node ref="LED4" pin="2"/>
      <node ref="R20" pin="2"/>
    </net>
    <net code="32" name="Net-(J11-Pad3)">
      <node ref="J11" pin="3"/>
      <node ref="Q5" pin="2"/>
    </net>
    <net code="33" name="Net-(J11-Pad4)">
      <node ref="R23" pin="2"/>
      <node ref="J11" pin="4"/>
      <node ref="Q6" pin="2"/>
    </net>
    <net code="34" name="Net-(J11-Pad5)">
      <node ref="Q4" pin="2"/>
      <node ref="J11" pin="5"/>
    </net>
    <net code="35" name="Net-(J12-Pad4)">
      <node ref="J12" pin="4"/>
      <node ref="R48" pin="1"/>
    </net>
    <net code="36" name="Net-(J12-Pad5)">
      <node ref="J12" pin="5"/>
      <node ref="R44" pin="2"/>
      <node ref="R37" pin="2"/>
    </net>
    <net code="37" name="GND">
      <node ref="R47" pin="2"/>
      <node ref="D2" pin="2"/>
      <node ref="Q8" pin="3"/>
      <node ref="R24" pin="2"/>
      <node ref="J10" pin="2"/>
      <node ref="J10" pin="3"/>
      <node ref="BP5" pin="2"/>
      <node ref="BP6" pin="1"/>
      <node ref="BP3" pin="2"/>
      <node ref="BP4" pin="1"/>
      <node ref="BP1" pin="2"/>
      <node ref="BP2" pin="1"/>
      <node ref="R25" pin="2"/>
      <node ref="C6" pin="2"/>
      <node ref="C4" pin="2"/>
      <node ref="D1" pin="2"/>
      <node ref="R46" pin="2"/>
      <node ref="C1" pin="2"/>
      <node ref="C2" pin="2"/>
      <node ref="Q7" pin="3"/>
      <node ref="J12" pin="6"/>
      <node ref="C3" pin="2"/>
      <node ref="C5" pin="2"/>
    </net>
    <net code="38" name="Net-(C5-Pad1)">
      <node ref="C5" pin="1"/>
      <node ref="J14" pin="1"/>
    </net>
    <net code="39" name="+15V">
      <node ref="R30" pin="1"/>
      <node ref="R45" pin="1"/>
      <node ref="R43" pin="1"/>
      <node ref="FB1" pin="2"/>
      <node ref="BP5" pin="1"/>
      <node ref="BP3" pin="1"/>
      <node ref="U1" pin="4"/>
      <node ref="BP1" pin="1"/>
      <node ref="R42" pin="1"/>
      <node ref="R44" pin="1"/>
      <node ref="R11" pin="1"/>
      <node ref="R32" pin="1"/>
    </net>
    <net code="40" name="Net-(R26-Pad1)">
      <node ref="R26" pin="1"/>
      <node ref="R30" pin="2"/>
      <node ref="U1" pin="5"/>
    </net>
    <net code="41" name="Net-(R27-Pad1)">
      <node ref="U1" pin="2"/>
      <node ref="R31" pin="1"/>
      <node ref="R27" pin="1"/>
    </net>
    <net code="42" name="Net-(C3-Pad1)">
      <node ref="U1" pin="6"/>
      <node ref="J12" pin="1"/>
      <node ref="C3" pin="1"/>
      <node ref="U1" pin="3"/>
      <node ref="J14" pin="2"/>
    </net>
    <net code="43" name="-15V">
      <node ref="R31" pin="2"/>
      <node ref="R33" pin="2"/>
      <node ref="BP2" pin="2"/>
      <node ref="U1" pin="11"/>
      <node ref="BP4" pin="2"/>
      <node ref="BP6" pin="2"/>
      <node ref="FB2" pin="1"/>
    </net>
    <net code="44" name="Net-(J12-Pad2)">
      <node ref="R26" pin="2"/>
      <node ref="J12" pin="2"/>
      <node ref="R24" pin="1"/>
      <node ref="R27" pin="2"/>
    </net>
    <net code="45" name="Net-(R34-Pad2)">
      <node ref="R35" pin="1"/>
      <node ref="U1" pin="7"/>
      <node ref="R34" pin="2"/>
    </net>
    <net code="46" name="Net-(R36-Pad2)">
      <node ref="R36" pin="2"/>
      <node ref="R37" pin="1"/>
      <node ref="U1" pin="1"/>
    </net>
    <net code="47" name="Net-(D1-Pad1)">
      <node ref="D1" pin="1"/>
      <node ref="R35" pin="2"/>
      <node ref="R36" pin="1"/>
      <node ref="R46" pin="1"/>
      <node ref="Q7" pin="2"/>
    </net>
    <net code="48" name="Net-(Q7-Pad1)">
      <node ref="R48" pin="2"/>
      <node ref="Q7" pin="1"/>
    </net>
    <net code="49" name="Net-(J12-Pad3)">
      <node ref="R42" pin="2"/>
      <node ref="R34" pin="1"/>
      <node ref="J12" pin="3"/>
    </net>
    <net code="50" name="Net-(J13-Pad4)">
      <node ref="R49" pin="1"/>
      <node ref="J13" pin="4"/>
    </net>
    <net code="51" name="Net-(J13-Pad5)">
      <node ref="R45" pin="2"/>
      <node ref="R41" pin="2"/>
      <node ref="J13" pin="5"/>
    </net>
    <net code="52" name="Net-(C6-Pad1)">
      <node ref="J15" pin="1"/>
      <node ref="C6" pin="1"/>
    </net>
    <net code="53" name="Net-(R28-Pad1)">
      <node ref="R28" pin="1"/>
      <node ref="U1" pin="12"/>
      <node ref="R32" pin="2"/>
    </net>
    <net code="54" name="Net-(J13-Pad2)">
      <node ref="J13" pin="2"/>
      <node ref="R28" pin="2"/>
      <node ref="R29" pin="2"/>
      <node ref="R25" pin="1"/>
    </net>
    <net code="55" name="Net-(C4-Pad1)">
      <node ref="J15" pin="2"/>
      <node ref="U1" pin="10"/>
      <node ref="U1" pin="13"/>
      <node ref="J13" pin="1"/>
      <node ref="C4" pin="1"/>
    </net>
    <net code="56" name="Net-(R29-Pad1)">
      <node ref="U1" pin="9"/>
      <node ref="R33" pin="1"/>
      <node ref="R29" pin="1"/>
    </net>
    <net code="57" name="Net-(R38-Pad2)">
      <node ref="R39" pin="1"/>
      <node ref="R38" pin="2"/>
      <node ref="U1" pin="14"/>
    </net>
    <net code="58" name="Net-(R40-Pad2)">
      <node ref="R40" pin="2"/>
      <node ref="R41" pin="1"/>
      <node ref="U1" pin="8"/>
    </net>
    <net code="59" name="Net-(D2-Pad1)">
      <node ref="D2" pin="1"/>
      <node ref="R39" pin="2"/>
      <node ref="Q8" pin="2"/>
      <node ref="R47" pin="1"/>
      <node ref="R40" pin="1"/>
    </net>
    <net code="60" name="Net-(Q8-Pad1)">
      <node ref="Q8" pin="1"/>
      <node ref="R49" pin="2"/>
    </net>
    <net code="61" name="Net-(J13-Pad3)">
      <node ref="J13" pin="3"/>
      <node ref="R43" pin="2"/>
      <node ref="R38" pin="1"/>
    </net>
    <net code="62" name="VCC">
      <node ref="R11" pin="2"/>
      <node ref="C2" pin="1"/>
      <node ref="C1" pin="1"/>
      <node ref="J13" pin="6"/>
    </net>
    <net code="63" name="Net-(FB2-Pad2)">
      <node ref="FB2" pin="2"/>
      <node ref="J10" pin="1"/>
    </net>
    <net code="64" name="Net-(FB1-Pad1)">
      <node ref="FB1" pin="1"/>
      <node ref="J10" pin="4"/>
    </net>
  </nets>
</export>
