<?xml version="1.0" encoding="UTF-8"?>
<export version="D">
  <design>
    <source>/Users/usb/Desktop/Kicad/trap/trap.sch</source>
    <date>Tuesday, November 30, 2021 at 12:24:38 PM</date>
    <tool>Eeschema (5.1.2-1)-1</tool>
    <sheet number="1" name="/" tstamps="/">
      <title_block>
        <title>trapezoid</title>
        <company/>
        <rev>v02</rev>
        <date>2021</date>
        <source>trap.sch</source>
        <comment number="1" value=""/>
        <comment number="2" value="banana remix : matt hartman"/>
        <comment number="3" value="(c) J. Haible 2010"/>
        <comment number="4" value="based on JH Trapezoid VCA"/>
      </title_block>
    </sheet>
  </design>
  <components>
    <comp ref="Q1">
      <value>LS318</value>
      <footprint>Package_SO:SOIC-8_3.9x4.9mm_P1.27mm</footprint>
      <datasheet>https://www.analog.com/media/en/technical-documentation/obsolete-data-sheets/SSM2210.pdf</datasheet>
      <libsource lib="Transistor_BJT" part="SSM2210" description="Audio Dual Matched NPN transistor, DIP-8/SOIC-8"/>
      <sheetpath names="/" tstamps="/"/>
      <tstamp>61376728</tstamp>
    </comp>
    <comp ref="J1">
      <value>GATE</value>
      <footprint>Footprints2:BananaFoFanna4</footprint>
      <datasheet>~</datasheet>
      <libsource lib="Connector" part="Conn_01x01_Female" description="Generic connector, single row, 01x01, script generated (kicad-library-utils/schlib/autogen/connector/)"/>
      <sheetpath names="/" tstamps="/"/>
      <tstamp>6137871C</tstamp>
    </comp>
    <comp ref="R29">
      <value>51k</value>
      <footprint>Resistor_SMD:R_0805_2012Metric_Pad1.15x1.40mm_HandSolder</footprint>
      <datasheet>~</datasheet>
      <libsource lib="Device" part="R" description="Resistor"/>
      <sheetpath names="/" tstamps="/"/>
      <tstamp>613792E1</tstamp>
    </comp>
    <comp ref="R30">
      <value>51k</value>
      <footprint>Resistor_SMD:R_0805_2012Metric_Pad1.15x1.40mm_HandSolder</footprint>
      <datasheet>~</datasheet>
      <libsource lib="Device" part="R" description="Resistor"/>
      <sheetpath names="/" tstamps="/"/>
      <tstamp>613797C2</tstamp>
    </comp>
    <comp ref="Q3">
      <value>BC550</value>
      <footprint>Package_TO_SOT_THT:TO-92_Inline_Wide</footprint>
      <datasheet>http://www.fairchildsemi.com/ds/BC/BC547.pdf</datasheet>
      <libsource lib="Transistor_BJT" part="BC550" description="0.1A Ic, 45V Vce, Small Signal NPN Transistor, TO-92"/>
      <sheetpath names="/" tstamps="/"/>
      <tstamp>6137A798</tstamp>
    </comp>
    <comp ref="D9">
      <value>1N4148</value>
      <footprint>Diode_THT:D_DO-35_SOD27_P7.62mm_Horizontal</footprint>
      <datasheet>https://assets.nexperia.com/documents/data-sheet/1N4148_1N4448.pdf</datasheet>
      <libsource lib="Diode" part="1N4148" description="100V 0.15A standard switching diode, DO-35"/>
      <sheetpath names="/" tstamps="/"/>
      <tstamp>6137C931</tstamp>
    </comp>
    <comp ref="D8">
      <value>1N4148</value>
      <footprint>Diode_THT:D_DO-35_SOD27_P7.62mm_Horizontal</footprint>
      <datasheet>https://assets.nexperia.com/documents/data-sheet/1N4148_1N4448.pdf</datasheet>
      <libsource lib="Diode" part="1N4148" description="100V 0.15A standard switching diode, DO-35"/>
      <sheetpath names="/" tstamps="/"/>
      <tstamp>6137F602</tstamp>
    </comp>
    <comp ref="RV1">
      <value>B10k</value>
      <footprint>Footprints2:Potentiometer_Alpha_RD901F-40-00D_Single_Vertical_Center</footprint>
      <datasheet>~</datasheet>
      <libsource lib="Device" part="R_POT" description="Potentiometer"/>
      <sheetpath names="/" tstamps="/"/>
      <tstamp>613883FF</tstamp>
    </comp>
    <comp ref="R7">
      <value>91k</value>
      <footprint>Resistor_SMD:R_0805_2012Metric_Pad1.15x1.40mm_HandSolder</footprint>
      <datasheet>~</datasheet>
      <libsource lib="Device" part="R" description="Resistor"/>
      <sheetpath names="/" tstamps="/"/>
      <tstamp>6138AE30</tstamp>
    </comp>
    <comp ref="R8">
      <value>150k</value>
      <footprint>Resistor_SMD:R_0805_2012Metric_Pad1.15x1.40mm_HandSolder</footprint>
      <datasheet>~</datasheet>
      <libsource lib="Device" part="R" description="Resistor"/>
      <sheetpath names="/" tstamps="/"/>
      <tstamp>6138B766</tstamp>
    </comp>
    <comp ref="J2">
      <value>CV</value>
      <footprint>Footprints2:BananaFoFanna4</footprint>
      <datasheet>~</datasheet>
      <libsource lib="Connector" part="Conn_01x01_Female" description="Generic connector, single row, 01x01, script generated (kicad-library-utils/schlib/autogen/connector/)"/>
      <sheetpath names="/" tstamps="/"/>
      <tstamp>6138DE35</tstamp>
    </comp>
    <comp ref="R2">
      <value>100k</value>
      <footprint>Resistor_SMD:R_0805_2012Metric_Pad1.15x1.40mm_HandSolder</footprint>
      <datasheet>~</datasheet>
      <libsource lib="Device" part="R" description="Resistor"/>
      <sheetpath names="/" tstamps="/"/>
      <tstamp>6138E6B5</tstamp>
    </comp>
    <comp ref="U1">
      <value>LM324</value>
      <footprint>Package_SO:SOIC-14_3.9x8.7mm_P1.27mm</footprint>
      <datasheet>http://www.ti.com/lit/ds/symlink/lm2902-n.pdf</datasheet>
      <libsource lib="Amplifier_Operational" part="LM324" description="Low-Power, Quad-Operational Amplifiers, DIP-14/SOIC-14/SSOP-14"/>
      <sheetpath names="/" tstamps="/"/>
      <tstamp>6138F1D7</tstamp>
    </comp>
    <comp ref="R1">
      <value>100k</value>
      <footprint>Resistor_SMD:R_0805_2012Metric_Pad1.15x1.40mm_HandSolder</footprint>
      <datasheet>~</datasheet>
      <libsource lib="Device" part="R" description="Resistor"/>
      <sheetpath names="/" tstamps="/"/>
      <tstamp>61392BE6</tstamp>
    </comp>
    <comp ref="R4">
      <value>100k</value>
      <footprint>Resistor_SMD:R_0805_2012Metric_Pad1.15x1.40mm_HandSolder</footprint>
      <datasheet>~</datasheet>
      <libsource lib="Device" part="R" description="Resistor"/>
      <sheetpath names="/" tstamps="/"/>
      <tstamp>61395BAE</tstamp>
    </comp>
    <comp ref="R3">
      <value>100k</value>
      <footprint>Resistor_SMD:R_0805_2012Metric_Pad1.15x1.40mm_HandSolder</footprint>
      <datasheet>~</datasheet>
      <libsource lib="Device" part="R" description="Resistor"/>
      <sheetpath names="/" tstamps="/"/>
      <tstamp>613961BC</tstamp>
    </comp>
    <comp ref="SW3">
      <value>ON/ON</value>
      <footprint>w_switch:switch_100sp5</footprint>
      <datasheet>~</datasheet>
      <libsource lib="Switch" part="SW_SPDT" description="Switch, single pole double throw"/>
      <sheetpath names="/" tstamps="/"/>
      <tstamp>6139E3F9</tstamp>
    </comp>
    <comp ref="R5">
      <value>10k</value>
      <footprint>Resistor_SMD:R_0805_2012Metric_Pad1.15x1.40mm_HandSolder</footprint>
      <datasheet>~</datasheet>
      <libsource lib="Device" part="R" description="Resistor"/>
      <sheetpath names="/" tstamps="/"/>
      <tstamp>613A0AF1</tstamp>
    </comp>
    <comp ref="R6">
      <value>1k</value>
      <footprint>Resistor_SMD:R_0805_2012Metric_Pad1.15x1.40mm_HandSolder</footprint>
      <datasheet>~</datasheet>
      <libsource lib="Device" part="R" description="Resistor"/>
      <sheetpath names="/" tstamps="/"/>
      <tstamp>613A13E8</tstamp>
    </comp>
    <comp ref="SW1">
      <value>ON/ON</value>
      <footprint>w_switch:switch_100sp5</footprint>
      <datasheet>~</datasheet>
      <libsource lib="Switch" part="SW_SPDT" description="Switch, single pole double throw"/>
      <sheetpath names="/" tstamps="/"/>
      <tstamp>613C7FD2</tstamp>
    </comp>
    <comp ref="C3">
      <value>10u</value>
      <footprint>Capacitor_THT:CP_Radial_D6.3mm_P2.50mm</footprint>
      <datasheet>~</datasheet>
      <libsource lib="Device" part="CP" description="Polarized capacitor"/>
      <sheetpath names="/" tstamps="/"/>
      <tstamp>613CA540</tstamp>
    </comp>
    <comp ref="R12">
      <value>10k</value>
      <footprint>Resistor_SMD:R_0805_2012Metric_Pad1.15x1.40mm_HandSolder</footprint>
      <datasheet>~</datasheet>
      <libsource lib="Device" part="R" description="Resistor"/>
      <sheetpath names="/" tstamps="/"/>
      <tstamp>613CEEF4</tstamp>
    </comp>
    <comp ref="D3">
      <value>7V5</value>
      <footprint>Diode_THT:D_DO-35_SOD27_P7.62mm_Horizontal</footprint>
      <datasheet>~</datasheet>
      <libsource lib="Device" part="D_Zener" description="Zener diode"/>
      <sheetpath names="/" tstamps="/"/>
      <tstamp>613D1D2F</tstamp>
    </comp>
    <comp ref="C1">
      <value>470n</value>
      <footprint>Capacitor_THT:C_Rect_L7.2mm_W5.5mm_P5.00mm_FKS2_FKP2_MKS2_MKP2</footprint>
      <datasheet>~</datasheet>
      <libsource lib="Device" part="C" description="Unpolarized capacitor"/>
      <sheetpath names="/" tstamps="/"/>
      <tstamp>613D2FAB</tstamp>
    </comp>
    <comp ref="C2">
      <value>1u</value>
      <footprint>Capacitor_THT:C_Rect_L7.2mm_W5.5mm_P5.00mm_FKS2_FKP2_MKS2_MKP2</footprint>
      <datasheet>~</datasheet>
      <libsource lib="Device" part="C" description="Unpolarized capacitor"/>
      <sheetpath names="/" tstamps="/"/>
      <tstamp>613D3C7E</tstamp>
    </comp>
    <comp ref="R48">
      <value>1M</value>
      <footprint>Resistor_SMD:R_0805_2012Metric_Pad1.15x1.40mm_HandSolder</footprint>
      <datasheet>~</datasheet>
      <libsource lib="Device" part="R" description="Resistor"/>
      <sheetpath names="/" tstamps="/"/>
      <tstamp>613F0B64</tstamp>
    </comp>
    <comp ref="BP1">
      <value>100n</value>
      <footprint>Capacitor_SMD:C_0805_2012Metric_Pad1.15x1.40mm_HandSolder</footprint>
      <datasheet>~</datasheet>
      <libsource lib="Device" part="C" description="Unpolarized capacitor"/>
      <sheetpath names="/" tstamps="/"/>
      <tstamp>613FE67B</tstamp>
    </comp>
    <comp ref="BP2">
      <value>100n</value>
      <footprint>Capacitor_SMD:C_0805_2012Metric_Pad1.15x1.40mm_HandSolder</footprint>
      <datasheet>~</datasheet>
      <libsource lib="Device" part="C" description="Unpolarized capacitor"/>
      <sheetpath names="/" tstamps="/"/>
      <tstamp>613FF1B5</tstamp>
    </comp>
    <comp ref="J4">
      <value>TRAP</value>
      <footprint>Footprints2:BananaFoFanna4</footprint>
      <datasheet>~</datasheet>
      <libsource lib="Connector" part="Conn_01x01_Female" description="Generic connector, single row, 01x01, script generated (kicad-library-utils/schlib/autogen/connector/)"/>
      <sheetpath names="/" tstamps="/"/>
      <tstamp>614179C9</tstamp>
    </comp>
    <comp ref="J6">
      <value>PART</value>
      <footprint>Footprints2:BananaFoFanna4</footprint>
      <datasheet>~</datasheet>
      <libsource lib="Connector" part="Conn_01x01_Female" description="Generic connector, single row, 01x01, script generated (kicad-library-utils/schlib/autogen/connector/)"/>
      <sheetpath names="/" tstamps="/"/>
      <tstamp>614193C7</tstamp>
    </comp>
    <comp ref="R26">
      <value>470R</value>
      <footprint>Resistor_SMD:R_0805_2012Metric_Pad1.15x1.40mm_HandSolder</footprint>
      <datasheet>~</datasheet>
      <libsource lib="Device" part="R" description="Resistor"/>
      <sheetpath names="/" tstamps="/"/>
      <tstamp>61419F6A</tstamp>
    </comp>
    <comp ref="R27">
      <value>470R</value>
      <footprint>Resistor_SMD:R_0805_2012Metric_Pad1.15x1.40mm_HandSolder</footprint>
      <datasheet>~</datasheet>
      <libsource lib="Device" part="R" description="Resistor"/>
      <sheetpath names="/" tstamps="/"/>
      <tstamp>6141AA81</tstamp>
    </comp>
    <comp ref="J5">
      <value>1A</value>
      <footprint>Connector_PinSocket_2.54mm:PinSocket_1x04_P2.54mm_Vertical</footprint>
      <datasheet>~</datasheet>
      <libsource lib="Connector" part="Conn_01x04_Female" description="Generic connector, single row, 01x04, script generated (kicad-library-utils/schlib/autogen/connector/)"/>
      <sheetpath names="/" tstamps="/"/>
      <tstamp>6141FFC6</tstamp>
    </comp>
    <comp ref="D10">
      <value>2mA</value>
      <footprint>Footprints2:LED-5MMcenter</footprint>
      <datasheet>~</datasheet>
      <libsource lib="Device" part="LED" description="Light emitting diode"/>
      <sheetpath names="/" tstamps="/"/>
      <tstamp>6142E4A4</tstamp>
    </comp>
    <comp ref="D2">
      <value>1N4148</value>
      <footprint>Diode_THT:D_DO-35_SOD27_P7.62mm_Horizontal</footprint>
      <datasheet>https://assets.nexperia.com/documents/data-sheet/1N4148_1N4448.pdf</datasheet>
      <libsource lib="Diode" part="1N4148" description="100V 0.15A standard switching diode, DO-35"/>
      <sheetpath names="/" tstamps="/"/>
      <tstamp>614305B5</tstamp>
    </comp>
    <comp ref="RV4">
      <value>A1M</value>
      <footprint>Footprints2:Potentiometer_Alpha_RD901F-40-00D_Single_Vertical_Center</footprint>
      <datasheet>~</datasheet>
      <libsource lib="Device" part="R_POT" description="Potentiometer"/>
      <sheetpath names="/" tstamps="/"/>
      <tstamp>61437DEB</tstamp>
    </comp>
    <comp ref="D1">
      <value>1N4148</value>
      <footprint>Diode_THT:D_DO-35_SOD27_P7.62mm_Horizontal</footprint>
      <datasheet>https://assets.nexperia.com/documents/data-sheet/1N4148_1N4448.pdf</datasheet>
      <libsource lib="Diode" part="1N4148" description="100V 0.15A standard switching diode, DO-35"/>
      <sheetpath names="/" tstamps="/"/>
      <tstamp>6143BCA3</tstamp>
    </comp>
    <comp ref="J7">
      <value>2A</value>
      <footprint>Connector_PinSocket_2.54mm:PinSocket_1x06_P2.54mm_Vertical</footprint>
      <datasheet>~</datasheet>
      <libsource lib="Connector" part="Conn_01x06_Female" description="Generic connector, single row, 01x06, script generated (kicad-library-utils/schlib/autogen/connector/)"/>
      <sheetpath names="/" tstamps="/"/>
      <tstamp>614492EA</tstamp>
    </comp>
    <comp ref="RV3">
      <value>A1M</value>
      <footprint>Footprints2:Potentiometer_Alpha_RD901F-40-00D_Single_Vertical_Center</footprint>
      <datasheet>~</datasheet>
      <libsource lib="Device" part="R_POT" description="Potentiometer"/>
      <sheetpath names="/" tstamps="/"/>
      <tstamp>61480A30</tstamp>
    </comp>
    <comp ref="RV2">
      <value>A1M</value>
      <footprint>Footprints2:Potentiometer_Alpha_RD901F-40-00D_Single_Vertical_Center</footprint>
      <datasheet>~</datasheet>
      <libsource lib="Device" part="R_POT" description="Potentiometer"/>
      <sheetpath names="/" tstamps="/"/>
      <tstamp>61481C06</tstamp>
    </comp>
    <comp ref="D5">
      <value>1N4148</value>
      <footprint>Diode_THT:D_DO-35_SOD27_P7.62mm_Horizontal</footprint>
      <datasheet>https://assets.nexperia.com/documents/data-sheet/1N4148_1N4448.pdf</datasheet>
      <libsource lib="Diode" part="1N4148" description="100V 0.15A standard switching diode, DO-35"/>
      <sheetpath names="/" tstamps="/"/>
      <tstamp>6148A845</tstamp>
    </comp>
    <comp ref="D4">
      <value>1N4148</value>
      <footprint>Diode_THT:D_DO-35_SOD27_P7.62mm_Horizontal</footprint>
      <datasheet>https://assets.nexperia.com/documents/data-sheet/1N4148_1N4448.pdf</datasheet>
      <libsource lib="Diode" part="1N4148" description="100V 0.15A standard switching diode, DO-35"/>
      <sheetpath names="/" tstamps="/"/>
      <tstamp>6148D5F5</tstamp>
    </comp>
    <comp ref="J3">
      <value>3A</value>
      <footprint>Connector_PinSocket_2.54mm:PinSocket_1x04_P2.54mm_Vertical</footprint>
      <datasheet>~</datasheet>
      <libsource lib="Connector" part="Conn_01x04_Female" description="Generic connector, single row, 01x04, script generated (kicad-library-utils/schlib/autogen/connector/)"/>
      <sheetpath names="/" tstamps="/"/>
      <tstamp>614A8BBA</tstamp>
    </comp>
    <comp ref="J10">
      <value>1B</value>
      <footprint>Connector_PinHeader_2.54mm:PinHeader_1x04_P2.54mm_Vertical</footprint>
      <datasheet>~</datasheet>
      <libsource lib="Connector" part="Conn_01x04_Male" description="Generic connector, single row, 01x04, script generated (kicad-library-utils/schlib/autogen/connector/)"/>
      <sheetpath names="/" tstamps="/"/>
      <tstamp>61521CC3</tstamp>
    </comp>
    <comp ref="Q4">
      <value>BC550</value>
      <footprint>Package_TO_SOT_THT:TO-92_Inline_Wide</footprint>
      <datasheet>http://www.fairchildsemi.com/ds/BC/BC547.pdf</datasheet>
      <libsource lib="Transistor_BJT" part="BC550" description="0.1A Ic, 45V Vce, Small Signal NPN Transistor, TO-92"/>
      <sheetpath names="/" tstamps="/"/>
      <tstamp>615235ED</tstamp>
    </comp>
    <comp ref="R32">
      <value>20k</value>
      <footprint>Resistor_SMD:R_0805_2012Metric_Pad1.15x1.40mm_HandSolder</footprint>
      <datasheet>~</datasheet>
      <libsource lib="Device" part="R" description="Resistor"/>
      <sheetpath names="/" tstamps="/"/>
      <tstamp>6152A6FB</tstamp>
    </comp>
    <comp ref="R31">
      <value>10k</value>
      <footprint>Resistor_SMD:R_0805_2012Metric_Pad1.15x1.40mm_HandSolder</footprint>
      <datasheet>~</datasheet>
      <libsource lib="Device" part="R" description="Resistor"/>
      <sheetpath names="/" tstamps="/"/>
      <tstamp>6152D135</tstamp>
    </comp>
    <comp ref="R33">
      <value>51k</value>
      <footprint>Resistor_SMD:R_0805_2012Metric_Pad1.15x1.40mm_HandSolder</footprint>
      <datasheet>~</datasheet>
      <libsource lib="Device" part="R" description="Resistor"/>
      <sheetpath names="/" tstamps="/"/>
      <tstamp>61546FCF</tstamp>
    </comp>
    <comp ref="Q5">
      <value>BC560</value>
      <footprint>Package_TO_SOT_THT:TO-92_Inline_Wide</footprint>
      <datasheet>http://www.fairchildsemi.com/ds/BC/BC557.pdf</datasheet>
      <libsource lib="Transistor_BJT" part="BC560" description="0.1A Ic, 45V Vce, PNP Small Signal Transistor, TO-92"/>
      <sheetpath names="/" tstamps="/"/>
      <tstamp>61547E05</tstamp>
    </comp>
    <comp ref="R35">
      <value>1k</value>
      <footprint>Resistor_SMD:R_0805_2012Metric_Pad1.15x1.40mm_HandSolder</footprint>
      <datasheet>~</datasheet>
      <libsource lib="Device" part="R" description="Resistor"/>
      <sheetpath names="/" tstamps="/"/>
      <tstamp>6155B38D</tstamp>
    </comp>
    <comp ref="C6">
      <value>1u</value>
      <footprint>Capacitor_THT:C_Rect_L7.2mm_W5.5mm_P5.00mm_FKS2_FKP2_MKS2_MKP2</footprint>
      <datasheet>~</datasheet>
      <libsource lib="Device" part="C" description="Unpolarized capacitor"/>
      <sheetpath names="/" tstamps="/"/>
      <tstamp>6155C29B</tstamp>
    </comp>
    <comp ref="C5">
      <value>1u</value>
      <footprint>Capacitor_THT:C_Rect_L7.2mm_W5.5mm_P5.00mm_FKS2_FKP2_MKS2_MKP2</footprint>
      <datasheet>~</datasheet>
      <libsource lib="Device" part="C" description="Unpolarized capacitor"/>
      <sheetpath names="/" tstamps="/"/>
      <tstamp>6155DA78</tstamp>
    </comp>
    <comp ref="C4">
      <value>470n</value>
      <footprint>Capacitor_THT:C_Rect_L7.2mm_W5.5mm_P5.00mm_FKS2_FKP2_MKS2_MKP2</footprint>
      <datasheet>~</datasheet>
      <libsource lib="Device" part="C" description="Unpolarized capacitor"/>
      <sheetpath names="/" tstamps="/"/>
      <tstamp>6155EB54</tstamp>
    </comp>
    <comp ref="R34">
      <value>10k</value>
      <footprint>Resistor_SMD:R_0805_2012Metric_Pad1.15x1.40mm_HandSolder</footprint>
      <datasheet>~</datasheet>
      <libsource lib="Device" part="R" description="Resistor"/>
      <sheetpath names="/" tstamps="/"/>
      <tstamp>6157CAA6</tstamp>
    </comp>
    <comp ref="R19">
      <value>1M</value>
      <footprint>Resistor_SMD:R_0805_2012Metric_Pad1.15x1.40mm_HandSolder</footprint>
      <datasheet>~</datasheet>
      <libsource lib="Device" part="R" description="Resistor"/>
      <sheetpath names="/" tstamps="/"/>
      <tstamp>615C6806</tstamp>
    </comp>
    <comp ref="R20">
      <value>10k</value>
      <footprint>Resistor_SMD:R_0805_2012Metric_Pad1.15x1.40mm_HandSolder</footprint>
      <datasheet>~</datasheet>
      <libsource lib="Device" part="R" description="Resistor"/>
      <sheetpath names="/" tstamps="/"/>
      <tstamp>615C82BD</tstamp>
    </comp>
    <comp ref="R21">
      <value>10k</value>
      <footprint>Resistor_SMD:R_0805_2012Metric_Pad1.15x1.40mm_HandSolder</footprint>
      <datasheet>~</datasheet>
      <libsource lib="Device" part="R" description="Resistor"/>
      <sheetpath names="/" tstamps="/"/>
      <tstamp>615DBD80</tstamp>
    </comp>
    <comp ref="R22">
      <value>100k</value>
      <footprint>Resistor_SMD:R_0805_2012Metric_Pad1.15x1.40mm_HandSolder</footprint>
      <datasheet>~</datasheet>
      <libsource lib="Device" part="R" description="Resistor"/>
      <sheetpath names="/" tstamps="/"/>
      <tstamp>615E7FF5</tstamp>
    </comp>
    <comp ref="D7">
      <value>1N4148</value>
      <footprint>Diode_THT:D_DO-35_SOD27_P7.62mm_Horizontal</footprint>
      <datasheet>https://assets.nexperia.com/documents/data-sheet/1N4148_1N4448.pdf</datasheet>
      <libsource lib="Diode" part="1N4148" description="100V 0.15A standard switching diode, DO-35"/>
      <sheetpath names="/" tstamps="/"/>
      <tstamp>61620739</tstamp>
    </comp>
    <comp ref="D6">
      <value>1N4148</value>
      <footprint>Diode_THT:D_DO-35_SOD27_P7.62mm_Horizontal</footprint>
      <datasheet>https://assets.nexperia.com/documents/data-sheet/1N4148_1N4448.pdf</datasheet>
      <libsource lib="Diode" part="1N4148" description="100V 0.15A standard switching diode, DO-35"/>
      <sheetpath names="/" tstamps="/"/>
      <tstamp>61622D46</tstamp>
    </comp>
    <comp ref="R23">
      <value>20k</value>
      <footprint>Resistor_SMD:R_0805_2012Metric_Pad1.15x1.40mm_HandSolder</footprint>
      <datasheet>~</datasheet>
      <libsource lib="Device" part="R" description="Resistor"/>
      <sheetpath names="/" tstamps="/"/>
      <tstamp>61641290</tstamp>
    </comp>
    <comp ref="R24">
      <value>130k</value>
      <footprint>Resistor_SMD:R_0805_2012Metric_Pad1.15x1.40mm_HandSolder</footprint>
      <datasheet>~</datasheet>
      <libsource lib="Device" part="R" description="Resistor"/>
      <sheetpath names="/" tstamps="/"/>
      <tstamp>6164248C</tstamp>
    </comp>
    <comp ref="R25">
      <value>30k</value>
      <footprint>Resistor_SMD:R_0805_2012Metric_Pad1.15x1.40mm_HandSolder</footprint>
      <datasheet>~</datasheet>
      <libsource lib="Device" part="R" description="Resistor"/>
      <sheetpath names="/" tstamps="/"/>
      <tstamp>6168AA03</tstamp>
    </comp>
    <comp ref="U4">
      <value>LM741</value>
      <footprint>Package_SO:SOIC-8_3.9x4.9mm_P1.27mm</footprint>
      <datasheet>http://www.ti.com/lit/ds/symlink/lm741.pdf</datasheet>
      <libsource lib="Amplifier_Operational" part="LM741" description="Operational Amplifier, DIP-8/TO-99-8"/>
      <sheetpath names="/" tstamps="/"/>
      <tstamp>6175202C</tstamp>
    </comp>
    <comp ref="R28">
      <value>100k</value>
      <footprint>Resistor_SMD:R_0805_2012Metric_Pad1.15x1.40mm_HandSolder</footprint>
      <datasheet>~</datasheet>
      <libsource lib="Device" part="R" description="Resistor"/>
      <sheetpath names="/" tstamps="/"/>
      <tstamp>61760F30</tstamp>
    </comp>
    <comp ref="J8">
      <value>2B</value>
      <footprint>Connector_PinHeader_2.54mm:PinHeader_1x06_P2.54mm_Vertical</footprint>
      <datasheet>~</datasheet>
      <libsource lib="Connector" part="Conn_01x06_Male" description="Generic connector, single row, 01x06, script generated (kicad-library-utils/schlib/autogen/connector/)"/>
      <sheetpath names="/" tstamps="/"/>
      <tstamp>61807F04</tstamp>
    </comp>
    <comp ref="R11">
      <value>2k2</value>
      <footprint>Resistor_SMD:R_0805_2012Metric_Pad1.15x1.40mm_HandSolder</footprint>
      <datasheet>~</datasheet>
      <libsource lib="Device" part="R" description="Resistor"/>
      <sheetpath names="/" tstamps="/"/>
      <tstamp>6181A529</tstamp>
    </comp>
    <comp ref="R10">
      <value>2k4</value>
      <footprint>Resistor_SMD:R_0805_2012Metric_Pad1.15x1.40mm_HandSolder</footprint>
      <datasheet>~</datasheet>
      <libsource lib="Device" part="R" description="Resistor"/>
      <sheetpath names="/" tstamps="/"/>
      <tstamp>6181C07F</tstamp>
    </comp>
    <comp ref="R9">
      <value>3k6</value>
      <footprint>Resistor_SMD:R_0805_2012Metric_Pad1.15x1.40mm_HandSolder</footprint>
      <datasheet>~</datasheet>
      <libsource lib="Device" part="R" description="Resistor"/>
      <sheetpath names="/" tstamps="/"/>
      <tstamp>6184E65F</tstamp>
    </comp>
    <comp ref="J9">
      <value>3B</value>
      <footprint>Connector_PinHeader_2.54mm:PinHeader_1x04_P2.54mm_Vertical</footprint>
      <datasheet>~</datasheet>
      <libsource lib="Connector" part="Conn_01x04_Male" description="Generic connector, single row, 01x04, script generated (kicad-library-utils/schlib/autogen/connector/)"/>
      <sheetpath names="/" tstamps="/"/>
      <tstamp>61943D58</tstamp>
    </comp>
    <comp ref="J11">
      <value>PWR</value>
      <footprint>TerminalBlock_TE-Connectivity:TerminalBlock_TE_282834-4_1x04_P2.54mm_Horizontal</footprint>
      <datasheet>~</datasheet>
      <libsource lib="Connector" part="Conn_01x04_Male" description="Generic connector, single row, 01x04, script generated (kicad-library-utils/schlib/autogen/connector/)"/>
      <sheetpath names="/" tstamps="/"/>
      <tstamp>61CD28F8</tstamp>
    </comp>
    <comp ref="C20">
      <value>10u</value>
      <footprint>Capacitor_THT:CP_Radial_D6.3mm_P2.50mm</footprint>
      <datasheet>~</datasheet>
      <libsource lib="Device" part="CP" description="Polarized capacitor"/>
      <sheetpath names="/" tstamps="/"/>
      <tstamp>61CD51E7</tstamp>
    </comp>
    <comp ref="C19">
      <value>10u</value>
      <footprint>Capacitor_THT:CP_Radial_D6.3mm_P2.50mm</footprint>
      <datasheet>~</datasheet>
      <libsource lib="Device" part="CP" description="Polarized capacitor"/>
      <sheetpath names="/" tstamps="/"/>
      <tstamp>61CD6B0A</tstamp>
    </comp>
    <comp ref="U5">
      <value>78L12</value>
      <footprint>Package_TO_SOT_THT:TO-92_Inline_Wide</footprint>
      <datasheet>http://www.st.com/content/ccc/resource/technical/document/datasheet/15/55/e5/aa/23/5b/43/fd/CD00000446.pdf/files/CD00000446.pdf/jcr:content/translations/en.CD00000446.pdf</datasheet>
      <libsource lib="Regulator_Linear" part="L78L12_TO92" description="Positive 100mA 30V Linear Regulator, Fixed Output 12V, TO-92"/>
      <sheetpath names="/" tstamps="/"/>
      <tstamp>61D51597</tstamp>
    </comp>
    <comp ref="D18">
      <value>1N4002</value>
      <footprint>Diode_THT:D_DO-41_SOD81_P10.16mm_Horizontal</footprint>
      <datasheet>http://www.vishay.com/docs/88503/1n4001.pdf</datasheet>
      <libsource lib="Diode" part="1N4002" description="100V 1A General Purpose Rectifier Diode, DO-41"/>
      <sheetpath names="/" tstamps="/"/>
      <tstamp>61DB995D</tstamp>
    </comp>
    <comp ref="D19">
      <value>1N4002</value>
      <footprint>Diode_THT:D_DO-41_SOD81_P10.16mm_Horizontal</footprint>
      <datasheet>http://www.vishay.com/docs/88503/1n4001.pdf</datasheet>
      <libsource lib="Diode" part="1N4002" description="100V 1A General Purpose Rectifier Diode, DO-41"/>
      <sheetpath names="/" tstamps="/"/>
      <tstamp>61DBC0C0</tstamp>
    </comp>
    <comp ref="U6">
      <value>79L12</value>
      <footprint>Package_TO_SOT_THT:TO-92_Inline_Wide</footprint>
      <datasheet>http://www.farnell.com/datasheets/1827870.pdf</datasheet>
      <libsource lib="Regulator_Linear" part="L79L12_TO92" description="Negative 100mA -30V Linear Regulator, Fixed Output -5V, TO-92"/>
      <sheetpath names="/" tstamps="/"/>
      <tstamp>61D6DC51</tstamp>
    </comp>
    <comp ref="D16">
      <value>1N4002</value>
      <footprint>Diode_THT:D_DO-41_SOD81_P10.16mm_Horizontal</footprint>
      <datasheet>http://www.vishay.com/docs/88503/1n4001.pdf</datasheet>
      <libsource lib="Diode" part="1N4002" description="100V 1A General Purpose Rectifier Diode, DO-41"/>
      <sheetpath names="/" tstamps="/"/>
      <tstamp>61E2539D</tstamp>
    </comp>
    <comp ref="D17">
      <value>1N4002</value>
      <footprint>Diode_THT:D_DO-41_SOD81_P10.16mm_Horizontal</footprint>
      <datasheet>http://www.vishay.com/docs/88503/1n4001.pdf</datasheet>
      <libsource lib="Diode" part="1N4002" description="100V 1A General Purpose Rectifier Diode, DO-41"/>
      <sheetpath names="/" tstamps="/"/>
      <tstamp>61E88D99</tstamp>
    </comp>
    <comp ref="C22">
      <value>10u</value>
      <footprint>Capacitor_THT:CP_Radial_D6.3mm_P2.50mm</footprint>
      <datasheet>~</datasheet>
      <libsource lib="Device" part="CP" description="Polarized capacitor"/>
      <sheetpath names="/" tstamps="/"/>
      <tstamp>61FD0F33</tstamp>
    </comp>
    <comp ref="C21">
      <value>10u</value>
      <footprint>Capacitor_THT:CP_Radial_D6.3mm_P2.50mm</footprint>
      <datasheet>~</datasheet>
      <libsource lib="Device" part="CP" description="Polarized capacitor"/>
      <sheetpath names="/" tstamps="/"/>
      <tstamp>61FD1492</tstamp>
    </comp>
    <comp ref="U2">
      <value>LM324</value>
      <footprint>Package_SO:SOIC-14_3.9x8.7mm_P1.27mm</footprint>
      <datasheet>http://www.ti.com/lit/ds/symlink/lm2902-n.pdf</datasheet>
      <libsource lib="Amplifier_Operational" part="LM324" description="Low-Power, Quad-Operational Amplifiers, DIP-14/SOIC-14/SSOP-14"/>
      <sheetpath names="/" tstamps="/"/>
      <tstamp>6208C635</tstamp>
    </comp>
    <comp ref="BP5">
      <value>100n</value>
      <footprint>Capacitor_SMD:C_0805_2012Metric_Pad1.15x1.40mm_HandSolder</footprint>
      <datasheet>~</datasheet>
      <libsource lib="Device" part="C" description="Unpolarized capacitor"/>
      <sheetpath names="/" tstamps="/"/>
      <tstamp>620918E0</tstamp>
    </comp>
    <comp ref="BP6">
      <value>100n</value>
      <footprint>Capacitor_SMD:C_0805_2012Metric_Pad1.15x1.40mm_HandSolder</footprint>
      <datasheet>~</datasheet>
      <libsource lib="Device" part="C" description="Unpolarized capacitor"/>
      <sheetpath names="/" tstamps="/"/>
      <tstamp>6209224A</tstamp>
    </comp>
    <comp ref="U3">
      <value>TL072</value>
      <footprint>Package_SO:SOIC-8_3.9x4.9mm_P1.27mm</footprint>
      <datasheet>http://www.ti.com/lit/ds/symlink/tl071.pdf</datasheet>
      <libsource lib="Amplifier_Operational" part="TL072" description="Dual Low-Noise JFET-Input Operational Amplifiers, DIP-8/SOIC-8"/>
      <sheetpath names="/" tstamps="/"/>
      <tstamp>62093E03</tstamp>
    </comp>
    <comp ref="BP3">
      <value>100n</value>
      <footprint>Capacitor_SMD:C_0805_2012Metric_Pad1.15x1.40mm_HandSolder</footprint>
      <datasheet>~</datasheet>
      <libsource lib="Device" part="C" description="Unpolarized capacitor"/>
      <sheetpath names="/" tstamps="/"/>
      <tstamp>62095F22</tstamp>
    </comp>
    <comp ref="BP4">
      <value>100n</value>
      <footprint>Capacitor_SMD:C_0805_2012Metric_Pad1.15x1.40mm_HandSolder</footprint>
      <datasheet>~</datasheet>
      <libsource lib="Device" part="C" description="Unpolarized capacitor"/>
      <sheetpath names="/" tstamps="/"/>
      <tstamp>620964FF</tstamp>
    </comp>
    <comp ref="BP8">
      <value>100n</value>
      <footprint>Capacitor_SMD:C_0805_2012Metric_Pad1.15x1.40mm_HandSolder</footprint>
      <datasheet>~</datasheet>
      <libsource lib="Device" part="C" description="Unpolarized capacitor"/>
      <sheetpath names="/" tstamps="/"/>
      <tstamp>623F9620</tstamp>
    </comp>
    <comp ref="BP7">
      <value>100n</value>
      <footprint>Capacitor_SMD:C_0805_2012Metric_Pad1.15x1.40mm_HandSolder</footprint>
      <datasheet>~</datasheet>
      <libsource lib="Device" part="C" description="Unpolarized capacitor"/>
      <sheetpath names="/" tstamps="/"/>
      <tstamp>623FA54B</tstamp>
    </comp>
    <comp ref="R15">
      <value>680k</value>
      <footprint>Resistor_SMD:R_0805_2012Metric_Pad1.15x1.40mm_HandSolder</footprint>
      <datasheet>~</datasheet>
      <libsource lib="Device" part="R" description="Resistor"/>
      <sheetpath names="/" tstamps="/"/>
      <tstamp>6195A08C</tstamp>
    </comp>
    <comp ref="R18">
      <value>1k</value>
      <footprint>Resistor_SMD:R_0805_2012Metric_Pad1.15x1.40mm_HandSolder</footprint>
      <datasheet>~</datasheet>
      <libsource lib="Device" part="R" description="Resistor"/>
      <sheetpath names="/" tstamps="/"/>
      <tstamp>61BCEA69</tstamp>
    </comp>
    <comp ref="R37">
      <value>51k</value>
      <footprint>Resistor_SMD:R_0805_2012Metric_Pad1.15x1.40mm_HandSolder</footprint>
      <datasheet>~</datasheet>
      <libsource lib="Device" part="R" description="Resistor"/>
      <sheetpath names="/" tstamps="/"/>
      <tstamp>61AB2849</tstamp>
    </comp>
    <comp ref="R38">
      <value>30k</value>
      <footprint>Resistor_SMD:R_0805_2012Metric_Pad1.15x1.40mm_HandSolder</footprint>
      <datasheet>~</datasheet>
      <libsource lib="Device" part="R" description="Resistor"/>
      <sheetpath names="/" tstamps="/"/>
      <tstamp>61AB1386</tstamp>
    </comp>
    <comp ref="R17">
      <value>100k</value>
      <footprint>Resistor_SMD:R_0805_2012Metric_Pad1.15x1.40mm_HandSolder</footprint>
      <datasheet>~</datasheet>
      <libsource lib="Device" part="R" description="Resistor"/>
      <sheetpath names="/" tstamps="/"/>
      <tstamp>61A5513E</tstamp>
    </comp>
    <comp ref="R41">
      <value>51k</value>
      <footprint>Resistor_SMD:R_0805_2012Metric_Pad1.15x1.40mm_HandSolder</footprint>
      <datasheet>~</datasheet>
      <libsource lib="Device" part="R" description="Resistor"/>
      <sheetpath names="/" tstamps="/"/>
      <tstamp>619EE663</tstamp>
    </comp>
    <comp ref="R42">
      <value>30k</value>
      <footprint>Resistor_SMD:R_0805_2012Metric_Pad1.15x1.40mm_HandSolder</footprint>
      <datasheet>~</datasheet>
      <libsource lib="Device" part="R" description="Resistor"/>
      <sheetpath names="/" tstamps="/"/>
      <tstamp>619E9501</tstamp>
    </comp>
    <comp ref="R16">
      <value>100k</value>
      <footprint>Resistor_SMD:R_0805_2012Metric_Pad1.15x1.40mm_HandSolder</footprint>
      <datasheet>~</datasheet>
      <libsource lib="Device" part="R" description="Resistor"/>
      <sheetpath names="/" tstamps="/"/>
      <tstamp>619D478C</tstamp>
    </comp>
    <comp ref="R14">
      <value>160k</value>
      <footprint>Resistor_SMD:R_0805_2012Metric_Pad1.15x1.40mm_HandSolder</footprint>
      <datasheet>~</datasheet>
      <libsource lib="Device" part="R" description="Resistor"/>
      <sheetpath names="/" tstamps="/"/>
      <tstamp>61947668</tstamp>
    </comp>
    <comp ref="R13">
      <value>200k</value>
      <footprint>Resistor_SMD:R_0805_2012Metric_Pad1.15x1.40mm_HandSolder</footprint>
      <datasheet>~</datasheet>
      <libsource lib="Device" part="R" description="Resistor"/>
      <sheetpath names="/" tstamps="/"/>
      <tstamp>61945516</tstamp>
    </comp>
    <comp ref="J12">
      <value>PUSH</value>
      <footprint>Connector_PinHeader_2.54mm:PinHeader_1x02_P2.54mm_Vertical</footprint>
      <datasheet>~</datasheet>
      <libsource lib="Connector" part="Conn_01x02_Male" description="Generic connector, single row, 01x02, script generated (kicad-library-utils/schlib/autogen/connector/)"/>
      <sheetpath names="/" tstamps="/"/>
      <tstamp>618E4ACE</tstamp>
    </comp>
    <comp ref="J14">
      <value>0V</value>
      <footprint>Connector_PinHeader_2.54mm:PinHeader_1x01_P2.54mm_Vertical</footprint>
      <datasheet>~</datasheet>
      <libsource lib="Connector" part="Conn_01x01_Male" description="Generic connector, single row, 01x01, script generated (kicad-library-utils/schlib/autogen/connector/)"/>
      <sheetpath names="/" tstamps="/"/>
      <tstamp>619153A3</tstamp>
    </comp>
  </components>
  <libparts>
    <libpart lib="Amplifier_Operational" part="LM2902">
      <aliases>
        <alias>LM324</alias>
        <alias>TLC274</alias>
        <alias>TLC279</alias>
        <alias>TL074</alias>
        <alias>LM324A</alias>
        <alias>MCP6004</alias>
        <alias>TL084</alias>
        <alias>TL064</alias>
        <alias>LMV324</alias>
        <alias>LMC6484</alias>
        <alias>MCP604</alias>
        <alias>MC33079</alias>
        <alias>MC33174</alias>
        <alias>MC33179</alias>
        <alias>OPA1604</alias>
        <alias>OPA4134</alias>
        <alias>OPA4340UA</alias>
        <alias>OPA4376</alias>
        <alias>MCP6L94</alias>
        <alias>TSV914</alias>
        <alias>ADA4807-4</alias>
        <alias>TSV994</alias>
      </aliases>
      <description>Low-Power, Quad-Operational Amplifiers, DIP-14/SOIC-14/SSOP-14</description>
      <docs>http://www.ti.com/lit/ds/symlink/lm2902-n.pdf</docs>
      <footprints>
        <fp>SOIC*3.9x8.7mm*P1.27mm*</fp>
        <fp>DIP*W7.62mm*</fp>
        <fp>TSSOP*4.4x5mm*P0.65mm*</fp>
        <fp>SSOP*5.3x6.2mm*P0.65mm*</fp>
        <fp>MSOP*3x3mm*P0.5mm*</fp>
      </footprints>
      <fields>
        <field name="Reference">U</field>
        <field name="Value">LM2902</field>
      </fields>
      <pins>
        <pin num="1" name="~" type="output"/>
        <pin num="2" name="-" type="input"/>
        <pin num="3" name="+" type="input"/>
        <pin num="4" name="V+" type="power_in"/>
        <pin num="5" name="+" type="input"/>
        <pin num="6" name="-" type="input"/>
        <pin num="7" name="~" type="output"/>
        <pin num="8" name="~" type="output"/>
        <pin num="9" name="-" type="input"/>
        <pin num="10" name="+" type="input"/>
        <pin num="11" name="V-" type="power_in"/>
        <pin num="12" name="+" type="input"/>
        <pin num="13" name="-" type="input"/>
        <pin num="14" name="~" type="output"/>
      </pins>
    </libpart>
    <libpart lib="Amplifier_Operational" part="LM2904">
      <aliases>
        <alias>LM358</alias>
        <alias>AD8620</alias>
        <alias>LMC6062</alias>
        <alias>LMC6082</alias>
        <alias>TL062</alias>
        <alias>TL072</alias>
        <alias>TL082</alias>
        <alias>NE5532</alias>
        <alias>SA5532</alias>
        <alias>RC4558</alias>
        <alias>RC4560</alias>
        <alias>RC4580</alias>
        <alias>LMV358</alias>
        <alias>TS912</alias>
        <alias>TSV912IDT</alias>
        <alias>TSV912IST</alias>
        <alias>TLC272</alias>
        <alias>TLC277</alias>
        <alias>MCP602</alias>
        <alias>OPA2134</alias>
        <alias>OPA2340</alias>
        <alias>OPA2376xxD</alias>
        <alias>OPA2376xxDGK</alias>
        <alias>MC33078</alias>
        <alias>MC33178</alias>
        <alias>LM4562</alias>
        <alias>OP249</alias>
        <alias>OP275</alias>
        <alias>ADA4075-2</alias>
        <alias>MCP6002-xP</alias>
        <alias>MCP6002-xSN</alias>
        <alias>MCP6002-xMS</alias>
        <alias>LM7332</alias>
        <alias>OPA2333xxD</alias>
        <alias>OPA2333xxDGK</alias>
        <alias>LMC6482</alias>
        <alias>LT1492</alias>
        <alias>LTC6081xMS8</alias>
        <alias>LM6172</alias>
        <alias>MCP6L92</alias>
        <alias>NJM2043</alias>
        <alias>NJM2114</alias>
        <alias>NJM4556A</alias>
        <alias>NJM4558</alias>
        <alias>NJM4559</alias>
        <alias>NJM4560</alias>
        <alias>NJM4580</alias>
        <alias>NJM5532</alias>
        <alias>ADA4807-2ARM</alias>
        <alias>OPA2691</alias>
        <alias>LT6234</alias>
        <alias>OPA2356xxD</alias>
        <alias>OPA2356xxDGK</alias>
        <alias>OPA1612AxD</alias>
        <alias>MC33172</alias>
        <alias>OPA1602</alias>
        <alias>TLV2372</alias>
        <alias>LT6237</alias>
      </aliases>
      <description>Dual Operational Amplifiers, DIP-8/SOIC-8/TSSOP-8/VSSOP-8</description>
      <docs>http://www.ti.com/lit/ds/symlink/lm358.pdf</docs>
      <footprints>
        <fp>SOIC*3.9x4.9mm*P1.27mm*</fp>
        <fp>DIP*W7.62mm*</fp>
        <fp>TO*99*</fp>
        <fp>OnSemi*Micro8*</fp>
        <fp>TSSOP*3x3mm*P0.65mm*</fp>
        <fp>TSSOP*4.4x3mm*P0.65mm*</fp>
        <fp>MSOP*3x3mm*P0.65mm*</fp>
        <fp>SSOP*3.9x4.9mm*P0.635mm*</fp>
        <fp>LFCSP*2x2mm*P0.5mm*</fp>
        <fp>*SIP*</fp>
        <fp>SOIC*5.3x6.2mm*P1.27mm*</fp>
      </footprints>
      <fields>
        <field name="Reference">U</field>
        <field name="Value">LM2904</field>
      </fields>
      <pins>
        <pin num="1" name="~" type="output"/>
        <pin num="2" name="-" type="input"/>
        <pin num="3" name="+" type="input"/>
        <pin num="4" name="V-" type="power_in"/>
        <pin num="5" name="+" type="input"/>
        <pin num="6" name="-" type="input"/>
        <pin num="7" name="~" type="output"/>
        <pin num="8" name="V+" type="power_in"/>
      </pins>
    </libpart>
    <libpart lib="Amplifier_Operational" part="LM741">
      <aliases>
        <alias>AD8610</alias>
        <alias>LF155</alias>
        <alias>LF156</alias>
        <alias>LF256</alias>
        <alias>LF257</alias>
        <alias>LF355</alias>
        <alias>LF356</alias>
        <alias>LF357</alias>
        <alias>TL081</alias>
        <alias>TL061</alias>
        <alias>TL071</alias>
      </aliases>
      <description>Operational Amplifier, DIP-8/TO-99-8</description>
      <docs>http://www.ti.com/lit/ds/symlink/lm741.pdf</docs>
      <footprints>
        <fp>SOIC*3.9x4.9mm*P1.27mm*</fp>
        <fp>DIP*W7.62mm*</fp>
        <fp>TSSOP*3x3mm*P0.65mm*</fp>
      </footprints>
      <fields>
        <field name="Reference">U</field>
        <field name="Value">LM741</field>
      </fields>
      <pins>
        <pin num="1" name="NULL" type="input"/>
        <pin num="2" name="-" type="input"/>
        <pin num="3" name="+" type="input"/>
        <pin num="4" name="V-" type="power_in"/>
        <pin num="5" name="NULL" type="input"/>
        <pin num="6" name="~" type="output"/>
        <pin num="7" name="V+" type="power_in"/>
        <pin num="8" name="NC" type="NotConnected"/>
      </pins>
    </libpart>
    <libpart lib="Connector" part="Conn_01x01_Female">
      <description>Generic connector, single row, 01x01, script generated (kicad-library-utils/schlib/autogen/connector/)</description>
      <docs>~</docs>
      <footprints>
        <fp>Connector*:*</fp>
      </footprints>
      <fields>
        <field name="Reference">J</field>
        <field name="Value">Conn_01x01_Female</field>
      </fields>
      <pins>
        <pin num="1" name="Pin_1" type="passive"/>
      </pins>
    </libpart>
    <libpart lib="Connector" part="Conn_01x01_Male">
      <description>Generic connector, single row, 01x01, script generated (kicad-library-utils/schlib/autogen/connector/)</description>
      <docs>~</docs>
      <footprints>
        <fp>Connector*:*</fp>
      </footprints>
      <fields>
        <field name="Reference">J</field>
        <field name="Value">Conn_01x01_Male</field>
      </fields>
      <pins>
        <pin num="1" name="Pin_1" type="passive"/>
      </pins>
    </libpart>
    <libpart lib="Connector" part="Conn_01x02_Male">
      <description>Generic connector, single row, 01x02, script generated (kicad-library-utils/schlib/autogen/connector/)</description>
      <docs>~</docs>
      <footprints>
        <fp>Connector*:*_1x??_*</fp>
      </footprints>
      <fields>
        <field name="Reference">J</field>
        <field name="Value">Conn_01x02_Male</field>
      </fields>
      <pins>
        <pin num="1" name="Pin_1" type="passive"/>
        <pin num="2" name="Pin_2" type="passive"/>
      </pins>
    </libpart>
    <libpart lib="Connector" part="Conn_01x04_Female">
      <description>Generic connector, single row, 01x04, script generated (kicad-library-utils/schlib/autogen/connector/)</description>
      <docs>~</docs>
      <footprints>
        <fp>Connector*:*_1x??_*</fp>
      </footprints>
      <fields>
        <field name="Reference">J</field>
        <field name="Value">Conn_01x04_Female</field>
      </fields>
      <pins>
        <pin num="1" name="Pin_1" type="passive"/>
        <pin num="2" name="Pin_2" type="passive"/>
        <pin num="3" name="Pin_3" type="passive"/>
        <pin num="4" name="Pin_4" type="passive"/>
      </pins>
    </libpart>
    <libpart lib="Connector" part="Conn_01x04_Male">
      <description>Generic connector, single row, 01x04, script generated (kicad-library-utils/schlib/autogen/connector/)</description>
      <docs>~</docs>
      <footprints>
        <fp>Connector*:*_1x??_*</fp>
      </footprints>
      <fields>
        <field name="Reference">J</field>
        <field name="Value">Conn_01x04_Male</field>
      </fields>
      <pins>
        <pin num="1" name="Pin_1" type="passive"/>
        <pin num="2" name="Pin_2" type="passive"/>
        <pin num="3" name="Pin_3" type="passive"/>
        <pin num="4" name="Pin_4" type="passive"/>
      </pins>
    </libpart>
    <libpart lib="Connector" part="Conn_01x06_Female">
      <description>Generic connector, single row, 01x06, script generated (kicad-library-utils/schlib/autogen/connector/)</description>
      <docs>~</docs>
      <footprints>
        <fp>Connector*:*_1x??_*</fp>
      </footprints>
      <fields>
        <field name="Reference">J</field>
        <field name="Value">Conn_01x06_Female</field>
      </fields>
      <pins>
        <pin num="1" name="Pin_1" type="passive"/>
        <pin num="2" name="Pin_2" type="passive"/>
        <pin num="3" name="Pin_3" type="passive"/>
        <pin num="4" name="Pin_4" type="passive"/>
        <pin num="5" name="Pin_5" type="passive"/>
        <pin num="6" name="Pin_6" type="passive"/>
      </pins>
    </libpart>
    <libpart lib="Connector" part="Conn_01x06_Male">
      <description>Generic connector, single row, 01x06, script generated (kicad-library-utils/schlib/autogen/connector/)</description>
      <docs>~</docs>
      <footprints>
        <fp>Connector*:*_1x??_*</fp>
      </footprints>
      <fields>
        <field name="Reference">J</field>
        <field name="Value">Conn_01x06_Male</field>
      </fields>
      <pins>
        <pin num="1" name="Pin_1" type="passive"/>
        <pin num="2" name="Pin_2" type="passive"/>
        <pin num="3" name="Pin_3" type="passive"/>
        <pin num="4" name="Pin_4" type="passive"/>
        <pin num="5" name="Pin_5" type="passive"/>
        <pin num="6" name="Pin_6" type="passive"/>
      </pins>
    </libpart>
    <libpart lib="Device" part="C">
      <description>Unpolarized capacitor</description>
      <docs>~</docs>
      <footprints>
        <fp>C_*</fp>
      </footprints>
      <fields>
        <field name="Reference">C</field>
        <field name="Value">C</field>
      </fields>
      <pins>
        <pin num="1" name="~" type="passive"/>
        <pin num="2" name="~" type="passive"/>
      </pins>
    </libpart>
    <libpart lib="Device" part="CP">
      <description>Polarized capacitor</description>
      <docs>~</docs>
      <footprints>
        <fp>CP_*</fp>
      </footprints>
      <fields>
        <field name="Reference">C</field>
        <field name="Value">CP</field>
      </fields>
      <pins>
        <pin num="1" name="~" type="passive"/>
        <pin num="2" name="~" type="passive"/>
      </pins>
    </libpart>
    <libpart lib="Device" part="D_Zener">
      <description>Zener diode</description>
      <docs>~</docs>
      <footprints>
        <fp>TO-???*</fp>
        <fp>*_Diode_*</fp>
        <fp>*SingleDiode*</fp>
        <fp>D_*</fp>
      </footprints>
      <fields>
        <field name="Reference">D</field>
        <field name="Value">D_Zener</field>
      </fields>
      <pins>
        <pin num="1" name="K" type="passive"/>
        <pin num="2" name="A" type="passive"/>
      </pins>
    </libpart>
    <libpart lib="Device" part="LED">
      <description>Light emitting diode</description>
      <docs>~</docs>
      <footprints>
        <fp>LED*</fp>
        <fp>LED_SMD:*</fp>
        <fp>LED_THT:*</fp>
      </footprints>
      <fields>
        <field name="Reference">D</field>
        <field name="Value">LED</field>
      </fields>
      <pins>
        <pin num="1" name="K" type="passive"/>
        <pin num="2" name="A" type="passive"/>
      </pins>
    </libpart>
    <libpart lib="Device" part="R">
      <description>Resistor</description>
      <docs>~</docs>
      <footprints>
        <fp>R_*</fp>
      </footprints>
      <fields>
        <field name="Reference">R</field>
        <field name="Value">R</field>
      </fields>
      <pins>
        <pin num="1" name="~" type="passive"/>
        <pin num="2" name="~" type="passive"/>
      </pins>
    </libpart>
    <libpart lib="Device" part="R_POT">
      <description>Potentiometer</description>
      <docs>~</docs>
      <footprints>
        <fp>Potentiometer*</fp>
      </footprints>
      <fields>
        <field name="Reference">RV</field>
        <field name="Value">R_POT</field>
      </fields>
      <pins>
        <pin num="1" name="1" type="passive"/>
        <pin num="2" name="2" type="passive"/>
        <pin num="3" name="3" type="passive"/>
      </pins>
    </libpart>
    <libpart lib="Diode" part="1N4001">
      <aliases>
        <alias>1N4002</alias>
        <alias>1N4003</alias>
        <alias>1N4004</alias>
        <alias>1N4005</alias>
        <alias>1N4006</alias>
        <alias>1N4007</alias>
        <alias>BA157</alias>
        <alias>BA158</alias>
        <alias>BA159</alias>
      </aliases>
      <description>50V 1A General Purpose Rectifier Diode, DO-41</description>
      <docs>http://www.vishay.com/docs/88503/1n4001.pdf</docs>
      <footprints>
        <fp>D*DO?41*</fp>
      </footprints>
      <fields>
        <field name="Reference">D</field>
        <field name="Value">1N4001</field>
        <field name="Footprint">Diode_THT:D_DO-41_SOD81_P10.16mm_Horizontal</field>
      </fields>
      <pins>
        <pin num="1" name="K" type="passive"/>
        <pin num="2" name="A" type="passive"/>
      </pins>
    </libpart>
    <libpart lib="Diode" part="1N4148">
      <aliases>
        <alias>1N4448</alias>
        <alias>1N4149</alias>
        <alias>1N4151</alias>
        <alias>1N914</alias>
        <alias>BA243</alias>
        <alias>BA244</alias>
        <alias>BA282</alias>
        <alias>BA283</alias>
        <alias>BAV17</alias>
        <alias>BAV18</alias>
        <alias>BAV19</alias>
        <alias>BAV20</alias>
        <alias>BAV21</alias>
        <alias>BAW75</alias>
        <alias>BAW76</alias>
        <alias>BAY93</alias>
      </aliases>
      <description>100V 0.15A standard switching diode, DO-35</description>
      <docs>https://assets.nexperia.com/documents/data-sheet/1N4148_1N4448.pdf</docs>
      <footprints>
        <fp>D*DO?35*</fp>
      </footprints>
      <fields>
        <field name="Reference">D</field>
        <field name="Value">1N4148</field>
        <field name="Footprint">Diode_THT:D_DO-35_SOD27_P7.62mm_Horizontal</field>
      </fields>
      <pins>
        <pin num="1" name="K" type="passive"/>
        <pin num="2" name="A" type="passive"/>
      </pins>
    </libpart>
    <libpart lib="Regulator_Linear" part="LM79L05_TO92">
      <aliases>
        <alias>LM79L12_TO92</alias>
        <alias>LM79L15_TO92</alias>
        <alias>L79L05_TO92</alias>
        <alias>L79L08_TO92</alias>
        <alias>L79L12_TO92</alias>
        <alias>L79L15_TO92</alias>
        <alias>MCP1700-3002E_TO92</alias>
        <alias>MCP1700-1202E_TO92</alias>
        <alias>MCP1700-1802E_TO92</alias>
        <alias>MCP1700-2502E_TO92</alias>
        <alias>MCP1700-2802E_TO92</alias>
        <alias>MCP1700-3302E_TO92</alias>
        <alias>MCP1700-5002E_TO92</alias>
      </aliases>
      <description>3-Terminal Negative Regulator, -5V, TO-92</description>
      <docs>http://www.ti.com/lit/ds/symlink/lm79l.pdf</docs>
      <footprints>
        <fp>TO?92*</fp>
      </footprints>
      <fields>
        <field name="Reference">U</field>
        <field name="Value">LM79L05_TO92</field>
        <field name="Footprint">Package_TO_SOT_THT:TO-92_Inline</field>
      </fields>
      <pins>
        <pin num="1" name="GND" type="power_in"/>
        <pin num="2" name="VI" type="power_in"/>
        <pin num="3" name="VO" type="power_out"/>
      </pins>
    </libpart>
    <libpart lib="Regulator_Linear" part="MC78L05_TO92">
      <aliases>
        <alias>LM78L05_TO92</alias>
        <alias>MC78L06_TO92</alias>
        <alias>MC78L08_TO92</alias>
        <alias>MC78L12_TO92</alias>
        <alias>LM78L12_TO92</alias>
        <alias>MC78L15_TO92</alias>
        <alias>MC78L18_TO92</alias>
        <alias>MC78L24_TO92</alias>
        <alias>LM2931AZ-5.0_TO92</alias>
        <alias>LM2936-3.0_TO92</alias>
        <alias>LM2936-3.3_TO92</alias>
        <alias>LM2936-5.0_TO92</alias>
        <alias>LP2950-3.0_TO92</alias>
        <alias>LP2950-3.3_TO92</alias>
        <alias>LP2950-5.0_TO92</alias>
        <alias>L78L33_TO92</alias>
        <alias>L78L05_TO92</alias>
        <alias>L78L06_TO92</alias>
        <alias>L78L08_TO92</alias>
        <alias>L78L09_TO92</alias>
        <alias>L78L10_TO92</alias>
        <alias>L78L12_TO92</alias>
        <alias>L78L15_TO92</alias>
        <alias>L78L18_TO92</alias>
        <alias>L78L24_TO92</alias>
      </aliases>
      <description>Positive 100mA 30V Linear Regulator, Fixed Output 5V, TO-92</description>
      <docs>http://www.fairchildsemi.com/ds/LM/LM78L05A.pdf</docs>
      <footprints>
        <fp>TO?92*</fp>
      </footprints>
      <fields>
        <field name="Reference">U</field>
        <field name="Value">MC78L05_TO92</field>
        <field name="Footprint">Package_TO_SOT_THT:TO-92_Inline</field>
      </fields>
      <pins>
        <pin num="1" name="VO" type="power_out"/>
        <pin num="2" name="GND" type="power_in"/>
        <pin num="3" name="VI" type="power_in"/>
      </pins>
    </libpart>
    <libpart lib="Switch" part="SW_SPDT">
      <description>Switch, single pole double throw</description>
      <docs>~</docs>
      <fields>
        <field name="Reference">SW</field>
        <field name="Value">SW_SPDT</field>
      </fields>
      <pins>
        <pin num="1" name="A" type="passive"/>
        <pin num="2" name="B" type="passive"/>
        <pin num="3" name="C" type="passive"/>
      </pins>
    </libpart>
    <libpart lib="Transistor_BJT" part="BC547">
      <aliases>
        <alias>BC546</alias>
        <alias>BC548</alias>
        <alias>BC549</alias>
        <alias>BC550</alias>
        <alias>BC337</alias>
        <alias>BC338</alias>
      </aliases>
      <description>0.1A Ic, 45V Vce, Small Signal NPN Transistor, TO-92</description>
      <docs>http://www.fairchildsemi.com/ds/BC/BC547.pdf</docs>
      <footprints>
        <fp>TO?92*</fp>
      </footprints>
      <fields>
        <field name="Reference">Q</field>
        <field name="Value">BC547</field>
        <field name="Footprint">Package_TO_SOT_THT:TO-92_Inline</field>
      </fields>
      <pins>
        <pin num="1" name="C" type="passive"/>
        <pin num="2" name="B" type="input"/>
        <pin num="3" name="E" type="passive"/>
      </pins>
    </libpart>
    <libpart lib="Transistor_BJT" part="BC557">
      <aliases>
        <alias>BC556</alias>
        <alias>BC558</alias>
        <alias>BC559</alias>
        <alias>BC560</alias>
        <alias>BC327</alias>
        <alias>BC328</alias>
      </aliases>
      <description>0.1A Ic, 45V Vce, PNP Small Signal Transistor, TO-92</description>
      <docs>http://www.fairchildsemi.com/ds/BC/BC557.pdf</docs>
      <footprints>
        <fp>TO?92*</fp>
      </footprints>
      <fields>
        <field name="Reference">Q</field>
        <field name="Value">BC557</field>
        <field name="Footprint">Package_TO_SOT_THT:TO-92_Inline</field>
      </fields>
      <pins>
        <pin num="1" name="C" type="passive"/>
        <pin num="2" name="B" type="input"/>
        <pin num="3" name="E" type="passive"/>
      </pins>
    </libpart>
    <libpart lib="Transistor_BJT" part="SSM2210">
      <description>Audio Dual Matched NPN transistor, DIP-8/SOIC-8</description>
      <docs>https://www.analog.com/media/en/technical-documentation/obsolete-data-sheets/SSM2210.pdf</docs>
      <footprints>
        <fp>SOIC*8*3.9x4.9mm*P1.27mm*</fp>
        <fp>DIP*8*W7.62mm*</fp>
      </footprints>
      <fields>
        <field name="Reference">Q</field>
        <field name="Value">SSM2210</field>
      </fields>
      <pins>
        <pin num="1" name="C1" type="passive"/>
        <pin num="2" name="B1" type="input"/>
        <pin num="3" name="E1" type="passive"/>
        <pin num="6" name="E2" type="passive"/>
        <pin num="7" name="B2" type="input"/>
        <pin num="8" name="C2" type="passive"/>
      </pins>
    </libpart>
  </libparts>
  <libraries>
    <library logical="Amplifier_Operational">
      <uri>/Library/Application Support/kicad/library/Amplifier_Operational.lib</uri>
    </library>
    <library logical="Connector">
      <uri>/Library/Application Support/kicad/library/Connector.lib</uri>
    </library>
    <library logical="Device">
      <uri>/Library/Application Support/kicad/library/Device.lib</uri>
    </library>
    <library logical="Diode">
      <uri>/Library/Application Support/kicad/library/Diode.lib</uri>
    </library>
    <library logical="Regulator_Linear">
      <uri>/Library/Application Support/kicad/library/Regulator_Linear.lib</uri>
    </library>
    <library logical="Switch">
      <uri>/Library/Application Support/kicad/library/Switch.lib</uri>
    </library>
    <library logical="Transistor_BJT">
      <uri>/Library/Application Support/kicad/library/Transistor_BJT.lib</uri>
    </library>
  </libraries>
  <nets>
    <net code="1" name="Net-(Q1-Pad3)">
      <node ref="R10" pin="1"/>
      <node ref="Q1" pin="3"/>
      <node ref="Q1" pin="6"/>
      <node ref="R9" pin="1"/>
    </net>
    <net code="2" name="Net-(Q3-Pad2)">
      <node ref="R29" pin="1"/>
      <node ref="R30" pin="1"/>
      <node ref="Q3" pin="2"/>
    </net>
    <net code="3" name="Net-(J1-Pad1)">
      <node ref="J1" pin="1"/>
      <node ref="R29" pin="2"/>
    </net>
    <net code="4" name="GNDREF">
      <node ref="R6" pin="2"/>
      <node ref="U1" pin="3"/>
      <node ref="BP1" pin="2"/>
      <node ref="R30" pin="2"/>
      <node ref="J7" pin="5"/>
      <node ref="BP2" pin="1"/>
      <node ref="U1" pin="10"/>
      <node ref="U1" pin="5"/>
      <node ref="Q3" pin="3"/>
      <node ref="J14" pin="1"/>
      <node ref="J12" pin="1"/>
      <node ref="U1" pin="12"/>
    </net>
    <net code="5" name="Net-(D9-Pad1)">
      <node ref="Q3" pin="1"/>
      <node ref="D9" pin="1"/>
    </net>
    <net code="6" name="Net-(D8-Pad2)">
      <node ref="J5" pin="1"/>
      <node ref="D8" pin="2"/>
      <node ref="D9" pin="2"/>
    </net>
    <net code="7" name="Net-(D8-Pad1)">
      <node ref="J12" pin="2"/>
      <node ref="D8" pin="1"/>
    </net>
    <net code="8" name="+VDC">
      <node ref="RV1" pin="3"/>
      <node ref="U1" pin="4"/>
      <node ref="BP1" pin="1"/>
      <node ref="J7" pin="4"/>
      <node ref="R8" pin="1"/>
    </net>
    <net code="9" name="-VDC">
      <node ref="RV1" pin="1"/>
      <node ref="J7" pin="6"/>
      <node ref="U1" pin="11"/>
      <node ref="BP2" pin="2"/>
    </net>
    <net code="10" name="Net-(R7-Pad2)">
      <node ref="RV1" pin="2"/>
      <node ref="R7" pin="2"/>
    </net>
    <net code="11" name="Net-(R1-Pad2)">
      <node ref="R2" pin="1"/>
      <node ref="R1" pin="2"/>
      <node ref="U1" pin="9"/>
    </net>
    <net code="12" name="Net-(J2-Pad1)">
      <node ref="J2" pin="1"/>
      <node ref="R2" pin="2"/>
    </net>
    <net code="13" name="Net-(R1-Pad1)">
      <node ref="U1" pin="8"/>
      <node ref="R4" pin="1"/>
      <node ref="SW3" pin="1"/>
      <node ref="R1" pin="1"/>
    </net>
    <net code="14" name="Net-(R3-Pad1)">
      <node ref="U1" pin="14"/>
      <node ref="R3" pin="1"/>
      <node ref="SW3" pin="3"/>
    </net>
    <net code="15" name="Net-(R3-Pad2)">
      <node ref="R4" pin="2"/>
      <node ref="R3" pin="2"/>
      <node ref="U1" pin="13"/>
    </net>
    <net code="16" name="Net-(R5-Pad2)">
      <node ref="SW3" pin="2"/>
      <node ref="R5" pin="2"/>
    </net>
    <net code="17" name="Net-(J7-Pad1)">
      <node ref="J7" pin="1"/>
      <node ref="R7" pin="1"/>
      <node ref="R8" pin="2"/>
      <node ref="R5" pin="1"/>
      <node ref="R6" pin="1"/>
    </net>
    <net code="18" name="Net-(SW1-Pad3)">
      <node ref="SW1" pin="3"/>
    </net>
    <net code="19" name="Net-(C3-Pad1)">
      <node ref="SW1" pin="2"/>
      <node ref="C3" pin="1"/>
    </net>
    <net code="20" name="Net-(C1-Pad2)">
      <node ref="C2" pin="2"/>
      <node ref="C1" pin="2"/>
      <node ref="D3" pin="2"/>
      <node ref="R12" pin="1"/>
      <node ref="U1" pin="2"/>
    </net>
    <net code="21" name="Net-(R48-Pad2)">
      <node ref="U1" pin="6"/>
      <node ref="R48" pin="2"/>
    </net>
    <net code="22" name="Net-(R48-Pad1)">
      <node ref="U1" pin="7"/>
      <node ref="R48" pin="1"/>
    </net>
    <net code="23" name="Net-(J4-Pad1)">
      <node ref="R26" pin="1"/>
      <node ref="J4" pin="1"/>
    </net>
    <net code="24" name="Net-(J6-Pad1)">
      <node ref="R27" pin="1"/>
      <node ref="J6" pin="1"/>
    </net>
    <net code="25" name="Net-(J5-Pad3)">
      <node ref="R27" pin="2"/>
      <node ref="J5" pin="3"/>
    </net>
    <net code="26" name="Net-(J5-Pad2)">
      <node ref="J5" pin="2"/>
      <node ref="R26" pin="2"/>
    </net>
    <net code="27" name="Net-(D2-Pad2)">
      <node ref="D2" pin="2"/>
      <node ref="J5" pin="4"/>
    </net>
    <net code="28" name="Net-(D10-Pad1)">
      <node ref="J7" pin="2"/>
      <node ref="RV4" pin="1"/>
      <node ref="D10" pin="1"/>
    </net>
    <net code="29" name="Net-(D10-Pad2)">
      <node ref="D2" pin="1"/>
      <node ref="D10" pin="2"/>
    </net>
    <net code="30" name="Net-(D1-Pad2)">
      <node ref="RV4" pin="2"/>
      <node ref="RV4" pin="3"/>
      <node ref="D1" pin="2"/>
    </net>
    <net code="31" name="Net-(D1-Pad1)">
      <node ref="J7" pin="3"/>
      <node ref="D1" pin="1"/>
    </net>
    <net code="32" name="Net-(D5-Pad2)">
      <node ref="RV3" pin="2"/>
      <node ref="RV3" pin="3"/>
      <node ref="D5" pin="2"/>
    </net>
    <net code="33" name="Net-(D4-Pad1)">
      <node ref="RV2" pin="2"/>
      <node ref="RV2" pin="3"/>
      <node ref="D4" pin="1"/>
    </net>
    <net code="34" name="Net-(C3-Pad2)">
      <node ref="R12" pin="2"/>
      <node ref="C3" pin="2"/>
      <node ref="J3" pin="1"/>
    </net>
    <net code="35" name="Net-(C1-Pad1)">
      <node ref="J3" pin="2"/>
      <node ref="C2" pin="1"/>
      <node ref="C1" pin="1"/>
      <node ref="D3" pin="1"/>
      <node ref="U1" pin="1"/>
      <node ref="SW1" pin="1"/>
    </net>
    <net code="36" name="Net-(D4-Pad2)">
      <node ref="J3" pin="3"/>
      <node ref="D4" pin="2"/>
      <node ref="D5" pin="1"/>
    </net>
    <net code="37" name="Net-(J3-Pad4)">
      <node ref="RV2" pin="1"/>
      <node ref="RV3" pin="1"/>
      <node ref="J3" pin="4"/>
    </net>
    <net code="38" name="Net-(Q4-Pad1)">
      <node ref="Q4" pin="1"/>
      <node ref="R33" pin="1"/>
    </net>
    <net code="39" name="Net-(Q4-Pad2)">
      <node ref="R32" pin="1"/>
      <node ref="Q4" pin="2"/>
      <node ref="R31" pin="1"/>
    </net>
    <net code="40" name="Net-(J10-Pad1)">
      <node ref="Q4" pin="3"/>
      <node ref="J10" pin="1"/>
    </net>
    <net code="41" name="+12V">
      <node ref="C5" pin="1"/>
      <node ref="C4" pin="1"/>
      <node ref="C6" pin="1"/>
      <node ref="R34" pin="1"/>
      <node ref="BP3" pin="1"/>
      <node ref="U3" pin="8"/>
      <node ref="BP5" pin="1"/>
      <node ref="U2" pin="4"/>
      <node ref="C22" pin="1"/>
      <node ref="D16" pin="1"/>
      <node ref="D18" pin="2"/>
      <node ref="U5" pin="1"/>
      <node ref="BP7" pin="1"/>
      <node ref="Q5" pin="3"/>
      <node ref="R32" pin="2"/>
      <node ref="J8" pin="4"/>
      <node ref="R24" pin="1"/>
      <node ref="U4" pin="7"/>
    </net>
    <net code="42" name="GND">
      <node ref="Q1" pin="7"/>
      <node ref="R31" pin="2"/>
      <node ref="U2" pin="5"/>
      <node ref="U2" pin="3"/>
      <node ref="U2" pin="10"/>
      <node ref="U4" pin="2"/>
      <node ref="U2" pin="12"/>
      <node ref="R23" pin="2"/>
      <node ref="BP7" pin="2"/>
      <node ref="BP8" pin="2"/>
      <node ref="J8" pin="5"/>
      <node ref="U5" pin="2"/>
      <node ref="Q1" pin="1"/>
      <node ref="U6" pin="1"/>
      <node ref="D16" pin="2"/>
      <node ref="C19" pin="1"/>
      <node ref="BP4" pin="1"/>
      <node ref="BP3" pin="2"/>
      <node ref="BP6" pin="1"/>
      <node ref="BP5" pin="2"/>
      <node ref="C20" pin="2"/>
      <node ref="D17" pin="1"/>
      <node ref="R19" pin="2"/>
      <node ref="C21" pin="1"/>
      <node ref="C22" pin="2"/>
      <node ref="J11" pin="3"/>
      <node ref="J11" pin="2"/>
      <node ref="R21" pin="2"/>
    </net>
    <net code="43" name="Net-(Q5-Pad1)">
      <node ref="R35" pin="2"/>
      <node ref="Q5" pin="1"/>
    </net>
    <net code="44" name="Net-(Q5-Pad2)">
      <node ref="R34" pin="2"/>
      <node ref="Q5" pin="2"/>
      <node ref="R33" pin="2"/>
    </net>
    <net code="45" name="Net-(R21-Pad1)">
      <node ref="R21" pin="1"/>
      <node ref="R22" pin="1"/>
      <node ref="U3" pin="2"/>
    </net>
    <net code="46" name="-12V">
      <node ref="U3" pin="4"/>
      <node ref="U4" pin="4"/>
      <node ref="R22" pin="2"/>
      <node ref="U2" pin="11"/>
      <node ref="BP6" pin="2"/>
      <node ref="D19" pin="1"/>
      <node ref="R15" pin="2"/>
      <node ref="U6" pin="3"/>
      <node ref="D17" pin="2"/>
      <node ref="BP8" pin="1"/>
      <node ref="J8" pin="6"/>
      <node ref="C21" pin="2"/>
      <node ref="R9" pin="2"/>
      <node ref="BP4" pin="2"/>
    </net>
    <net code="47" name="Net-(D7-Pad1)">
      <node ref="D7" pin="1"/>
      <node ref="U3" pin="1"/>
    </net>
    <net code="48" name="Net-(D7-Pad2)">
      <node ref="R25" pin="2"/>
      <node ref="D7" pin="2"/>
    </net>
    <net code="49" name="Net-(D6-Pad2)">
      <node ref="D6" pin="2"/>
      <node ref="U3" pin="7"/>
    </net>
    <net code="50" name="Net-(R20-Pad1)">
      <node ref="R20" pin="1"/>
      <node ref="U3" pin="5"/>
      <node ref="U3" pin="3"/>
    </net>
    <net code="51" name="Net-(R23-Pad1)">
      <node ref="U3" pin="6"/>
      <node ref="R23" pin="1"/>
      <node ref="R24" pin="2"/>
    </net>
    <net code="52" name="Net-(D6-Pad1)">
      <node ref="R28" pin="1"/>
      <node ref="D6" pin="1"/>
      <node ref="R25" pin="1"/>
      <node ref="U4" pin="3"/>
    </net>
    <net code="53" name="Net-(U4-Pad1)">
      <node ref="U4" pin="1"/>
    </net>
    <net code="54" name="Net-(U4-Pad5)">
      <node ref="U4" pin="5"/>
    </net>
    <net code="55" name="Net-(U4-Pad8)">
      <node ref="U4" pin="8"/>
    </net>
    <net code="56" name="Net-(J8-Pad1)">
      <node ref="J8" pin="1"/>
      <node ref="Q1" pin="2"/>
    </net>
    <net code="57" name="Net-(J8-Pad2)">
      <node ref="R10" pin="2"/>
      <node ref="J8" pin="2"/>
    </net>
    <net code="58" name="Net-(J9-Pad1)">
      <node ref="Q1" pin="8"/>
      <node ref="J9" pin="1"/>
      <node ref="R11" pin="1"/>
    </net>
    <net code="59" name="Net-(J8-Pad3)">
      <node ref="J8" pin="3"/>
      <node ref="R11" pin="2"/>
    </net>
    <net code="60" name="Net-(J9-Pad3)">
      <node ref="R18" pin="1"/>
      <node ref="J9" pin="3"/>
    </net>
    <net code="61" name="Net-(C4-Pad2)">
      <node ref="C6" pin="2"/>
      <node ref="J9" pin="4"/>
      <node ref="R20" pin="2"/>
      <node ref="R35" pin="1"/>
      <node ref="R19" pin="1"/>
      <node ref="C5" pin="2"/>
      <node ref="C4" pin="2"/>
    </net>
    <net code="62" name="Net-(C20-Pad1)">
      <node ref="U5" pin="3"/>
      <node ref="D18" pin="1"/>
      <node ref="J11" pin="4"/>
      <node ref="C20" pin="1"/>
    </net>
    <net code="63" name="Net-(C19-Pad2)">
      <node ref="D19" pin="2"/>
      <node ref="U6" pin="2"/>
      <node ref="C19" pin="2"/>
      <node ref="J11" pin="1"/>
    </net>
    <net code="64" name="Net-(R37-Pad2)">
      <node ref="R38" pin="1"/>
      <node ref="R37" pin="2"/>
      <node ref="U2" pin="13"/>
    </net>
    <net code="65" name="Net-(R17-Pad1)">
      <node ref="R38" pin="2"/>
      <node ref="U2" pin="8"/>
      <node ref="R17" pin="1"/>
      <node ref="R18" pin="2"/>
    </net>
    <net code="66" name="Net-(R16-Pad1)">
      <node ref="U2" pin="9"/>
      <node ref="R17" pin="2"/>
      <node ref="R16" pin="1"/>
    </net>
    <net code="67" name="Net-(J10-Pad3)">
      <node ref="J10" pin="3"/>
      <node ref="R41" pin="1"/>
      <node ref="U2" pin="1"/>
    </net>
    <net code="68" name="Net-(R41-Pad2)">
      <node ref="R41" pin="2"/>
      <node ref="U2" pin="2"/>
      <node ref="R42" pin="1"/>
    </net>
    <net code="69" name="Net-(R14-Pad1)">
      <node ref="R14" pin="1"/>
      <node ref="R16" pin="2"/>
      <node ref="R42" pin="2"/>
      <node ref="U2" pin="7"/>
    </net>
    <net code="70" name="Net-(R13-Pad1)">
      <node ref="R13" pin="1"/>
      <node ref="U2" pin="6"/>
      <node ref="R15" pin="1"/>
      <node ref="R14" pin="2"/>
    </net>
    <net code="71" name="Net-(J9-Pad2)">
      <node ref="R13" pin="2"/>
      <node ref="J9" pin="2"/>
    </net>
    <net code="72" name="Net-(J10-Pad2)">
      <node ref="R37" pin="1"/>
      <node ref="U2" pin="14"/>
      <node ref="J10" pin="2"/>
    </net>
    <net code="73" name="Net-(J10-Pad4)">
      <node ref="R28" pin="2"/>
      <node ref="U4" pin="6"/>
      <node ref="J10" pin="4"/>
    </net>
  </nets>
</export>
