<?xml version="1.0" encoding="UTF-8"?>
<export version="D">
  <design>
    <source>/Users/usb/Desktop/Kicad/send/send.sch</source>
    <date>Friday, May 21, 2021 at 07:56:05 AM</date>
    <tool>Eeschema (5.1.2-1)-1</tool>
    <sheet number="1" name="/" tstamps="/">
      <title_block>
        <title>send/return</title>
        <company/>
        <rev>v01</rev>
        <date/>
        <source>send.sch</source>
        <comment number="1" value=""/>
        <comment number="2" value=""/>
        <comment number="3" value="cc-by-sa vaclav pelousek"/>
        <comment number="4" value="based on bastl hendrikson"/>
      </title_block>
    </sheet>
  </design>
  <components>
    <comp ref="J1">
      <value>IN</value>
      <footprint>Connector_PinHeader_2.54mm:PinHeader_1x01_P2.54mm_Vertical</footprint>
      <datasheet>~</datasheet>
      <libsource lib="Connector" part="Conn_01x01_Female" description="Generic connector, single row, 01x01, script generated (kicad-library-utils/schlib/autogen/connector/)"/>
      <sheetpath names="/" tstamps="/"/>
      <tstamp>60B7D5E0</tstamp>
    </comp>
    <comp ref="RV1">
      <value>B100K</value>
      <footprint>Footprints2:Potentiometer_Alpha_RD901F-40-00D_Single_Vertical_Center</footprint>
      <datasheet>~</datasheet>
      <libsource lib="Device" part="R_POT" description="Potentiometer"/>
      <sheetpath names="/" tstamps="/"/>
      <tstamp>60B7DF88</tstamp>
    </comp>
    <comp ref="U1">
      <value>OPA2134</value>
      <footprint>Package_SO:SOIC-8_3.9x4.9mm_P1.27mm</footprint>
      <datasheet>http://www.ti.com/lit/ds/symlink/opa134.pdf</datasheet>
      <libsource lib="Amplifier_Operational" part="OPA2134" description="Dual SoundPlus High Performance Audio Operational Amplifiers, DIP-8/SOIC-8"/>
      <sheetpath names="/" tstamps="/"/>
      <tstamp>60B84C85</tstamp>
    </comp>
    <comp ref="R1">
      <value>470k</value>
      <footprint>Resistor_SMD:R_0805_2012Metric_Pad1.15x1.40mm_HandSolder</footprint>
      <datasheet>~</datasheet>
      <libsource lib="Device" part="R" description="Resistor"/>
      <sheetpath names="/" tstamps="/"/>
      <tstamp>60B88B98</tstamp>
    </comp>
    <comp ref="R6">
      <value>10k</value>
      <footprint>Resistor_SMD:R_0805_2012Metric_Pad1.15x1.40mm_HandSolder</footprint>
      <datasheet>~</datasheet>
      <libsource lib="Device" part="R" description="Resistor"/>
      <sheetpath names="/" tstamps="/"/>
      <tstamp>60B8B57B</tstamp>
    </comp>
    <comp ref="R7">
      <value>1k</value>
      <footprint>Resistor_SMD:R_0805_2012Metric_Pad1.15x1.40mm_HandSolder</footprint>
      <datasheet>~</datasheet>
      <libsource lib="Device" part="R" description="Resistor"/>
      <sheetpath names="/" tstamps="/"/>
      <tstamp>60B8D0C1</tstamp>
    </comp>
    <comp ref="U2">
      <value>TL074</value>
      <footprint>Package_SO:SOIC-14_3.9x8.7mm_P1.27mm</footprint>
      <datasheet>http://www.ti.com/lit/ds/symlink/tl071.pdf</datasheet>
      <libsource lib="Amplifier_Operational" part="TL074" description="Quad Low-Noise JFET-Input Operational Amplifiers, DIP-14/SOIC-14"/>
      <sheetpath names="/" tstamps="/"/>
      <tstamp>60B8F224</tstamp>
    </comp>
    <comp ref="R9">
      <value>2k2</value>
      <footprint>Resistor_SMD:R_0805_2012Metric_Pad1.15x1.40mm_HandSolder</footprint>
      <datasheet>~</datasheet>
      <libsource lib="Device" part="R" description="Resistor"/>
      <sheetpath names="/" tstamps="/"/>
      <tstamp>60B974E9</tstamp>
    </comp>
    <comp ref="C3">
      <value>470n</value>
      <footprint>Capacitor_SMD:C_0805_2012Metric_Pad1.15x1.40mm_HandSolder</footprint>
      <datasheet>~</datasheet>
      <libsource lib="Device" part="C" description="Unpolarized capacitor"/>
      <sheetpath names="/" tstamps="/"/>
      <tstamp>60B97F20</tstamp>
    </comp>
    <comp ref="D4">
      <value>GUITAR</value>
      <footprint>Footprints2:LED-5MMcenter</footprint>
      <datasheet>~</datasheet>
      <libsource lib="Device" part="LED" description="Light emitting diode"/>
      <sheetpath names="/" tstamps="/"/>
      <tstamp>60B991B1</tstamp>
    </comp>
    <comp ref="R3">
      <value>750r</value>
      <footprint>Resistor_SMD:R_0805_2012Metric_Pad1.15x1.40mm_HandSolder</footprint>
      <datasheet>~</datasheet>
      <libsource lib="Device" part="R" description="Resistor"/>
      <sheetpath names="/" tstamps="/"/>
      <tstamp>60B9A13C</tstamp>
    </comp>
    <comp ref="R2">
      <value>100k</value>
      <footprint>Resistor_SMD:R_0805_2012Metric_Pad1.15x1.40mm_HandSolder</footprint>
      <datasheet>~</datasheet>
      <libsource lib="Device" part="R" description="Resistor"/>
      <sheetpath names="/" tstamps="/"/>
      <tstamp>60B9B0FA</tstamp>
    </comp>
    <comp ref="R8">
      <value>2k2</value>
      <footprint>Resistor_SMD:R_0805_2012Metric_Pad1.15x1.40mm_HandSolder</footprint>
      <datasheet>~</datasheet>
      <libsource lib="Device" part="R" description="Resistor"/>
      <sheetpath names="/" tstamps="/"/>
      <tstamp>60BA1A0D</tstamp>
    </comp>
    <comp ref="C2">
      <value>470n</value>
      <footprint>Capacitor_SMD:C_0805_2012Metric_Pad1.15x1.40mm_HandSolder</footprint>
      <datasheet>~</datasheet>
      <libsource lib="Device" part="C" description="Unpolarized capacitor"/>
      <sheetpath names="/" tstamps="/"/>
      <tstamp>60BA2642</tstamp>
    </comp>
    <comp ref="D3">
      <value>LINE</value>
      <footprint>Footprints2:LED-5MMcenter</footprint>
      <datasheet>~</datasheet>
      <libsource lib="Device" part="LED" description="Light emitting diode"/>
      <sheetpath names="/" tstamps="/"/>
      <tstamp>60BA3376</tstamp>
    </comp>
    <comp ref="R5">
      <value>7k5</value>
      <footprint>Resistor_SMD:R_0805_2012Metric_Pad1.15x1.40mm_HandSolder</footprint>
      <datasheet>~</datasheet>
      <libsource lib="Device" part="R" description="Resistor"/>
      <sheetpath names="/" tstamps="/"/>
      <tstamp>60BB878F</tstamp>
    </comp>
    <comp ref="R4">
      <value>100k</value>
      <footprint>Resistor_SMD:R_0805_2012Metric_Pad1.15x1.40mm_HandSolder</footprint>
      <datasheet>~</datasheet>
      <libsource lib="Device" part="R" description="Resistor"/>
      <sheetpath names="/" tstamps="/"/>
      <tstamp>60BB9613</tstamp>
    </comp>
    <comp ref="R11">
      <value>1M</value>
      <footprint>Resistor_SMD:R_0805_2012Metric_Pad1.15x1.40mm_HandSolder</footprint>
      <datasheet>~</datasheet>
      <libsource lib="Device" part="R" description="Resistor"/>
      <sheetpath names="/" tstamps="/"/>
      <tstamp>60BDD789</tstamp>
    </comp>
    <comp ref="R12">
      <value>10M</value>
      <footprint>Resistor_SMD:R_0805_2012Metric_Pad1.15x1.40mm_HandSolder</footprint>
      <datasheet>~</datasheet>
      <libsource lib="Device" part="R" description="Resistor"/>
      <sheetpath names="/" tstamps="/"/>
      <tstamp>60BDE8DA</tstamp>
    </comp>
    <comp ref="R13">
      <value>100k</value>
      <footprint>Resistor_SMD:R_0805_2012Metric_Pad1.15x1.40mm_HandSolder</footprint>
      <datasheet>~</datasheet>
      <libsource lib="Device" part="R" description="Resistor"/>
      <sheetpath names="/" tstamps="/"/>
      <tstamp>60BDFB22</tstamp>
    </comp>
    <comp ref="R14">
      <value>220k</value>
      <footprint>Resistor_SMD:R_0805_2012Metric_Pad1.15x1.40mm_HandSolder</footprint>
      <datasheet>~</datasheet>
      <libsource lib="Device" part="R" description="Resistor"/>
      <sheetpath names="/" tstamps="/"/>
      <tstamp>60BED717</tstamp>
    </comp>
    <comp ref="C4">
      <value>22p</value>
      <footprint>Capacitor_SMD:C_0805_2012Metric_Pad1.15x1.40mm_HandSolder</footprint>
      <datasheet>~</datasheet>
      <libsource lib="Device" part="C" description="Unpolarized capacitor"/>
      <sheetpath names="/" tstamps="/"/>
      <tstamp>60BEE4C7</tstamp>
    </comp>
    <comp ref="R16">
      <value>47k</value>
      <footprint>Resistor_SMD:R_0805_2012Metric_Pad1.15x1.40mm_HandSolder</footprint>
      <datasheet>~</datasheet>
      <libsource lib="Device" part="R" description="Resistor"/>
      <sheetpath names="/" tstamps="/"/>
      <tstamp>60C0C65B</tstamp>
    </comp>
    <comp ref="R15">
      <value>10k</value>
      <footprint>Resistor_SMD:R_0805_2012Metric_Pad1.15x1.40mm_HandSolder</footprint>
      <datasheet>~</datasheet>
      <libsource lib="Device" part="R" description="Resistor"/>
      <sheetpath names="/" tstamps="/"/>
      <tstamp>60C0F32A</tstamp>
    </comp>
    <comp ref="RV2">
      <value>B1M</value>
      <footprint>Footprints2:Potentiometer_Alpha_RD901F-40-00D_Single_Vertical_Center</footprint>
      <datasheet>~</datasheet>
      <libsource lib="Device" part="R_POT" description="Potentiometer"/>
      <sheetpath names="/" tstamps="/"/>
      <tstamp>60C1DFD6</tstamp>
    </comp>
    <comp ref="R19">
      <value>1k</value>
      <footprint>Resistor_SMD:R_0805_2012Metric_Pad1.15x1.40mm_HandSolder</footprint>
      <datasheet>~</datasheet>
      <libsource lib="Device" part="R" description="Resistor"/>
      <sheetpath names="/" tstamps="/"/>
      <tstamp>60C26A78</tstamp>
    </comp>
    <comp ref="J5">
      <value>OUT</value>
      <footprint>Connector_PinHeader_2.54mm:PinHeader_1x01_P2.54mm_Vertical</footprint>
      <datasheet>~</datasheet>
      <libsource lib="Connector" part="Conn_01x01_Female" description="Generic connector, single row, 01x01, script generated (kicad-library-utils/schlib/autogen/connector/)"/>
      <sheetpath names="/" tstamps="/"/>
      <tstamp>60C27B2A</tstamp>
    </comp>
    <comp ref="R20">
      <value>2k2</value>
      <footprint>Resistor_SMD:R_0805_2012Metric_Pad1.15x1.40mm_HandSolder</footprint>
      <datasheet>~</datasheet>
      <libsource lib="Device" part="R" description="Resistor"/>
      <sheetpath names="/" tstamps="/"/>
      <tstamp>60C3090F</tstamp>
    </comp>
    <comp ref="C5">
      <value>470n</value>
      <footprint>Capacitor_SMD:C_0805_2012Metric_Pad1.15x1.40mm_HandSolder</footprint>
      <datasheet>~</datasheet>
      <libsource lib="Device" part="C" description="Unpolarized capacitor"/>
      <sheetpath names="/" tstamps="/"/>
      <tstamp>60C3172F</tstamp>
    </comp>
    <comp ref="D5">
      <value>MODULAR</value>
      <footprint>Footprints2:LED-5MMcenter</footprint>
      <datasheet>~</datasheet>
      <libsource lib="Device" part="LED" description="Light emitting diode"/>
      <sheetpath names="/" tstamps="/"/>
      <tstamp>60C32CAD</tstamp>
    </comp>
    <comp ref="R18">
      <value>75k</value>
      <footprint>Resistor_SMD:R_0805_2012Metric_Pad1.15x1.40mm_HandSolder</footprint>
      <datasheet>~</datasheet>
      <libsource lib="Device" part="R" description="Resistor"/>
      <sheetpath names="/" tstamps="/"/>
      <tstamp>60C3EC93</tstamp>
    </comp>
    <comp ref="R17">
      <value>100k</value>
      <footprint>Resistor_SMD:R_0805_2012Metric_Pad1.15x1.40mm_HandSolder</footprint>
      <datasheet>~</datasheet>
      <libsource lib="Device" part="R" description="Resistor"/>
      <sheetpath names="/" tstamps="/"/>
      <tstamp>60C3FEBE</tstamp>
    </comp>
    <comp ref="J2">
      <value>PWR</value>
      <footprint>TerminalBlock_TE-Connectivity:TerminalBlock_TE_282834-4_1x04_P2.54mm_Horizontal</footprint>
      <datasheet>~</datasheet>
      <libsource lib="Connector" part="Conn_01x04_Male" description="Generic connector, single row, 01x04, script generated (kicad-library-utils/schlib/autogen/connector/)"/>
      <sheetpath names="/" tstamps="/"/>
      <tstamp>60C88565</tstamp>
    </comp>
    <comp ref="F1">
      <value>PTC 100mA</value>
      <footprint>Capacitor_THT:C_Disc_D5.0mm_W2.5mm_P5.00mm</footprint>
      <datasheet>~</datasheet>
      <libsource lib="Device" part="Polyfuse_Small" description="Resettable fuse, polymeric positive temperature coefficient, small symbol"/>
      <sheetpath names="/" tstamps="/"/>
      <tstamp>60D21A05</tstamp>
    </comp>
    <comp ref="F2">
      <value>PTC 100mA</value>
      <footprint>Capacitor_THT:C_Disc_D5.0mm_W2.5mm_P5.00mm</footprint>
      <datasheet>~</datasheet>
      <libsource lib="Device" part="Polyfuse_Small" description="Resettable fuse, polymeric positive temperature coefficient, small symbol"/>
      <sheetpath names="/" tstamps="/"/>
      <tstamp>60D2310B</tstamp>
    </comp>
    <comp ref="D1">
      <value>1n4007</value>
      <footprint>Diode_THT:D_DO-35_SOD27_P7.62mm_Horizontal</footprint>
      <datasheet>~</datasheet>
      <libsource lib="Device" part="D" description="Diode"/>
      <sheetpath names="/" tstamps="/"/>
      <tstamp>60D298DC</tstamp>
    </comp>
    <comp ref="D2">
      <value>1n4007</value>
      <footprint>Diode_THT:D_DO-35_SOD27_P7.62mm_Horizontal</footprint>
      <datasheet>~</datasheet>
      <libsource lib="Device" part="D" description="Diode"/>
      <sheetpath names="/" tstamps="/"/>
      <tstamp>60D2BB02</tstamp>
    </comp>
    <comp ref="BP2">
      <value>10u</value>
      <footprint>Capacitor_THT:CP_Radial_D6.3mm_P2.50mm</footprint>
      <datasheet>~</datasheet>
      <libsource lib="Device" part="CP" description="Polarized capacitor"/>
      <sheetpath names="/" tstamps="/"/>
      <tstamp>60D2CFEE</tstamp>
    </comp>
    <comp ref="BP1">
      <value>10u</value>
      <footprint>Capacitor_THT:CP_Radial_D6.3mm_P2.50mm</footprint>
      <datasheet>~</datasheet>
      <libsource lib="Device" part="CP" description="Polarized capacitor"/>
      <sheetpath names="/" tstamps="/"/>
      <tstamp>60D2E141</tstamp>
    </comp>
    <comp ref="BP3">
      <value>100n</value>
      <footprint>Capacitor_SMD:C_0805_2012Metric_Pad1.15x1.40mm_HandSolder</footprint>
      <datasheet>~</datasheet>
      <libsource lib="Device" part="C" description="Unpolarized capacitor"/>
      <sheetpath names="/" tstamps="/"/>
      <tstamp>60D2F601</tstamp>
    </comp>
    <comp ref="BP4">
      <value>100n</value>
      <footprint>Capacitor_SMD:C_0805_2012Metric_Pad1.15x1.40mm_HandSolder</footprint>
      <datasheet>~</datasheet>
      <libsource lib="Device" part="C" description="Unpolarized capacitor"/>
      <sheetpath names="/" tstamps="/"/>
      <tstamp>60D3061F</tstamp>
    </comp>
    <comp ref="BP5">
      <value>100n</value>
      <footprint>Capacitor_SMD:C_0805_2012Metric_Pad1.15x1.40mm_HandSolder</footprint>
      <datasheet>~</datasheet>
      <libsource lib="Device" part="C" description="Unpolarized capacitor"/>
      <sheetpath names="/" tstamps="/"/>
      <tstamp>60D342E5</tstamp>
    </comp>
    <comp ref="BP6">
      <value>100n</value>
      <footprint>Capacitor_SMD:C_0805_2012Metric_Pad1.15x1.40mm_HandSolder</footprint>
      <datasheet>~</datasheet>
      <libsource lib="Device" part="C" description="Unpolarized capacitor"/>
      <sheetpath names="/" tstamps="/"/>
      <tstamp>60D347F3</tstamp>
    </comp>
    <comp ref="C1">
      <value>10u</value>
      <footprint>Capacitor_THT:CP_Radial_D4.0mm_P1.50mm</footprint>
      <datasheet>~</datasheet>
      <libsource lib="Device" part="CP" description="Polarized capacitor"/>
      <sheetpath names="/" tstamps="/"/>
      <tstamp>60B802F5</tstamp>
    </comp>
    <comp ref="J3">
      <value>SEND</value>
      <footprint>Connector_PinHeader_2.54mm:PinHeader_1x02_P2.54mm_Vertical</footprint>
      <datasheet>~</datasheet>
      <libsource lib="Connector" part="Conn_01x02_Female" description="Generic connector, single row, 01x02, script generated (kicad-library-utils/schlib/autogen/connector/)"/>
      <sheetpath names="/" tstamps="/"/>
      <tstamp>60592BE5</tstamp>
    </comp>
    <comp ref="J4">
      <value>RETURN</value>
      <footprint>Connector_PinHeader_2.54mm:PinHeader_1x02_P2.54mm_Vertical</footprint>
      <datasheet>~</datasheet>
      <libsource lib="Connector" part="Conn_01x02_Female" description="Generic connector, single row, 01x02, script generated (kicad-library-utils/schlib/autogen/connector/)"/>
      <sheetpath names="/" tstamps="/"/>
      <tstamp>6059CA7E</tstamp>
    </comp>
    <comp ref="SW1">
      <value>SW_DIP_x04</value>
      <footprint>Button_Switch_THT:SW_DIP_SPSTx04_Slide_9.78x12.34mm_W7.62mm_P2.54mm</footprint>
      <datasheet>~</datasheet>
      <libsource lib="Switch" part="SW_DIP_x04" description="4x DIP Switch, Single Pole Single Throw (SPST) switch, small symbol"/>
      <sheetpath names="/" tstamps="/"/>
      <tstamp>608E081A</tstamp>
    </comp>
    <comp ref="R10">
      <value>2k2</value>
      <footprint>Resistor_SMD:R_0805_2012Metric_Pad1.15x1.40mm_HandSolder</footprint>
      <datasheet>~</datasheet>
      <libsource lib="Device" part="R" description="Resistor"/>
      <sheetpath names="/" tstamps="/"/>
      <tstamp>60BDC9CC</tstamp>
    </comp>
  </components>
  <libparts>
    <libpart lib="Amplifier_Operational" part="LM2902">
      <aliases>
        <alias>LM324</alias>
        <alias>TLC274</alias>
        <alias>TLC279</alias>
        <alias>TL074</alias>
        <alias>LM324A</alias>
        <alias>MCP6004</alias>
        <alias>TL084</alias>
        <alias>TL064</alias>
        <alias>LMV324</alias>
        <alias>LMC6484</alias>
        <alias>MCP604</alias>
        <alias>MC33079</alias>
        <alias>MC33174</alias>
        <alias>MC33179</alias>
        <alias>OPA1604</alias>
        <alias>OPA4134</alias>
        <alias>OPA4340UA</alias>
        <alias>OPA4376</alias>
        <alias>MCP6L94</alias>
        <alias>TSV914</alias>
        <alias>ADA4807-4</alias>
        <alias>TSV994</alias>
      </aliases>
      <description>Low-Power, Quad-Operational Amplifiers, DIP-14/SOIC-14/SSOP-14</description>
      <docs>http://www.ti.com/lit/ds/symlink/lm2902-n.pdf</docs>
      <footprints>
        <fp>SOIC*3.9x8.7mm*P1.27mm*</fp>
        <fp>DIP*W7.62mm*</fp>
        <fp>TSSOP*4.4x5mm*P0.65mm*</fp>
        <fp>SSOP*5.3x6.2mm*P0.65mm*</fp>
        <fp>MSOP*3x3mm*P0.5mm*</fp>
      </footprints>
      <fields>
        <field name="Reference">U</field>
        <field name="Value">LM2902</field>
      </fields>
      <pins>
        <pin num="1" name="~" type="output"/>
        <pin num="2" name="-" type="input"/>
        <pin num="3" name="+" type="input"/>
        <pin num="4" name="V+" type="power_in"/>
        <pin num="5" name="+" type="input"/>
        <pin num="6" name="-" type="input"/>
        <pin num="7" name="~" type="output"/>
        <pin num="8" name="~" type="output"/>
        <pin num="9" name="-" type="input"/>
        <pin num="10" name="+" type="input"/>
        <pin num="11" name="V-" type="power_in"/>
        <pin num="12" name="+" type="input"/>
        <pin num="13" name="-" type="input"/>
        <pin num="14" name="~" type="output"/>
      </pins>
    </libpart>
    <libpart lib="Amplifier_Operational" part="LM2904">
      <aliases>
        <alias>LM358</alias>
        <alias>AD8620</alias>
        <alias>LMC6062</alias>
        <alias>LMC6082</alias>
        <alias>TL062</alias>
        <alias>TL072</alias>
        <alias>TL082</alias>
        <alias>NE5532</alias>
        <alias>SA5532</alias>
        <alias>RC4558</alias>
        <alias>RC4560</alias>
        <alias>RC4580</alias>
        <alias>LMV358</alias>
        <alias>TS912</alias>
        <alias>TSV912IDT</alias>
        <alias>TSV912IST</alias>
        <alias>TLC272</alias>
        <alias>TLC277</alias>
        <alias>MCP602</alias>
        <alias>OPA2134</alias>
        <alias>OPA2340</alias>
        <alias>OPA2376xxD</alias>
        <alias>OPA2376xxDGK</alias>
        <alias>MC33078</alias>
        <alias>MC33178</alias>
        <alias>LM4562</alias>
        <alias>OP249</alias>
        <alias>OP275</alias>
        <alias>ADA4075-2</alias>
        <alias>MCP6002-xP</alias>
        <alias>MCP6002-xSN</alias>
        <alias>MCP6002-xMS</alias>
        <alias>LM7332</alias>
        <alias>OPA2333xxD</alias>
        <alias>OPA2333xxDGK</alias>
        <alias>LMC6482</alias>
        <alias>LT1492</alias>
        <alias>LTC6081xMS8</alias>
        <alias>LM6172</alias>
        <alias>MCP6L92</alias>
        <alias>NJM2043</alias>
        <alias>NJM2114</alias>
        <alias>NJM4556A</alias>
        <alias>NJM4558</alias>
        <alias>NJM4559</alias>
        <alias>NJM4560</alias>
        <alias>NJM4580</alias>
        <alias>NJM5532</alias>
        <alias>ADA4807-2ARM</alias>
        <alias>OPA2691</alias>
        <alias>LT6234</alias>
        <alias>OPA2356xxD</alias>
        <alias>OPA2356xxDGK</alias>
        <alias>OPA1612AxD</alias>
        <alias>MC33172</alias>
        <alias>OPA1602</alias>
        <alias>TLV2372</alias>
        <alias>LT6237</alias>
      </aliases>
      <description>Dual Operational Amplifiers, DIP-8/SOIC-8/TSSOP-8/VSSOP-8</description>
      <docs>http://www.ti.com/lit/ds/symlink/lm358.pdf</docs>
      <footprints>
        <fp>SOIC*3.9x4.9mm*P1.27mm*</fp>
        <fp>DIP*W7.62mm*</fp>
        <fp>TO*99*</fp>
        <fp>OnSemi*Micro8*</fp>
        <fp>TSSOP*3x3mm*P0.65mm*</fp>
        <fp>TSSOP*4.4x3mm*P0.65mm*</fp>
        <fp>MSOP*3x3mm*P0.65mm*</fp>
        <fp>SSOP*3.9x4.9mm*P0.635mm*</fp>
        <fp>LFCSP*2x2mm*P0.5mm*</fp>
        <fp>*SIP*</fp>
        <fp>SOIC*5.3x6.2mm*P1.27mm*</fp>
      </footprints>
      <fields>
        <field name="Reference">U</field>
        <field name="Value">LM2904</field>
      </fields>
      <pins>
        <pin num="1" name="~" type="output"/>
        <pin num="2" name="-" type="input"/>
        <pin num="3" name="+" type="input"/>
        <pin num="4" name="V-" type="power_in"/>
        <pin num="5" name="+" type="input"/>
        <pin num="6" name="-" type="input"/>
        <pin num="7" name="~" type="output"/>
        <pin num="8" name="V+" type="power_in"/>
      </pins>
    </libpart>
    <libpart lib="Connector" part="Conn_01x01_Female">
      <description>Generic connector, single row, 01x01, script generated (kicad-library-utils/schlib/autogen/connector/)</description>
      <docs>~</docs>
      <footprints>
        <fp>Connector*:*</fp>
      </footprints>
      <fields>
        <field name="Reference">J</field>
        <field name="Value">Conn_01x01_Female</field>
      </fields>
      <pins>
        <pin num="1" name="Pin_1" type="passive"/>
      </pins>
    </libpart>
    <libpart lib="Connector" part="Conn_01x02_Female">
      <description>Generic connector, single row, 01x02, script generated (kicad-library-utils/schlib/autogen/connector/)</description>
      <docs>~</docs>
      <footprints>
        <fp>Connector*:*_1x??_*</fp>
      </footprints>
      <fields>
        <field name="Reference">J</field>
        <field name="Value">Conn_01x02_Female</field>
      </fields>
      <pins>
        <pin num="1" name="Pin_1" type="passive"/>
        <pin num="2" name="Pin_2" type="passive"/>
      </pins>
    </libpart>
    <libpart lib="Connector" part="Conn_01x04_Male">
      <description>Generic connector, single row, 01x04, script generated (kicad-library-utils/schlib/autogen/connector/)</description>
      <docs>~</docs>
      <footprints>
        <fp>Connector*:*_1x??_*</fp>
      </footprints>
      <fields>
        <field name="Reference">J</field>
        <field name="Value">Conn_01x04_Male</field>
      </fields>
      <pins>
        <pin num="1" name="Pin_1" type="passive"/>
        <pin num="2" name="Pin_2" type="passive"/>
        <pin num="3" name="Pin_3" type="passive"/>
        <pin num="4" name="Pin_4" type="passive"/>
      </pins>
    </libpart>
    <libpart lib="Device" part="C">
      <description>Unpolarized capacitor</description>
      <docs>~</docs>
      <footprints>
        <fp>C_*</fp>
      </footprints>
      <fields>
        <field name="Reference">C</field>
        <field name="Value">C</field>
      </fields>
      <pins>
        <pin num="1" name="~" type="passive"/>
        <pin num="2" name="~" type="passive"/>
      </pins>
    </libpart>
    <libpart lib="Device" part="CP">
      <description>Polarized capacitor</description>
      <docs>~</docs>
      <footprints>
        <fp>CP_*</fp>
      </footprints>
      <fields>
        <field name="Reference">C</field>
        <field name="Value">CP</field>
      </fields>
      <pins>
        <pin num="1" name="~" type="passive"/>
        <pin num="2" name="~" type="passive"/>
      </pins>
    </libpart>
    <libpart lib="Device" part="D">
      <description>Diode</description>
      <docs>~</docs>
      <footprints>
        <fp>TO-???*</fp>
        <fp>*_Diode_*</fp>
        <fp>*SingleDiode*</fp>
        <fp>D_*</fp>
      </footprints>
      <fields>
        <field name="Reference">D</field>
        <field name="Value">D</field>
      </fields>
      <pins>
        <pin num="1" name="K" type="passive"/>
        <pin num="2" name="A" type="passive"/>
      </pins>
    </libpart>
    <libpart lib="Device" part="LED">
      <description>Light emitting diode</description>
      <docs>~</docs>
      <footprints>
        <fp>LED*</fp>
        <fp>LED_SMD:*</fp>
        <fp>LED_THT:*</fp>
      </footprints>
      <fields>
        <field name="Reference">D</field>
        <field name="Value">LED</field>
      </fields>
      <pins>
        <pin num="1" name="K" type="passive"/>
        <pin num="2" name="A" type="passive"/>
      </pins>
    </libpart>
    <libpart lib="Device" part="Polyfuse_Small">
      <description>Resettable fuse, polymeric positive temperature coefficient, small symbol</description>
      <docs>~</docs>
      <footprints>
        <fp>*polyfuse*</fp>
        <fp>*PTC*</fp>
      </footprints>
      <fields>
        <field name="Reference">F</field>
        <field name="Value">Polyfuse_Small</field>
      </fields>
      <pins>
        <pin num="1" name="~" type="passive"/>
        <pin num="2" name="~" type="passive"/>
      </pins>
    </libpart>
    <libpart lib="Device" part="R">
      <description>Resistor</description>
      <docs>~</docs>
      <footprints>
        <fp>R_*</fp>
      </footprints>
      <fields>
        <field name="Reference">R</field>
        <field name="Value">R</field>
      </fields>
      <pins>
        <pin num="1" name="~" type="passive"/>
        <pin num="2" name="~" type="passive"/>
      </pins>
    </libpart>
    <libpart lib="Device" part="R_POT">
      <description>Potentiometer</description>
      <docs>~</docs>
      <footprints>
        <fp>Potentiometer*</fp>
      </footprints>
      <fields>
        <field name="Reference">RV</field>
        <field name="Value">R_POT</field>
      </fields>
      <pins>
        <pin num="1" name="1" type="passive"/>
        <pin num="2" name="2" type="passive"/>
        <pin num="3" name="3" type="passive"/>
      </pins>
    </libpart>
    <libpart lib="Switch" part="SW_DIP_x04">
      <description>4x DIP Switch, Single Pole Single Throw (SPST) switch, small symbol</description>
      <docs>~</docs>
      <footprints>
        <fp>SW?DIP?x4*</fp>
      </footprints>
      <fields>
        <field name="Reference">SW</field>
        <field name="Value">SW_DIP_x04</field>
      </fields>
      <pins>
        <pin num="1" name="~" type="passive"/>
        <pin num="2" name="~" type="passive"/>
        <pin num="3" name="~" type="passive"/>
        <pin num="4" name="~" type="passive"/>
        <pin num="5" name="~" type="passive"/>
        <pin num="6" name="~" type="passive"/>
        <pin num="7" name="~" type="passive"/>
        <pin num="8" name="~" type="passive"/>
      </pins>
    </libpart>
  </libparts>
  <libraries>
    <library logical="Amplifier_Operational">
      <uri>/Library/Application Support/kicad/library/Amplifier_Operational.lib</uri>
    </library>
    <library logical="Connector">
      <uri>/Library/Application Support/kicad/library/Connector.lib</uri>
    </library>
    <library logical="Device">
      <uri>/Library/Application Support/kicad/library/Device.lib</uri>
    </library>
    <library logical="Switch">
      <uri>/Library/Application Support/kicad/library/Switch.lib</uri>
    </library>
  </libraries>
  <nets>
    <net code="1" name="Net-(J1-Pad1)">
      <node ref="J1" pin="1"/>
      <node ref="RV1" pin="3"/>
    </net>
    <net code="2" name="Net-(C1-Pad1)">
      <node ref="C1" pin="1"/>
      <node ref="RV1" pin="2"/>
    </net>
    <net code="3" name="GND">
      <node ref="RV1" pin="1"/>
      <node ref="R1" pin="2"/>
      <node ref="J3" pin="2"/>
      <node ref="J4" pin="2"/>
      <node ref="U1" pin="3"/>
      <node ref="J2" pin="2"/>
      <node ref="J2" pin="3"/>
      <node ref="C3" pin="2"/>
      <node ref="D4" pin="1"/>
      <node ref="R3" pin="2"/>
      <node ref="C5" pin="2"/>
      <node ref="D5" pin="1"/>
      <node ref="D1" pin="1"/>
      <node ref="U2" pin="12"/>
      <node ref="C2" pin="2"/>
      <node ref="D3" pin="1"/>
      <node ref="BP6" pin="1"/>
      <node ref="BP5" pin="2"/>
      <node ref="R5" pin="2"/>
      <node ref="R18" pin="2"/>
      <node ref="BP4" pin="1"/>
      <node ref="BP3" pin="2"/>
      <node ref="BP1" pin="1"/>
      <node ref="R10" pin="2"/>
      <node ref="R11" pin="1"/>
      <node ref="BP2" pin="2"/>
      <node ref="R12" pin="2"/>
      <node ref="D2" pin="2"/>
    </net>
    <net code="4" name="Net-(J3-Pad1)">
      <node ref="R6" pin="1"/>
      <node ref="R7" pin="1"/>
      <node ref="J3" pin="1"/>
    </net>
    <net code="5" name="Net-(C1-Pad2)">
      <node ref="R1" pin="1"/>
      <node ref="C1" pin="2"/>
      <node ref="U1" pin="5"/>
    </net>
    <net code="6" name="Net-(C3-Pad1)">
      <node ref="D4" pin="2"/>
      <node ref="C3" pin="1"/>
      <node ref="R9" pin="1"/>
    </net>
    <net code="7" name="Net-(R9-Pad2)">
      <node ref="R9" pin="2"/>
      <node ref="U2" pin="8"/>
    </net>
    <net code="8" name="Net-(R2-Pad2)">
      <node ref="R3" pin="1"/>
      <node ref="R2" pin="2"/>
      <node ref="U2" pin="9"/>
    </net>
    <net code="9" name="+15V">
      <node ref="F2" pin="1"/>
      <node ref="D2" pin="1"/>
      <node ref="BP2" pin="1"/>
      <node ref="R17" pin="1"/>
      <node ref="R4" pin="1"/>
      <node ref="U2" pin="4"/>
      <node ref="BP6" pin="2"/>
      <node ref="U1" pin="8"/>
      <node ref="R2" pin="1"/>
      <node ref="BP4" pin="2"/>
    </net>
    <net code="10" name="Net-(R6-Pad2)">
      <node ref="U1" pin="6"/>
      <node ref="R6" pin="2"/>
      <node ref="U2" pin="10"/>
      <node ref="U1" pin="7"/>
      <node ref="U2" pin="3"/>
      <node ref="SW1" pin="1"/>
    </net>
    <net code="11" name="Net-(C2-Pad1)">
      <node ref="D3" pin="2"/>
      <node ref="C2" pin="1"/>
      <node ref="R8" pin="1"/>
    </net>
    <net code="12" name="Net-(R8-Pad2)">
      <node ref="R8" pin="2"/>
      <node ref="U2" pin="1"/>
    </net>
    <net code="13" name="Net-(R4-Pad2)">
      <node ref="R5" pin="1"/>
      <node ref="R4" pin="2"/>
      <node ref="U2" pin="2"/>
    </net>
    <net code="14" name="Net-(C4-Pad2)">
      <node ref="R14" pin="2"/>
      <node ref="C4" pin="2"/>
      <node ref="U2" pin="13"/>
      <node ref="R13" pin="1"/>
    </net>
    <net code="15" name="Net-(R15-Pad1)">
      <node ref="R16" pin="1"/>
      <node ref="R15" pin="1"/>
      <node ref="U1" pin="2"/>
      <node ref="RV2" pin="1"/>
    </net>
    <net code="16" name="Net-(R19-Pad2)">
      <node ref="RV2" pin="3"/>
      <node ref="RV2" pin="2"/>
      <node ref="U1" pin="1"/>
      <node ref="R19" pin="2"/>
      <node ref="U2" pin="5"/>
    </net>
    <net code="17" name="Net-(J5-Pad1)">
      <node ref="R19" pin="1"/>
      <node ref="J5" pin="1"/>
    </net>
    <net code="18" name="Net-(C5-Pad1)">
      <node ref="C5" pin="1"/>
      <node ref="R20" pin="1"/>
      <node ref="D5" pin="2"/>
    </net>
    <net code="19" name="Net-(R20-Pad2)">
      <node ref="U2" pin="7"/>
      <node ref="R20" pin="2"/>
    </net>
    <net code="20" name="Net-(R17-Pad2)">
      <node ref="U2" pin="6"/>
      <node ref="R18" pin="1"/>
      <node ref="R17" pin="2"/>
    </net>
    <net code="21" name="Net-(F1-Pad2)">
      <node ref="J2" pin="1"/>
      <node ref="F1" pin="2"/>
    </net>
    <net code="22" name="Net-(F2-Pad2)">
      <node ref="J2" pin="4"/>
      <node ref="F2" pin="2"/>
    </net>
    <net code="23" name="-15V">
      <node ref="BP5" pin="1"/>
      <node ref="U2" pin="11"/>
      <node ref="BP3" pin="1"/>
      <node ref="BP1" pin="2"/>
      <node ref="D1" pin="2"/>
      <node ref="U1" pin="4"/>
      <node ref="F1" pin="1"/>
    </net>
    <net code="24" name="Net-(J4-Pad1)">
      <node ref="R12" pin="1"/>
      <node ref="R13" pin="2"/>
      <node ref="J4" pin="1"/>
      <node ref="SW1" pin="2"/>
      <node ref="SW1" pin="3"/>
    </net>
    <net code="25" name="Net-(C4-Pad1)">
      <node ref="C4" pin="1"/>
      <node ref="R14" pin="1"/>
      <node ref="SW1" pin="4"/>
      <node ref="U2" pin="14"/>
      <node ref="R16" pin="2"/>
    </net>
    <net code="26" name="Net-(R15-Pad2)">
      <node ref="SW1" pin="5"/>
      <node ref="R15" pin="2"/>
    </net>
    <net code="27" name="Net-(R11-Pad2)">
      <node ref="R11" pin="2"/>
      <node ref="SW1" pin="6"/>
    </net>
    <net code="28" name="Net-(R7-Pad2)">
      <node ref="SW1" pin="8"/>
      <node ref="R7" pin="2"/>
    </net>
    <net code="29" name="Net-(R10-Pad1)">
      <node ref="R10" pin="1"/>
      <node ref="SW1" pin="7"/>
    </net>
  </nets>
</export>
