<?xml version="1.0" encoding="UTF-8"?>
<export version="D">
  <design>
    <source>/Users/usb/Desktop/Kicad/sine/sine.sch</source>
    <date>Wednesday, July 27, 2022 at 09:20:47 PM</date>
    <tool>Eeschema (5.1.2-1)-1</tool>
    <sheet number="1" name="/" tstamps="/">
      <title_block>
        <title>sine bank</title>
        <company/>
        <rev>v01</rev>
        <date>2022</date>
        <source>sine.sch</source>
        <comment number="1" value=""/>
        <comment number="2" value="banana remix : matt hartman"/>
        <comment number="3" value="copyright : matthew skala"/>
        <comment number="4" value="based on : north coast synthesis fixed sine bank"/>
      </title_block>
    </sheet>
  </design>
  <components>
    <comp ref="R5">
      <value>10M*</value>
      <footprint>Resistor_SMD:R_0805_2012Metric_Pad1.15x1.40mm_HandSolder</footprint>
      <datasheet>~</datasheet>
      <libsource lib="Device" part="R" description="Resistor"/>
      <sheetpath names="/" tstamps="/"/>
      <tstamp>62CB51AF</tstamp>
    </comp>
    <comp ref="C1">
      <value>1u*</value>
      <footprint>Capacitor_THT:C_Rect_L7.2mm_W5.5mm_P5.00mm_FKS2_FKP2_MKS2_MKP2</footprint>
      <datasheet>~</datasheet>
      <libsource lib="Device" part="C" description="Unpolarized capacitor"/>
      <sheetpath names="/" tstamps="/"/>
      <tstamp>62CB6400</tstamp>
    </comp>
    <comp ref="C5">
      <value>1u*</value>
      <footprint>Capacitor_THT:C_Rect_L7.2mm_W5.5mm_P5.00mm_FKS2_FKP2_MKS2_MKP2</footprint>
      <datasheet>~</datasheet>
      <libsource lib="Device" part="C" description="Unpolarized capacitor"/>
      <sheetpath names="/" tstamps="/"/>
      <tstamp>62CB7971</tstamp>
    </comp>
    <comp ref="R13">
      <value>10M*</value>
      <footprint>Resistor_SMD:R_0805_2012Metric_Pad1.15x1.40mm_HandSolder</footprint>
      <datasheet>~</datasheet>
      <libsource lib="Device" part="R" description="Resistor"/>
      <sheetpath names="/" tstamps="/"/>
      <tstamp>62CB8683</tstamp>
    </comp>
    <comp ref="U1">
      <value>TL074</value>
      <footprint>Package_SO:SOIC-14_3.9x8.7mm_P1.27mm</footprint>
      <datasheet>http://www.ti.com/lit/ds/symlink/tl071.pdf</datasheet>
      <libsource lib="Amplifier_Operational" part="TL074" description="Quad Low-Noise JFET-Input Operational Amplifiers, DIP-14/SOIC-14"/>
      <sheetpath names="/" tstamps="/"/>
      <tstamp>62CB9F08</tstamp>
    </comp>
    <comp ref="R1">
      <value>10k</value>
      <footprint>Resistor_SMD:R_0805_2012Metric_Pad1.15x1.40mm_HandSolder</footprint>
      <datasheet>~</datasheet>
      <libsource lib="Device" part="R" description="Resistor"/>
      <sheetpath names="/" tstamps="/"/>
      <tstamp>62CBAC7C</tstamp>
    </comp>
    <comp ref="R9">
      <value>22k</value>
      <footprint>Resistor_SMD:R_0805_2012Metric_Pad1.15x1.40mm_HandSolder</footprint>
      <datasheet>~</datasheet>
      <libsource lib="Device" part="R" description="Resistor"/>
      <sheetpath names="/" tstamps="/"/>
      <tstamp>62CBBB0C</tstamp>
    </comp>
    <comp ref="D1">
      <value>1n5229B</value>
      <footprint>Diode_THT:D_DO-35_SOD27_P7.62mm_Horizontal</footprint>
      <datasheet>~</datasheet>
      <libsource lib="Device" part="D_Zener" description="Zener diode"/>
      <sheetpath names="/" tstamps="/"/>
      <tstamp>62CBC5DF</tstamp>
    </comp>
    <comp ref="D5">
      <value>1n5229B</value>
      <footprint>Diode_THT:D_DO-35_SOD27_P7.62mm_Horizontal</footprint>
      <datasheet>~</datasheet>
      <libsource lib="Device" part="D_Zener" description="Zener diode"/>
      <sheetpath names="/" tstamps="/"/>
      <tstamp>62CBCF6F</tstamp>
    </comp>
    <comp ref="R17">
      <value>27k</value>
      <footprint>Resistor_SMD:R_0805_2012Metric_Pad1.15x1.40mm_HandSolder</footprint>
      <datasheet>~</datasheet>
      <libsource lib="Device" part="R" description="Resistor"/>
      <sheetpath names="/" tstamps="/"/>
      <tstamp>62CBD8D5</tstamp>
    </comp>
    <comp ref="R6">
      <value>1M8*</value>
      <footprint>Resistor_SMD:R_0805_2012Metric_Pad1.15x1.40mm_HandSolder</footprint>
      <datasheet>~</datasheet>
      <libsource lib="Device" part="R" description="Resistor"/>
      <sheetpath names="/" tstamps="/"/>
      <tstamp>62CC105C</tstamp>
    </comp>
    <comp ref="C2">
      <value>0.47u*</value>
      <footprint>Capacitor_THT:C_Rect_L7.2mm_W5.5mm_P5.00mm_FKS2_FKP2_MKS2_MKP2</footprint>
      <datasheet>~</datasheet>
      <libsource lib="Device" part="C" description="Unpolarized capacitor"/>
      <sheetpath names="/" tstamps="/"/>
      <tstamp>62CC1070</tstamp>
    </comp>
    <comp ref="C6">
      <value>0.47u*</value>
      <footprint>Capacitor_THT:C_Rect_L7.2mm_W5.5mm_P5.00mm_FKS2_FKP2_MKS2_MKP2</footprint>
      <datasheet>~</datasheet>
      <libsource lib="Device" part="C" description="Unpolarized capacitor"/>
      <sheetpath names="/" tstamps="/"/>
      <tstamp>62CC1084</tstamp>
    </comp>
    <comp ref="R14">
      <value>1M8*</value>
      <footprint>Resistor_SMD:R_0805_2012Metric_Pad1.15x1.40mm_HandSolder</footprint>
      <datasheet>~</datasheet>
      <libsource lib="Device" part="R" description="Resistor"/>
      <sheetpath names="/" tstamps="/"/>
      <tstamp>62CC108E</tstamp>
    </comp>
    <comp ref="R2">
      <value>10k</value>
      <footprint>Resistor_SMD:R_0805_2012Metric_Pad1.15x1.40mm_HandSolder</footprint>
      <datasheet>~</datasheet>
      <libsource lib="Device" part="R" description="Resistor"/>
      <sheetpath names="/" tstamps="/"/>
      <tstamp>62CC10A2</tstamp>
    </comp>
    <comp ref="R10">
      <value>22k</value>
      <footprint>Resistor_SMD:R_0805_2012Metric_Pad1.15x1.40mm_HandSolder</footprint>
      <datasheet>~</datasheet>
      <libsource lib="Device" part="R" description="Resistor"/>
      <sheetpath names="/" tstamps="/"/>
      <tstamp>62CC10B6</tstamp>
    </comp>
    <comp ref="D2">
      <value>1n5229B</value>
      <footprint>Diode_THT:D_DO-35_SOD27_P7.62mm_Horizontal</footprint>
      <datasheet>~</datasheet>
      <libsource lib="Device" part="D_Zener" description="Zener diode"/>
      <sheetpath names="/" tstamps="/"/>
      <tstamp>62CC10C0</tstamp>
    </comp>
    <comp ref="D6">
      <value>1n5229B</value>
      <footprint>Diode_THT:D_DO-35_SOD27_P7.62mm_Horizontal</footprint>
      <datasheet>~</datasheet>
      <libsource lib="Device" part="D_Zener" description="Zener diode"/>
      <sheetpath names="/" tstamps="/"/>
      <tstamp>62CC10CA</tstamp>
    </comp>
    <comp ref="R18">
      <value>27k</value>
      <footprint>Resistor_SMD:R_0805_2012Metric_Pad1.15x1.40mm_HandSolder</footprint>
      <datasheet>~</datasheet>
      <libsource lib="Device" part="R" description="Resistor"/>
      <sheetpath names="/" tstamps="/"/>
      <tstamp>62CC10D4</tstamp>
    </comp>
    <comp ref="R7">
      <value>1M*</value>
      <footprint>Resistor_SMD:R_0805_2012Metric_Pad1.15x1.40mm_HandSolder</footprint>
      <datasheet>~</datasheet>
      <libsource lib="Device" part="R" description="Resistor"/>
      <sheetpath names="/" tstamps="/"/>
      <tstamp>62CCFFED</tstamp>
    </comp>
    <comp ref="C3">
      <value>0.22u*</value>
      <footprint>Capacitor_THT:C_Rect_L7.2mm_W5.5mm_P5.00mm_FKS2_FKP2_MKS2_MKP2</footprint>
      <datasheet>~</datasheet>
      <libsource lib="Device" part="C" description="Unpolarized capacitor"/>
      <sheetpath names="/" tstamps="/"/>
      <tstamp>62CD0001</tstamp>
    </comp>
    <comp ref="C7">
      <value>0.22u*</value>
      <footprint>Capacitor_THT:C_Rect_L7.2mm_W5.5mm_P5.00mm_FKS2_FKP2_MKS2_MKP2</footprint>
      <datasheet>~</datasheet>
      <libsource lib="Device" part="C" description="Unpolarized capacitor"/>
      <sheetpath names="/" tstamps="/"/>
      <tstamp>62CD0015</tstamp>
    </comp>
    <comp ref="R15">
      <value>1M*</value>
      <footprint>Resistor_SMD:R_0805_2012Metric_Pad1.15x1.40mm_HandSolder</footprint>
      <datasheet>~</datasheet>
      <libsource lib="Device" part="R" description="Resistor"/>
      <sheetpath names="/" tstamps="/"/>
      <tstamp>62CD001F</tstamp>
    </comp>
    <comp ref="R3">
      <value>10k</value>
      <footprint>Resistor_SMD:R_0805_2012Metric_Pad1.15x1.40mm_HandSolder</footprint>
      <datasheet>~</datasheet>
      <libsource lib="Device" part="R" description="Resistor"/>
      <sheetpath names="/" tstamps="/"/>
      <tstamp>62CD0033</tstamp>
    </comp>
    <comp ref="R11">
      <value>22k</value>
      <footprint>Resistor_SMD:R_0805_2012Metric_Pad1.15x1.40mm_HandSolder</footprint>
      <datasheet>~</datasheet>
      <libsource lib="Device" part="R" description="Resistor"/>
      <sheetpath names="/" tstamps="/"/>
      <tstamp>62CD0047</tstamp>
    </comp>
    <comp ref="D3">
      <value>1n5229B</value>
      <footprint>Diode_THT:D_DO-35_SOD27_P7.62mm_Horizontal</footprint>
      <datasheet>~</datasheet>
      <libsource lib="Device" part="D_Zener" description="Zener diode"/>
      <sheetpath names="/" tstamps="/"/>
      <tstamp>62CD0051</tstamp>
    </comp>
    <comp ref="D7">
      <value>1n5229B</value>
      <footprint>Diode_THT:D_DO-35_SOD27_P7.62mm_Horizontal</footprint>
      <datasheet>~</datasheet>
      <libsource lib="Device" part="D_Zener" description="Zener diode"/>
      <sheetpath names="/" tstamps="/"/>
      <tstamp>62CD005B</tstamp>
    </comp>
    <comp ref="R19">
      <value>27k</value>
      <footprint>Resistor_SMD:R_0805_2012Metric_Pad1.15x1.40mm_HandSolder</footprint>
      <datasheet>~</datasheet>
      <libsource lib="Device" part="R" description="Resistor"/>
      <sheetpath names="/" tstamps="/"/>
      <tstamp>62CD0065</tstamp>
    </comp>
    <comp ref="R8">
      <value>150k*</value>
      <footprint>Resistor_SMD:R_0805_2012Metric_Pad1.15x1.40mm_HandSolder</footprint>
      <datasheet>~</datasheet>
      <libsource lib="Device" part="R" description="Resistor"/>
      <sheetpath names="/" tstamps="/"/>
      <tstamp>62CD008F</tstamp>
    </comp>
    <comp ref="C4">
      <value>0.22u*</value>
      <footprint>Capacitor_THT:C_Rect_L7.2mm_W5.5mm_P5.00mm_FKS2_FKP2_MKS2_MKP2</footprint>
      <datasheet>~</datasheet>
      <libsource lib="Device" part="C" description="Unpolarized capacitor"/>
      <sheetpath names="/" tstamps="/"/>
      <tstamp>62CD00A3</tstamp>
    </comp>
    <comp ref="C8">
      <value>0.22u*</value>
      <footprint>Capacitor_THT:C_Rect_L7.2mm_W5.5mm_P5.00mm_FKS2_FKP2_MKS2_MKP2</footprint>
      <datasheet>~</datasheet>
      <libsource lib="Device" part="C" description="Unpolarized capacitor"/>
      <sheetpath names="/" tstamps="/"/>
      <tstamp>62CD00B7</tstamp>
    </comp>
    <comp ref="R16">
      <value>150k*</value>
      <footprint>Resistor_SMD:R_0805_2012Metric_Pad1.15x1.40mm_HandSolder</footprint>
      <datasheet>~</datasheet>
      <libsource lib="Device" part="R" description="Resistor"/>
      <sheetpath names="/" tstamps="/"/>
      <tstamp>62CD00C1</tstamp>
    </comp>
    <comp ref="R4">
      <value>10k</value>
      <footprint>Resistor_SMD:R_0805_2012Metric_Pad1.15x1.40mm_HandSolder</footprint>
      <datasheet>~</datasheet>
      <libsource lib="Device" part="R" description="Resistor"/>
      <sheetpath names="/" tstamps="/"/>
      <tstamp>62CD00D5</tstamp>
    </comp>
    <comp ref="R12">
      <value>22k</value>
      <footprint>Resistor_SMD:R_0805_2012Metric_Pad1.15x1.40mm_HandSolder</footprint>
      <datasheet>~</datasheet>
      <libsource lib="Device" part="R" description="Resistor"/>
      <sheetpath names="/" tstamps="/"/>
      <tstamp>62CD00E9</tstamp>
    </comp>
    <comp ref="D4">
      <value>1n5229B</value>
      <footprint>Diode_THT:D_DO-35_SOD27_P7.62mm_Horizontal</footprint>
      <datasheet>~</datasheet>
      <libsource lib="Device" part="D_Zener" description="Zener diode"/>
      <sheetpath names="/" tstamps="/"/>
      <tstamp>62CD00F3</tstamp>
    </comp>
    <comp ref="D8">
      <value>1n5229B</value>
      <footprint>Diode_THT:D_DO-35_SOD27_P7.62mm_Horizontal</footprint>
      <datasheet>~</datasheet>
      <libsource lib="Device" part="D_Zener" description="Zener diode"/>
      <sheetpath names="/" tstamps="/"/>
      <tstamp>62CD00FD</tstamp>
    </comp>
    <comp ref="R20">
      <value>27k</value>
      <footprint>Resistor_SMD:R_0805_2012Metric_Pad1.15x1.40mm_HandSolder</footprint>
      <datasheet>~</datasheet>
      <libsource lib="Device" part="R" description="Resistor"/>
      <sheetpath names="/" tstamps="/"/>
      <tstamp>62CD0107</tstamp>
    </comp>
    <comp ref="J3">
      <value>1B</value>
      <footprint>Connector_PinHeader_2.54mm:PinHeader_1x04_P2.54mm_Vertical</footprint>
      <datasheet>~</datasheet>
      <libsource lib="Connector" part="Conn_01x04_Male" description="Generic connector, single row, 01x04, script generated (kicad-library-utils/schlib/autogen/connector/)"/>
      <sheetpath names="/" tstamps="/"/>
      <tstamp>62CDE3D0</tstamp>
    </comp>
    <comp ref="R33">
      <value>5M6*</value>
      <footprint>Resistor_SMD:R_0805_2012Metric_Pad1.15x1.40mm_HandSolder</footprint>
      <datasheet>~</datasheet>
      <libsource lib="Device" part="R" description="Resistor"/>
      <sheetpath names="/" tstamps="/"/>
      <tstamp>62CFC0B8</tstamp>
    </comp>
    <comp ref="C11">
      <value>0.47u*</value>
      <footprint>Capacitor_THT:C_Rect_L7.2mm_W5.5mm_P5.00mm_FKS2_FKP2_MKS2_MKP2</footprint>
      <datasheet>~</datasheet>
      <libsource lib="Device" part="C" description="Unpolarized capacitor"/>
      <sheetpath names="/" tstamps="/"/>
      <tstamp>62CFC0CC</tstamp>
    </comp>
    <comp ref="C15">
      <value>0.47u*</value>
      <footprint>Capacitor_THT:C_Rect_L7.2mm_W5.5mm_P5.00mm_FKS2_FKP2_MKS2_MKP2</footprint>
      <datasheet>~</datasheet>
      <libsource lib="Device" part="C" description="Unpolarized capacitor"/>
      <sheetpath names="/" tstamps="/"/>
      <tstamp>62CFC0E0</tstamp>
    </comp>
    <comp ref="R41">
      <value>5M6*</value>
      <footprint>Resistor_SMD:R_0805_2012Metric_Pad1.15x1.40mm_HandSolder</footprint>
      <datasheet>~</datasheet>
      <libsource lib="Device" part="R" description="Resistor"/>
      <sheetpath names="/" tstamps="/"/>
      <tstamp>62CFC0EA</tstamp>
    </comp>
    <comp ref="U2">
      <value>TL074</value>
      <footprint>Package_SO:SOIC-14_3.9x8.7mm_P1.27mm</footprint>
      <datasheet>http://www.ti.com/lit/ds/symlink/tl071.pdf</datasheet>
      <libsource lib="Amplifier_Operational" part="TL074" description="Quad Low-Noise JFET-Input Operational Amplifiers, DIP-14/SOIC-14"/>
      <sheetpath names="/" tstamps="/"/>
      <tstamp>62CFC0F4</tstamp>
    </comp>
    <comp ref="R29">
      <value>10k</value>
      <footprint>Resistor_SMD:R_0805_2012Metric_Pad1.15x1.40mm_HandSolder</footprint>
      <datasheet>~</datasheet>
      <libsource lib="Device" part="R" description="Resistor"/>
      <sheetpath names="/" tstamps="/"/>
      <tstamp>62CFC0FE</tstamp>
    </comp>
    <comp ref="R37">
      <value>22k</value>
      <footprint>Resistor_SMD:R_0805_2012Metric_Pad1.15x1.40mm_HandSolder</footprint>
      <datasheet>~</datasheet>
      <libsource lib="Device" part="R" description="Resistor"/>
      <sheetpath names="/" tstamps="/"/>
      <tstamp>62CFC112</tstamp>
    </comp>
    <comp ref="D13">
      <value>1n5229B</value>
      <footprint>Diode_THT:D_DO-35_SOD27_P7.62mm_Horizontal</footprint>
      <datasheet>~</datasheet>
      <libsource lib="Device" part="D_Zener" description="Zener diode"/>
      <sheetpath names="/" tstamps="/"/>
      <tstamp>62CFC11C</tstamp>
    </comp>
    <comp ref="D17">
      <value>1n5229B</value>
      <footprint>Diode_THT:D_DO-35_SOD27_P7.62mm_Horizontal</footprint>
      <datasheet>~</datasheet>
      <libsource lib="Device" part="D_Zener" description="Zener diode"/>
      <sheetpath names="/" tstamps="/"/>
      <tstamp>62CFC126</tstamp>
    </comp>
    <comp ref="R45">
      <value>27k</value>
      <footprint>Resistor_SMD:R_0805_2012Metric_Pad1.15x1.40mm_HandSolder</footprint>
      <datasheet>~</datasheet>
      <libsource lib="Device" part="R" description="Resistor"/>
      <sheetpath names="/" tstamps="/"/>
      <tstamp>62CFC130</tstamp>
    </comp>
    <comp ref="R34">
      <value>390k*</value>
      <footprint>Resistor_SMD:R_0805_2012Metric_Pad1.15x1.40mm_HandSolder</footprint>
      <datasheet>~</datasheet>
      <libsource lib="Device" part="R" description="Resistor"/>
      <sheetpath names="/" tstamps="/"/>
      <tstamp>62CFC15A</tstamp>
    </comp>
    <comp ref="C12">
      <value>1u*</value>
      <footprint>Capacitor_THT:C_Rect_L7.2mm_W5.5mm_P5.00mm_FKS2_FKP2_MKS2_MKP2</footprint>
      <datasheet>~</datasheet>
      <libsource lib="Device" part="C" description="Unpolarized capacitor"/>
      <sheetpath names="/" tstamps="/"/>
      <tstamp>62CFC16E</tstamp>
    </comp>
    <comp ref="C16">
      <value>1u*</value>
      <footprint>Capacitor_THT:C_Rect_L7.2mm_W5.5mm_P5.00mm_FKS2_FKP2_MKS2_MKP2</footprint>
      <datasheet>~</datasheet>
      <libsource lib="Device" part="C" description="Unpolarized capacitor"/>
      <sheetpath names="/" tstamps="/"/>
      <tstamp>62CFC182</tstamp>
    </comp>
    <comp ref="R42">
      <value>390k*</value>
      <footprint>Resistor_SMD:R_0805_2012Metric_Pad1.15x1.40mm_HandSolder</footprint>
      <datasheet>~</datasheet>
      <libsource lib="Device" part="R" description="Resistor"/>
      <sheetpath names="/" tstamps="/"/>
      <tstamp>62CFC18C</tstamp>
    </comp>
    <comp ref="R30">
      <value>10k</value>
      <footprint>Resistor_SMD:R_0805_2012Metric_Pad1.15x1.40mm_HandSolder</footprint>
      <datasheet>~</datasheet>
      <libsource lib="Device" part="R" description="Resistor"/>
      <sheetpath names="/" tstamps="/"/>
      <tstamp>62CFC196</tstamp>
    </comp>
    <comp ref="R38">
      <value>22k</value>
      <footprint>Resistor_SMD:R_0805_2012Metric_Pad1.15x1.40mm_HandSolder</footprint>
      <datasheet>~</datasheet>
      <libsource lib="Device" part="R" description="Resistor"/>
      <sheetpath names="/" tstamps="/"/>
      <tstamp>62CFC1AA</tstamp>
    </comp>
    <comp ref="D14">
      <value>1n5229B</value>
      <footprint>Diode_THT:D_DO-35_SOD27_P7.62mm_Horizontal</footprint>
      <datasheet>~</datasheet>
      <libsource lib="Device" part="D_Zener" description="Zener diode"/>
      <sheetpath names="/" tstamps="/"/>
      <tstamp>62CFC1B4</tstamp>
    </comp>
    <comp ref="D18">
      <value>1n5229B</value>
      <footprint>Diode_THT:D_DO-35_SOD27_P7.62mm_Horizontal</footprint>
      <datasheet>~</datasheet>
      <libsource lib="Device" part="D_Zener" description="Zener diode"/>
      <sheetpath names="/" tstamps="/"/>
      <tstamp>62CFC1BE</tstamp>
    </comp>
    <comp ref="R46">
      <value>27k</value>
      <footprint>Resistor_SMD:R_0805_2012Metric_Pad1.15x1.40mm_HandSolder</footprint>
      <datasheet>~</datasheet>
      <libsource lib="Device" part="R" description="Resistor"/>
      <sheetpath names="/" tstamps="/"/>
      <tstamp>62CFC1C8</tstamp>
    </comp>
    <comp ref="R35">
      <value>1M2*</value>
      <footprint>Resistor_SMD:R_0805_2012Metric_Pad1.15x1.40mm_HandSolder</footprint>
      <datasheet>~</datasheet>
      <libsource lib="Device" part="R" description="Resistor"/>
      <sheetpath names="/" tstamps="/"/>
      <tstamp>62CFC1F2</tstamp>
    </comp>
    <comp ref="C13">
      <value>0.1u*</value>
      <footprint>Capacitor_THT:C_Rect_L7.2mm_W5.5mm_P5.00mm_FKS2_FKP2_MKS2_MKP2</footprint>
      <datasheet>~</datasheet>
      <libsource lib="Device" part="C" description="Unpolarized capacitor"/>
      <sheetpath names="/" tstamps="/"/>
      <tstamp>62CFC206</tstamp>
    </comp>
    <comp ref="C17">
      <value>0.1u*</value>
      <footprint>Capacitor_THT:C_Rect_L7.2mm_W5.5mm_P5.00mm_FKS2_FKP2_MKS2_MKP2</footprint>
      <datasheet>~</datasheet>
      <libsource lib="Device" part="C" description="Unpolarized capacitor"/>
      <sheetpath names="/" tstamps="/"/>
      <tstamp>62CFC21A</tstamp>
    </comp>
    <comp ref="R43">
      <value>1M2*</value>
      <footprint>Resistor_SMD:R_0805_2012Metric_Pad1.15x1.40mm_HandSolder</footprint>
      <datasheet>~</datasheet>
      <libsource lib="Device" part="R" description="Resistor"/>
      <sheetpath names="/" tstamps="/"/>
      <tstamp>62CFC224</tstamp>
    </comp>
    <comp ref="R31">
      <value>10k</value>
      <footprint>Resistor_SMD:R_0805_2012Metric_Pad1.15x1.40mm_HandSolder</footprint>
      <datasheet>~</datasheet>
      <libsource lib="Device" part="R" description="Resistor"/>
      <sheetpath names="/" tstamps="/"/>
      <tstamp>62CFC22E</tstamp>
    </comp>
    <comp ref="R39">
      <value>22k</value>
      <footprint>Resistor_SMD:R_0805_2012Metric_Pad1.15x1.40mm_HandSolder</footprint>
      <datasheet>~</datasheet>
      <libsource lib="Device" part="R" description="Resistor"/>
      <sheetpath names="/" tstamps="/"/>
      <tstamp>62CFC242</tstamp>
    </comp>
    <comp ref="D15">
      <value>1n5229B</value>
      <footprint>Diode_THT:D_DO-35_SOD27_P7.62mm_Horizontal</footprint>
      <datasheet>~</datasheet>
      <libsource lib="Device" part="D_Zener" description="Zener diode"/>
      <sheetpath names="/" tstamps="/"/>
      <tstamp>62CFC24C</tstamp>
    </comp>
    <comp ref="D19">
      <value>1n5229B</value>
      <footprint>Diode_THT:D_DO-35_SOD27_P7.62mm_Horizontal</footprint>
      <datasheet>~</datasheet>
      <libsource lib="Device" part="D_Zener" description="Zener diode"/>
      <sheetpath names="/" tstamps="/"/>
      <tstamp>62CFC256</tstamp>
    </comp>
    <comp ref="R47">
      <value>27k</value>
      <footprint>Resistor_SMD:R_0805_2012Metric_Pad1.15x1.40mm_HandSolder</footprint>
      <datasheet>~</datasheet>
      <libsource lib="Device" part="R" description="Resistor"/>
      <sheetpath names="/" tstamps="/"/>
      <tstamp>62CFC260</tstamp>
    </comp>
    <comp ref="R36">
      <value>100k*</value>
      <footprint>Resistor_SMD:R_0805_2012Metric_Pad1.15x1.40mm_HandSolder</footprint>
      <datasheet>~</datasheet>
      <libsource lib="Device" part="R" description="Resistor"/>
      <sheetpath names="/" tstamps="/"/>
      <tstamp>62CFC28A</tstamp>
    </comp>
    <comp ref="C14">
      <value>0.1u*</value>
      <footprint>Capacitor_THT:C_Rect_L7.2mm_W5.5mm_P5.00mm_FKS2_FKP2_MKS2_MKP2</footprint>
      <datasheet>~</datasheet>
      <libsource lib="Device" part="C" description="Unpolarized capacitor"/>
      <sheetpath names="/" tstamps="/"/>
      <tstamp>62CFC29E</tstamp>
    </comp>
    <comp ref="C18">
      <value>0.1u*</value>
      <footprint>Capacitor_THT:C_Rect_L7.2mm_W5.5mm_P5.00mm_FKS2_FKP2_MKS2_MKP2</footprint>
      <datasheet>~</datasheet>
      <libsource lib="Device" part="C" description="Unpolarized capacitor"/>
      <sheetpath names="/" tstamps="/"/>
      <tstamp>62CFC2B2</tstamp>
    </comp>
    <comp ref="R44">
      <value>100k*</value>
      <footprint>Resistor_SMD:R_0805_2012Metric_Pad1.15x1.40mm_HandSolder</footprint>
      <datasheet>~</datasheet>
      <libsource lib="Device" part="R" description="Resistor"/>
      <sheetpath names="/" tstamps="/"/>
      <tstamp>62CFC2BC</tstamp>
    </comp>
    <comp ref="R32">
      <value>10k</value>
      <footprint>Resistor_SMD:R_0805_2012Metric_Pad1.15x1.40mm_HandSolder</footprint>
      <datasheet>~</datasheet>
      <libsource lib="Device" part="R" description="Resistor"/>
      <sheetpath names="/" tstamps="/"/>
      <tstamp>62CFC2C6</tstamp>
    </comp>
    <comp ref="R40">
      <value>22k</value>
      <footprint>Resistor_SMD:R_0805_2012Metric_Pad1.15x1.40mm_HandSolder</footprint>
      <datasheet>~</datasheet>
      <libsource lib="Device" part="R" description="Resistor"/>
      <sheetpath names="/" tstamps="/"/>
      <tstamp>62CFC2DA</tstamp>
    </comp>
    <comp ref="D16">
      <value>1n5229B</value>
      <footprint>Diode_THT:D_DO-35_SOD27_P7.62mm_Horizontal</footprint>
      <datasheet>~</datasheet>
      <libsource lib="Device" part="D_Zener" description="Zener diode"/>
      <sheetpath names="/" tstamps="/"/>
      <tstamp>62CFC2E4</tstamp>
    </comp>
    <comp ref="D20">
      <value>1n5229B</value>
      <footprint>Diode_THT:D_DO-35_SOD27_P7.62mm_Horizontal</footprint>
      <datasheet>~</datasheet>
      <libsource lib="Device" part="D_Zener" description="Zener diode"/>
      <sheetpath names="/" tstamps="/"/>
      <tstamp>62CFC2EE</tstamp>
    </comp>
    <comp ref="R48">
      <value>27k</value>
      <footprint>Resistor_SMD:R_0805_2012Metric_Pad1.15x1.40mm_HandSolder</footprint>
      <datasheet>~</datasheet>
      <libsource lib="Device" part="R" description="Resistor"/>
      <sheetpath names="/" tstamps="/"/>
      <tstamp>62CFC2F8</tstamp>
    </comp>
    <comp ref="J4">
      <value>2B</value>
      <footprint>Connector_PinHeader_2.54mm:PinHeader_1x04_P2.54mm_Vertical</footprint>
      <datasheet>~</datasheet>
      <libsource lib="Connector" part="Conn_01x04_Male" description="Generic connector, single row, 01x04, script generated (kicad-library-utils/schlib/autogen/connector/)"/>
      <sheetpath names="/" tstamps="/"/>
      <tstamp>62CFC322</tstamp>
    </comp>
    <comp ref="J11">
      <value>1A</value>
      <footprint>Connector_PinSocket_2.54mm:PinSocket_1x04_P2.54mm_Vertical</footprint>
      <datasheet>~</datasheet>
      <libsource lib="Connector" part="Conn_01x04_Female" description="Generic connector, single row, 01x04, script generated (kicad-library-utils/schlib/autogen/connector/)"/>
      <sheetpath names="/" tstamps="/"/>
      <tstamp>62D4D5AD</tstamp>
    </comp>
    <comp ref="R49">
      <value>1k</value>
      <footprint>Resistor_SMD:R_0805_2012Metric_Pad1.15x1.40mm_HandSolder</footprint>
      <datasheet>~</datasheet>
      <libsource lib="Device" part="R" description="Resistor"/>
      <sheetpath names="/" tstamps="/"/>
      <tstamp>62D5DD7D</tstamp>
    </comp>
    <comp ref="J12">
      <value>A</value>
      <footprint>Footprints2:BananaFoFanna4</footprint>
      <datasheet>~</datasheet>
      <libsource lib="Connector" part="Conn_01x01_Female" description="Generic connector, single row, 01x01, script generated (kicad-library-utils/schlib/autogen/connector/)"/>
      <sheetpath names="/" tstamps="/"/>
      <tstamp>62D5EEE2</tstamp>
    </comp>
    <comp ref="R50">
      <value>510R</value>
      <footprint>Resistor_SMD:R_0805_2012Metric_Pad1.15x1.40mm_HandSolder</footprint>
      <datasheet>~</datasheet>
      <libsource lib="Device" part="R" description="Resistor"/>
      <sheetpath names="/" tstamps="/"/>
      <tstamp>62D608D1</tstamp>
    </comp>
    <comp ref="LED9">
      <value>YELLOW</value>
      <footprint>Footprints2:LED-3MMcenter</footprint>
      <datasheet>~</datasheet>
      <libsource lib="Device" part="LED" description="Light emitting diode"/>
      <sheetpath names="/" tstamps="/"/>
      <tstamp>62D6163F</tstamp>
    </comp>
    <comp ref="LED10">
      <value>RED</value>
      <footprint>Footprints2:LED-3MMcenter</footprint>
      <datasheet>~</datasheet>
      <libsource lib="Device" part="LED" description="Light emitting diode"/>
      <sheetpath names="/" tstamps="/"/>
      <tstamp>62D61BAF</tstamp>
    </comp>
    <comp ref="R53">
      <value>1k</value>
      <footprint>Resistor_SMD:R_0805_2012Metric_Pad1.15x1.40mm_HandSolder</footprint>
      <datasheet>~</datasheet>
      <libsource lib="Device" part="R" description="Resistor"/>
      <sheetpath names="/" tstamps="/"/>
      <tstamp>62DC08F0</tstamp>
    </comp>
    <comp ref="J13">
      <value>B</value>
      <footprint>Footprints2:BananaFoFanna4</footprint>
      <datasheet>~</datasheet>
      <libsource lib="Connector" part="Conn_01x01_Female" description="Generic connector, single row, 01x01, script generated (kicad-library-utils/schlib/autogen/connector/)"/>
      <sheetpath names="/" tstamps="/"/>
      <tstamp>62DC08FA</tstamp>
    </comp>
    <comp ref="R54">
      <value>510R</value>
      <footprint>Resistor_SMD:R_0805_2012Metric_Pad1.15x1.40mm_HandSolder</footprint>
      <datasheet>~</datasheet>
      <libsource lib="Device" part="R" description="Resistor"/>
      <sheetpath names="/" tstamps="/"/>
      <tstamp>62DC0904</tstamp>
    </comp>
    <comp ref="LED11">
      <value>YELLOW</value>
      <footprint>Footprints2:LED-3MMcenter</footprint>
      <datasheet>~</datasheet>
      <libsource lib="Device" part="LED" description="Light emitting diode"/>
      <sheetpath names="/" tstamps="/"/>
      <tstamp>62DC090E</tstamp>
    </comp>
    <comp ref="LED12">
      <value>RED</value>
      <footprint>Footprints2:LED-3MMcenter</footprint>
      <datasheet>~</datasheet>
      <libsource lib="Device" part="LED" description="Light emitting diode"/>
      <sheetpath names="/" tstamps="/"/>
      <tstamp>62DC0918</tstamp>
    </comp>
    <comp ref="R23">
      <value>1k</value>
      <footprint>Resistor_SMD:R_0805_2012Metric_Pad1.15x1.40mm_HandSolder</footprint>
      <datasheet>~</datasheet>
      <libsource lib="Device" part="R" description="Resistor"/>
      <sheetpath names="/" tstamps="/"/>
      <tstamp>62DD77A5</tstamp>
    </comp>
    <comp ref="J14">
      <value>C</value>
      <footprint>Footprints2:BananaFoFanna4</footprint>
      <datasheet>~</datasheet>
      <libsource lib="Connector" part="Conn_01x01_Female" description="Generic connector, single row, 01x01, script generated (kicad-library-utils/schlib/autogen/connector/)"/>
      <sheetpath names="/" tstamps="/"/>
      <tstamp>62DD77AF</tstamp>
    </comp>
    <comp ref="R24">
      <value>510R</value>
      <footprint>Resistor_SMD:R_0805_2012Metric_Pad1.15x1.40mm_HandSolder</footprint>
      <datasheet>~</datasheet>
      <libsource lib="Device" part="R" description="Resistor"/>
      <sheetpath names="/" tstamps="/"/>
      <tstamp>62DD77B9</tstamp>
    </comp>
    <comp ref="LED13">
      <value>YELLOW</value>
      <footprint>Footprints2:LED-3MMcenter</footprint>
      <datasheet>~</datasheet>
      <libsource lib="Device" part="LED" description="Light emitting diode"/>
      <sheetpath names="/" tstamps="/"/>
      <tstamp>62DD77C3</tstamp>
    </comp>
    <comp ref="LED14">
      <value>RED</value>
      <footprint>Footprints2:LED-3MMcenter</footprint>
      <datasheet>~</datasheet>
      <libsource lib="Device" part="LED" description="Light emitting diode"/>
      <sheetpath names="/" tstamps="/"/>
      <tstamp>62DD77CD</tstamp>
    </comp>
    <comp ref="R27">
      <value>1k</value>
      <footprint>Resistor_SMD:R_0805_2012Metric_Pad1.15x1.40mm_HandSolder</footprint>
      <datasheet>~</datasheet>
      <libsource lib="Device" part="R" description="Resistor"/>
      <sheetpath names="/" tstamps="/"/>
      <tstamp>62DD77EF</tstamp>
    </comp>
    <comp ref="J15">
      <value>D</value>
      <footprint>Footprints2:BananaFoFanna4</footprint>
      <datasheet>~</datasheet>
      <libsource lib="Connector" part="Conn_01x01_Female" description="Generic connector, single row, 01x01, script generated (kicad-library-utils/schlib/autogen/connector/)"/>
      <sheetpath names="/" tstamps="/"/>
      <tstamp>62DD77F9</tstamp>
    </comp>
    <comp ref="R28">
      <value>510R</value>
      <footprint>Resistor_SMD:R_0805_2012Metric_Pad1.15x1.40mm_HandSolder</footprint>
      <datasheet>~</datasheet>
      <libsource lib="Device" part="R" description="Resistor"/>
      <sheetpath names="/" tstamps="/"/>
      <tstamp>62DD7803</tstamp>
    </comp>
    <comp ref="LED15">
      <value>YELLOW</value>
      <footprint>Footprints2:LED-3MMcenter</footprint>
      <datasheet>~</datasheet>
      <libsource lib="Device" part="LED" description="Light emitting diode"/>
      <sheetpath names="/" tstamps="/"/>
      <tstamp>62DD780D</tstamp>
    </comp>
    <comp ref="LED16">
      <value>RED</value>
      <footprint>Footprints2:LED-3MMcenter</footprint>
      <datasheet>~</datasheet>
      <libsource lib="Device" part="LED" description="Light emitting diode"/>
      <sheetpath names="/" tstamps="/"/>
      <tstamp>62DD7817</tstamp>
    </comp>
    <comp ref="R51">
      <value>1k</value>
      <footprint>Resistor_SMD:R_0805_2012Metric_Pad1.15x1.40mm_HandSolder</footprint>
      <datasheet>~</datasheet>
      <libsource lib="Device" part="R" description="Resistor"/>
      <sheetpath names="/" tstamps="/"/>
      <tstamp>62F1B63C</tstamp>
    </comp>
    <comp ref="J2">
      <value>E</value>
      <footprint>Footprints2:BananaFoFanna4</footprint>
      <datasheet>~</datasheet>
      <libsource lib="Connector" part="Conn_01x01_Female" description="Generic connector, single row, 01x01, script generated (kicad-library-utils/schlib/autogen/connector/)"/>
      <sheetpath names="/" tstamps="/"/>
      <tstamp>62F1B646</tstamp>
    </comp>
    <comp ref="R52">
      <value>510R</value>
      <footprint>Resistor_SMD:R_0805_2012Metric_Pad1.15x1.40mm_HandSolder</footprint>
      <datasheet>~</datasheet>
      <libsource lib="Device" part="R" description="Resistor"/>
      <sheetpath names="/" tstamps="/"/>
      <tstamp>62F1B650</tstamp>
    </comp>
    <comp ref="LED1">
      <value>YELLOW</value>
      <footprint>Footprints2:LED-3MMcenter</footprint>
      <datasheet>~</datasheet>
      <libsource lib="Device" part="LED" description="Light emitting diode"/>
      <sheetpath names="/" tstamps="/"/>
      <tstamp>62F1B65A</tstamp>
    </comp>
    <comp ref="LED2">
      <value>RED</value>
      <footprint>Footprints2:LED-3MMcenter</footprint>
      <datasheet>~</datasheet>
      <libsource lib="Device" part="LED" description="Light emitting diode"/>
      <sheetpath names="/" tstamps="/"/>
      <tstamp>62F1B664</tstamp>
    </comp>
    <comp ref="R55">
      <value>1k</value>
      <footprint>Resistor_SMD:R_0805_2012Metric_Pad1.15x1.40mm_HandSolder</footprint>
      <datasheet>~</datasheet>
      <libsource lib="Device" part="R" description="Resistor"/>
      <sheetpath names="/" tstamps="/"/>
      <tstamp>62F582E8</tstamp>
    </comp>
    <comp ref="J5">
      <value>F</value>
      <footprint>Footprints2:BananaFoFanna4</footprint>
      <datasheet>~</datasheet>
      <libsource lib="Connector" part="Conn_01x01_Female" description="Generic connector, single row, 01x01, script generated (kicad-library-utils/schlib/autogen/connector/)"/>
      <sheetpath names="/" tstamps="/"/>
      <tstamp>62F582F2</tstamp>
    </comp>
    <comp ref="R56">
      <value>510R</value>
      <footprint>Resistor_SMD:R_0805_2012Metric_Pad1.15x1.40mm_HandSolder</footprint>
      <datasheet>~</datasheet>
      <libsource lib="Device" part="R" description="Resistor"/>
      <sheetpath names="/" tstamps="/"/>
      <tstamp>62F582FC</tstamp>
    </comp>
    <comp ref="LED3">
      <value>YELLOW</value>
      <footprint>Footprints2:LED-3MMcenter</footprint>
      <datasheet>~</datasheet>
      <libsource lib="Device" part="LED" description="Light emitting diode"/>
      <sheetpath names="/" tstamps="/"/>
      <tstamp>62F58306</tstamp>
    </comp>
    <comp ref="LED4">
      <value>RED</value>
      <footprint>Footprints2:LED-3MMcenter</footprint>
      <datasheet>~</datasheet>
      <libsource lib="Device" part="LED" description="Light emitting diode"/>
      <sheetpath names="/" tstamps="/"/>
      <tstamp>62F58310</tstamp>
    </comp>
    <comp ref="R25">
      <value>1k</value>
      <footprint>Resistor_SMD:R_0805_2012Metric_Pad1.15x1.40mm_HandSolder</footprint>
      <datasheet>~</datasheet>
      <libsource lib="Device" part="R" description="Resistor"/>
      <sheetpath names="/" tstamps="/"/>
      <tstamp>62F74AE0</tstamp>
    </comp>
    <comp ref="J6">
      <value>G</value>
      <footprint>Footprints2:BananaFoFanna4</footprint>
      <datasheet>~</datasheet>
      <libsource lib="Connector" part="Conn_01x01_Female" description="Generic connector, single row, 01x01, script generated (kicad-library-utils/schlib/autogen/connector/)"/>
      <sheetpath names="/" tstamps="/"/>
      <tstamp>62F74AEA</tstamp>
    </comp>
    <comp ref="R26">
      <value>510R</value>
      <footprint>Resistor_SMD:R_0805_2012Metric_Pad1.15x1.40mm_HandSolder</footprint>
      <datasheet>~</datasheet>
      <libsource lib="Device" part="R" description="Resistor"/>
      <sheetpath names="/" tstamps="/"/>
      <tstamp>62F74AF4</tstamp>
    </comp>
    <comp ref="LED5">
      <value>YELLOW</value>
      <footprint>Footprints2:LED-3MMcenter</footprint>
      <datasheet>~</datasheet>
      <libsource lib="Device" part="LED" description="Light emitting diode"/>
      <sheetpath names="/" tstamps="/"/>
      <tstamp>62F74AFE</tstamp>
    </comp>
    <comp ref="LED6">
      <value>RED</value>
      <footprint>Footprints2:LED-3MMcenter</footprint>
      <datasheet>~</datasheet>
      <libsource lib="Device" part="LED" description="Light emitting diode"/>
      <sheetpath names="/" tstamps="/"/>
      <tstamp>62F74B08</tstamp>
    </comp>
    <comp ref="R21">
      <value>1k</value>
      <footprint>Resistor_SMD:R_0805_2012Metric_Pad1.15x1.40mm_HandSolder</footprint>
      <datasheet>~</datasheet>
      <libsource lib="Device" part="R" description="Resistor"/>
      <sheetpath names="/" tstamps="/"/>
      <tstamp>62F74B2A</tstamp>
    </comp>
    <comp ref="J7">
      <value>H</value>
      <footprint>Footprints2:BananaFoFanna4</footprint>
      <datasheet>~</datasheet>
      <libsource lib="Connector" part="Conn_01x01_Female" description="Generic connector, single row, 01x01, script generated (kicad-library-utils/schlib/autogen/connector/)"/>
      <sheetpath names="/" tstamps="/"/>
      <tstamp>62F74B34</tstamp>
    </comp>
    <comp ref="R22">
      <value>510R</value>
      <footprint>Resistor_SMD:R_0805_2012Metric_Pad1.15x1.40mm_HandSolder</footprint>
      <datasheet>~</datasheet>
      <libsource lib="Device" part="R" description="Resistor"/>
      <sheetpath names="/" tstamps="/"/>
      <tstamp>62F74B3E</tstamp>
    </comp>
    <comp ref="LED7">
      <value>YELLOW</value>
      <footprint>Footprints2:LED-3MMcenter</footprint>
      <datasheet>~</datasheet>
      <libsource lib="Device" part="LED" description="Light emitting diode"/>
      <sheetpath names="/" tstamps="/"/>
      <tstamp>62F74B48</tstamp>
    </comp>
    <comp ref="LED8">
      <value>RED</value>
      <footprint>Footprints2:LED-3MMcenter</footprint>
      <datasheet>~</datasheet>
      <libsource lib="Device" part="LED" description="Light emitting diode"/>
      <sheetpath names="/" tstamps="/"/>
      <tstamp>62F74B52</tstamp>
    </comp>
    <comp ref="J1">
      <value>2A</value>
      <footprint>Connector_PinSocket_2.54mm:PinSocket_1x04_P2.54mm_Vertical</footprint>
      <datasheet>~</datasheet>
      <libsource lib="Connector" part="Conn_01x04_Female" description="Generic connector, single row, 01x04, script generated (kicad-library-utils/schlib/autogen/connector/)"/>
      <sheetpath names="/" tstamps="/"/>
      <tstamp>62FA44F4</tstamp>
    </comp>
    <comp ref="J8">
      <value>POWER</value>
      <footprint>TerminalBlock_TE-Connectivity:TerminalBlock_TE_282834-4_1x04_P2.54mm_Horizontal</footprint>
      <datasheet>~</datasheet>
      <libsource lib="Connector" part="Conn_01x04_Male" description="Generic connector, single row, 01x04, script generated (kicad-library-utils/schlib/autogen/connector/)"/>
      <sheetpath names="/" tstamps="/"/>
      <tstamp>630DCF23</tstamp>
    </comp>
    <comp ref="D25">
      <value>1n5818</value>
      <footprint>Diode_THT:D_DO-41_SOD81_P10.16mm_Horizontal</footprint>
      <datasheet>~</datasheet>
      <libsource lib="Device" part="D_Schottky" description="Schottky diode"/>
      <sheetpath names="/" tstamps="/"/>
      <tstamp>630DEB5D</tstamp>
    </comp>
    <comp ref="D26">
      <value>1n5818</value>
      <footprint>Diode_THT:D_DO-41_SOD81_P10.16mm_Horizontal</footprint>
      <datasheet>~</datasheet>
      <libsource lib="Device" part="D_Schottky" description="Schottky diode"/>
      <sheetpath names="/" tstamps="/"/>
      <tstamp>630DFF14</tstamp>
    </comp>
    <comp ref="PF1">
      <value>10u</value>
      <footprint>Capacitor_THT:CP_Radial_D6.3mm_P2.50mm</footprint>
      <datasheet>~</datasheet>
      <libsource lib="Device" part="CP" description="Polarized capacitor"/>
      <sheetpath names="/" tstamps="/"/>
      <tstamp>630E10C6</tstamp>
    </comp>
    <comp ref="PF2">
      <value>10u</value>
      <footprint>Capacitor_THT:CP_Radial_D6.3mm_P2.50mm</footprint>
      <datasheet>~</datasheet>
      <libsource lib="Device" part="CP" description="Polarized capacitor"/>
      <sheetpath names="/" tstamps="/"/>
      <tstamp>630E19D4</tstamp>
    </comp>
    <comp ref="BP3">
      <value>100n</value>
      <footprint>Capacitor_SMD:C_0805_2012Metric_Pad1.15x1.40mm_HandSolder</footprint>
      <datasheet>~</datasheet>
      <libsource lib="Device" part="C" description="Unpolarized capacitor"/>
      <sheetpath names="/" tstamps="/"/>
      <tstamp>630E8C50</tstamp>
    </comp>
    <comp ref="BP4">
      <value>100n</value>
      <footprint>Capacitor_SMD:C_0805_2012Metric_Pad1.15x1.40mm_HandSolder</footprint>
      <datasheet>~</datasheet>
      <libsource lib="Device" part="C" description="Unpolarized capacitor"/>
      <sheetpath names="/" tstamps="/"/>
      <tstamp>630E90A5</tstamp>
    </comp>
    <comp ref="BP1">
      <value>100n</value>
      <footprint>Capacitor_SMD:C_0805_2012Metric_Pad1.15x1.40mm_HandSolder</footprint>
      <datasheet>~</datasheet>
      <libsource lib="Device" part="C" description="Unpolarized capacitor"/>
      <sheetpath names="/" tstamps="/"/>
      <tstamp>630EE1EC</tstamp>
    </comp>
    <comp ref="BP2">
      <value>100n</value>
      <footprint>Capacitor_SMD:C_0805_2012Metric_Pad1.15x1.40mm_HandSolder</footprint>
      <datasheet>~</datasheet>
      <libsource lib="Device" part="C" description="Unpolarized capacitor"/>
      <sheetpath names="/" tstamps="/"/>
      <tstamp>630EE79B</tstamp>
    </comp>
    <comp ref="J9">
      <value>3B</value>
      <footprint>Connector_PinHeader_2.54mm:PinHeader_1x04_P2.54mm_Vertical</footprint>
      <datasheet>~</datasheet>
      <libsource lib="Connector" part="Conn_01x04_Male" description="Generic connector, single row, 01x04, script generated (kicad-library-utils/schlib/autogen/connector/)"/>
      <sheetpath names="/" tstamps="/"/>
      <tstamp>63482CFD</tstamp>
    </comp>
    <comp ref="J10">
      <value>3A</value>
      <footprint>Connector_PinSocket_2.54mm:PinSocket_1x04_P2.54mm_Vertical</footprint>
      <datasheet>~</datasheet>
      <libsource lib="Connector" part="Conn_01x04_Female" description="Generic connector, single row, 01x04, script generated (kicad-library-utils/schlib/autogen/connector/)"/>
      <sheetpath names="/" tstamps="/"/>
      <tstamp>63485761</tstamp>
    </comp>
    <comp ref="J16">
      <value>0V</value>
      <footprint>Connector_PinHeader_2.54mm:PinHeader_1x01_P2.54mm_Vertical</footprint>
      <datasheet>~</datasheet>
      <libsource lib="Connector" part="Conn_01x01_Male" description="Generic connector, single row, 01x01, script generated (kicad-library-utils/schlib/autogen/connector/)"/>
      <sheetpath names="/" tstamps="/"/>
      <tstamp>63750B01</tstamp>
    </comp>
    <comp ref="J17">
      <value>0V</value>
      <footprint>Connector_PinHeader_2.54mm:PinHeader_1x01_P2.54mm_Vertical</footprint>
      <datasheet>~</datasheet>
      <libsource lib="Connector" part="Conn_01x01_Male" description="Generic connector, single row, 01x01, script generated (kicad-library-utils/schlib/autogen/connector/)"/>
      <sheetpath names="/" tstamps="/"/>
      <tstamp>63750F61</tstamp>
    </comp>
    <comp ref="J20">
      <value>0V</value>
      <footprint>Connector_PinHeader_2.54mm:PinHeader_1x01_P2.54mm_Vertical</footprint>
      <datasheet>~</datasheet>
      <libsource lib="Connector" part="Conn_01x01_Male" description="Generic connector, single row, 01x01, script generated (kicad-library-utils/schlib/autogen/connector/)"/>
      <sheetpath names="/" tstamps="/"/>
      <tstamp>63751468</tstamp>
    </comp>
    <comp ref="J21">
      <value>0V</value>
      <footprint>Connector_PinHeader_2.54mm:PinHeader_1x01_P2.54mm_Vertical</footprint>
      <datasheet>~</datasheet>
      <libsource lib="Connector" part="Conn_01x01_Male" description="Generic connector, single row, 01x01, script generated (kicad-library-utils/schlib/autogen/connector/)"/>
      <sheetpath names="/" tstamps="/"/>
      <tstamp>63751C03</tstamp>
    </comp>
    <comp ref="J18">
      <value>0V</value>
      <footprint>Connector_PinHeader_2.54mm:PinHeader_1x01_P2.54mm_Vertical</footprint>
      <datasheet>~</datasheet>
      <libsource lib="Connector" part="Conn_01x01_Male" description="Generic connector, single row, 01x01, script generated (kicad-library-utils/schlib/autogen/connector/)"/>
      <sheetpath names="/" tstamps="/"/>
      <tstamp>63751F12</tstamp>
    </comp>
    <comp ref="J22">
      <value>0V</value>
      <footprint>Connector_PinHeader_2.54mm:PinHeader_1x01_P2.54mm_Vertical</footprint>
      <datasheet>~</datasheet>
      <libsource lib="Connector" part="Conn_01x01_Male" description="Generic connector, single row, 01x01, script generated (kicad-library-utils/schlib/autogen/connector/)"/>
      <sheetpath names="/" tstamps="/"/>
      <tstamp>6375231D</tstamp>
    </comp>
    <comp ref="J19">
      <value>0V</value>
      <footprint>Connector_PinHeader_2.54mm:PinHeader_1x01_P2.54mm_Vertical</footprint>
      <datasheet>~</datasheet>
      <libsource lib="Connector" part="Conn_01x01_Male" description="Generic connector, single row, 01x01, script generated (kicad-library-utils/schlib/autogen/connector/)"/>
      <sheetpath names="/" tstamps="/"/>
      <tstamp>637528B7</tstamp>
    </comp>
    <comp ref="J23">
      <value>0V</value>
      <footprint>Connector_PinHeader_2.54mm:PinHeader_1x01_P2.54mm_Vertical</footprint>
      <datasheet>~</datasheet>
      <libsource lib="Connector" part="Conn_01x01_Male" description="Generic connector, single row, 01x01, script generated (kicad-library-utils/schlib/autogen/connector/)"/>
      <sheetpath names="/" tstamps="/"/>
      <tstamp>63752AA0</tstamp>
    </comp>
  </components>
  <libparts>
    <libpart lib="Amplifier_Operational" part="LM2902">
      <aliases>
        <alias>LM324</alias>
        <alias>TLC274</alias>
        <alias>TLC279</alias>
        <alias>TL074</alias>
        <alias>LM324A</alias>
        <alias>MCP6004</alias>
        <alias>TL084</alias>
        <alias>TL064</alias>
        <alias>LMV324</alias>
        <alias>LMC6484</alias>
        <alias>MCP604</alias>
        <alias>MC33079</alias>
        <alias>MC33174</alias>
        <alias>MC33179</alias>
        <alias>OPA1604</alias>
        <alias>OPA4134</alias>
        <alias>OPA4340UA</alias>
        <alias>OPA4376</alias>
        <alias>MCP6L94</alias>
        <alias>TSV914</alias>
        <alias>ADA4807-4</alias>
        <alias>TSV994</alias>
      </aliases>
      <description>Low-Power, Quad-Operational Amplifiers, DIP-14/SOIC-14/SSOP-14</description>
      <docs>http://www.ti.com/lit/ds/symlink/lm2902-n.pdf</docs>
      <footprints>
        <fp>SOIC*3.9x8.7mm*P1.27mm*</fp>
        <fp>DIP*W7.62mm*</fp>
        <fp>TSSOP*4.4x5mm*P0.65mm*</fp>
        <fp>SSOP*5.3x6.2mm*P0.65mm*</fp>
        <fp>MSOP*3x3mm*P0.5mm*</fp>
      </footprints>
      <fields>
        <field name="Reference">U</field>
        <field name="Value">LM2902</field>
      </fields>
      <pins>
        <pin num="1" name="~" type="output"/>
        <pin num="2" name="-" type="input"/>
        <pin num="3" name="+" type="input"/>
        <pin num="4" name="V+" type="power_in"/>
        <pin num="5" name="+" type="input"/>
        <pin num="6" name="-" type="input"/>
        <pin num="7" name="~" type="output"/>
        <pin num="8" name="~" type="output"/>
        <pin num="9" name="-" type="input"/>
        <pin num="10" name="+" type="input"/>
        <pin num="11" name="V-" type="power_in"/>
        <pin num="12" name="+" type="input"/>
        <pin num="13" name="-" type="input"/>
        <pin num="14" name="~" type="output"/>
      </pins>
    </libpart>
    <libpart lib="Connector" part="Conn_01x01_Female">
      <description>Generic connector, single row, 01x01, script generated (kicad-library-utils/schlib/autogen/connector/)</description>
      <docs>~</docs>
      <footprints>
        <fp>Connector*:*</fp>
      </footprints>
      <fields>
        <field name="Reference">J</field>
        <field name="Value">Conn_01x01_Female</field>
      </fields>
      <pins>
        <pin num="1" name="Pin_1" type="passive"/>
      </pins>
    </libpart>
    <libpart lib="Connector" part="Conn_01x01_Male">
      <description>Generic connector, single row, 01x01, script generated (kicad-library-utils/schlib/autogen/connector/)</description>
      <docs>~</docs>
      <footprints>
        <fp>Connector*:*</fp>
      </footprints>
      <fields>
        <field name="Reference">J</field>
        <field name="Value">Conn_01x01_Male</field>
      </fields>
      <pins>
        <pin num="1" name="Pin_1" type="passive"/>
      </pins>
    </libpart>
    <libpart lib="Connector" part="Conn_01x04_Female">
      <description>Generic connector, single row, 01x04, script generated (kicad-library-utils/schlib/autogen/connector/)</description>
      <docs>~</docs>
      <footprints>
        <fp>Connector*:*_1x??_*</fp>
      </footprints>
      <fields>
        <field name="Reference">J</field>
        <field name="Value">Conn_01x04_Female</field>
      </fields>
      <pins>
        <pin num="1" name="Pin_1" type="passive"/>
        <pin num="2" name="Pin_2" type="passive"/>
        <pin num="3" name="Pin_3" type="passive"/>
        <pin num="4" name="Pin_4" type="passive"/>
      </pins>
    </libpart>
    <libpart lib="Connector" part="Conn_01x04_Male">
      <description>Generic connector, single row, 01x04, script generated (kicad-library-utils/schlib/autogen/connector/)</description>
      <docs>~</docs>
      <footprints>
        <fp>Connector*:*_1x??_*</fp>
      </footprints>
      <fields>
        <field name="Reference">J</field>
        <field name="Value">Conn_01x04_Male</field>
      </fields>
      <pins>
        <pin num="1" name="Pin_1" type="passive"/>
        <pin num="2" name="Pin_2" type="passive"/>
        <pin num="3" name="Pin_3" type="passive"/>
        <pin num="4" name="Pin_4" type="passive"/>
      </pins>
    </libpart>
    <libpart lib="Device" part="C">
      <description>Unpolarized capacitor</description>
      <docs>~</docs>
      <footprints>
        <fp>C_*</fp>
      </footprints>
      <fields>
        <field name="Reference">C</field>
        <field name="Value">C</field>
      </fields>
      <pins>
        <pin num="1" name="~" type="passive"/>
        <pin num="2" name="~" type="passive"/>
      </pins>
    </libpart>
    <libpart lib="Device" part="CP">
      <description>Polarized capacitor</description>
      <docs>~</docs>
      <footprints>
        <fp>CP_*</fp>
      </footprints>
      <fields>
        <field name="Reference">C</field>
        <field name="Value">CP</field>
      </fields>
      <pins>
        <pin num="1" name="~" type="passive"/>
        <pin num="2" name="~" type="passive"/>
      </pins>
    </libpart>
    <libpart lib="Device" part="D_Schottky">
      <description>Schottky diode</description>
      <docs>~</docs>
      <footprints>
        <fp>TO-???*</fp>
        <fp>*_Diode_*</fp>
        <fp>*SingleDiode*</fp>
        <fp>D_*</fp>
      </footprints>
      <fields>
        <field name="Reference">D</field>
        <field name="Value">D_Schottky</field>
      </fields>
      <pins>
        <pin num="1" name="K" type="passive"/>
        <pin num="2" name="A" type="passive"/>
      </pins>
    </libpart>
    <libpart lib="Device" part="D_Zener">
      <description>Zener diode</description>
      <docs>~</docs>
      <footprints>
        <fp>TO-???*</fp>
        <fp>*_Diode_*</fp>
        <fp>*SingleDiode*</fp>
        <fp>D_*</fp>
      </footprints>
      <fields>
        <field name="Reference">D</field>
        <field name="Value">D_Zener</field>
      </fields>
      <pins>
        <pin num="1" name="K" type="passive"/>
        <pin num="2" name="A" type="passive"/>
      </pins>
    </libpart>
    <libpart lib="Device" part="LED">
      <description>Light emitting diode</description>
      <docs>~</docs>
      <footprints>
        <fp>LED*</fp>
        <fp>LED_SMD:*</fp>
        <fp>LED_THT:*</fp>
      </footprints>
      <fields>
        <field name="Reference">D</field>
        <field name="Value">LED</field>
      </fields>
      <pins>
        <pin num="1" name="K" type="passive"/>
        <pin num="2" name="A" type="passive"/>
      </pins>
    </libpart>
    <libpart lib="Device" part="R">
      <description>Resistor</description>
      <docs>~</docs>
      <footprints>
        <fp>R_*</fp>
      </footprints>
      <fields>
        <field name="Reference">R</field>
        <field name="Value">R</field>
      </fields>
      <pins>
        <pin num="1" name="~" type="passive"/>
        <pin num="2" name="~" type="passive"/>
      </pins>
    </libpart>
  </libparts>
  <libraries>
    <library logical="Amplifier_Operational">
      <uri>/Library/Application Support/kicad/library/Amplifier_Operational.lib</uri>
    </library>
    <library logical="Connector">
      <uri>/Library/Application Support/kicad/library/Connector.lib</uri>
    </library>
    <library logical="Device">
      <uri>/Library/Application Support/kicad/library/Device.lib</uri>
    </library>
  </libraries>
  <nets>
    <net code="1" name="Net-(C1-Pad1)">
      <node ref="R5" pin="1"/>
      <node ref="U1" pin="5"/>
      <node ref="C1" pin="1"/>
      <node ref="C5" pin="2"/>
    </net>
    <net code="2" name="GND">
      <node ref="R33" pin="2"/>
      <node ref="J8" pin="2"/>
      <node ref="J8" pin="3"/>
      <node ref="PF1" pin="2"/>
      <node ref="PF2" pin="1"/>
      <node ref="R1" pin="2"/>
      <node ref="BP3" pin="2"/>
      <node ref="BP4" pin="1"/>
      <node ref="BP1" pin="2"/>
      <node ref="BP2" pin="1"/>
      <node ref="R32" pin="2"/>
      <node ref="J9" pin="1"/>
      <node ref="R6" pin="2"/>
      <node ref="R36" pin="2"/>
      <node ref="J9" pin="2"/>
      <node ref="R31" pin="2"/>
      <node ref="R2" pin="2"/>
      <node ref="R35" pin="2"/>
      <node ref="J9" pin="3"/>
      <node ref="J9" pin="4"/>
      <node ref="R30" pin="2"/>
      <node ref="R34" pin="2"/>
      <node ref="R29" pin="2"/>
      <node ref="R7" pin="2"/>
      <node ref="R5" pin="2"/>
      <node ref="R4" pin="2"/>
      <node ref="R3" pin="2"/>
      <node ref="R8" pin="2"/>
    </net>
    <net code="3" name="-15V">
      <node ref="C11" pin="2"/>
      <node ref="C1" pin="2"/>
      <node ref="C12" pin="2"/>
      <node ref="BP2" pin="2"/>
      <node ref="U2" pin="11"/>
      <node ref="BP4" pin="2"/>
      <node ref="U1" pin="11"/>
      <node ref="PF2" pin="2"/>
      <node ref="C3" pin="2"/>
      <node ref="C4" pin="2"/>
      <node ref="C13" pin="2"/>
      <node ref="D26" pin="1"/>
      <node ref="C2" pin="2"/>
      <node ref="C14" pin="2"/>
    </net>
    <net code="4" name="Net-(C5-Pad1)">
      <node ref="R13" pin="2"/>
      <node ref="C5" pin="1"/>
    </net>
    <net code="5" name="Net-(D2-Pad1)">
      <node ref="R2" pin="1"/>
      <node ref="U1" pin="2"/>
      <node ref="R10" pin="2"/>
      <node ref="D2" pin="1"/>
    </net>
    <net code="6" name="Net-(D1-Pad2)">
      <node ref="D5" pin="2"/>
      <node ref="D1" pin="2"/>
    </net>
    <net code="7" name="Net-(D5-Pad1)">
      <node ref="R17" pin="2"/>
      <node ref="D5" pin="1"/>
    </net>
    <net code="8" name="Net-(D1-Pad1)">
      <node ref="R1" pin="1"/>
      <node ref="U1" pin="6"/>
      <node ref="R9" pin="2"/>
      <node ref="D1" pin="1"/>
    </net>
    <net code="9" name="Net-(C2-Pad1)">
      <node ref="R6" pin="1"/>
      <node ref="C6" pin="2"/>
      <node ref="U1" pin="3"/>
      <node ref="C2" pin="1"/>
    </net>
    <net code="10" name="Net-(C6-Pad1)">
      <node ref="R14" pin="2"/>
      <node ref="C6" pin="1"/>
    </net>
    <net code="11" name="Net-(D2-Pad2)">
      <node ref="D6" pin="2"/>
      <node ref="D2" pin="2"/>
    </net>
    <net code="12" name="Net-(D6-Pad1)">
      <node ref="D6" pin="1"/>
      <node ref="R18" pin="2"/>
    </net>
    <net code="13" name="Net-(C3-Pad1)">
      <node ref="C3" pin="1"/>
      <node ref="U2" pin="5"/>
      <node ref="C7" pin="2"/>
      <node ref="R7" pin="1"/>
    </net>
    <net code="14" name="Net-(J3-Pad4)">
      <node ref="R19" pin="1"/>
      <node ref="J3" pin="4"/>
      <node ref="U2" pin="7"/>
      <node ref="R11" pin="1"/>
      <node ref="R15" pin="1"/>
    </net>
    <net code="15" name="Net-(C7-Pad1)">
      <node ref="R15" pin="2"/>
      <node ref="C7" pin="1"/>
    </net>
    <net code="16" name="Net-(D3-Pad2)">
      <node ref="D7" pin="2"/>
      <node ref="D3" pin="2"/>
    </net>
    <net code="17" name="Net-(D7-Pad1)">
      <node ref="R19" pin="2"/>
      <node ref="D7" pin="1"/>
    </net>
    <net code="18" name="Net-(D3-Pad1)">
      <node ref="U2" pin="6"/>
      <node ref="R11" pin="2"/>
      <node ref="D3" pin="1"/>
      <node ref="R3" pin="1"/>
    </net>
    <net code="19" name="Net-(C4-Pad1)">
      <node ref="U2" pin="3"/>
      <node ref="C8" pin="2"/>
      <node ref="C4" pin="1"/>
      <node ref="R8" pin="1"/>
    </net>
    <net code="20" name="Net-(C8-Pad1)">
      <node ref="R16" pin="2"/>
      <node ref="C8" pin="1"/>
    </net>
    <net code="21" name="Net-(D4-Pad2)">
      <node ref="D8" pin="2"/>
      <node ref="D4" pin="2"/>
    </net>
    <net code="22" name="Net-(D8-Pad1)">
      <node ref="R20" pin="2"/>
      <node ref="D8" pin="1"/>
    </net>
    <net code="23" name="Net-(D4-Pad1)">
      <node ref="R4" pin="1"/>
      <node ref="R12" pin="2"/>
      <node ref="D4" pin="1"/>
      <node ref="U2" pin="2"/>
    </net>
    <net code="24" name="Net-(J3-Pad1)">
      <node ref="U1" pin="1"/>
      <node ref="R14" pin="1"/>
      <node ref="J3" pin="1"/>
      <node ref="R10" pin="1"/>
      <node ref="R18" pin="1"/>
    </net>
    <net code="25" name="Net-(J3-Pad2)">
      <node ref="R13" pin="1"/>
      <node ref="U1" pin="7"/>
      <node ref="R17" pin="1"/>
      <node ref="J3" pin="2"/>
      <node ref="R9" pin="1"/>
    </net>
    <net code="26" name="Net-(J3-Pad3)">
      <node ref="U2" pin="1"/>
      <node ref="R16" pin="1"/>
      <node ref="J3" pin="3"/>
      <node ref="R20" pin="1"/>
      <node ref="R12" pin="1"/>
    </net>
    <net code="27" name="Net-(D13-Pad1)">
      <node ref="U1" pin="9"/>
      <node ref="D13" pin="1"/>
      <node ref="R37" pin="2"/>
      <node ref="R29" pin="1"/>
    </net>
    <net code="28" name="Net-(D14-Pad1)">
      <node ref="U1" pin="13"/>
      <node ref="R30" pin="1"/>
      <node ref="R38" pin="2"/>
      <node ref="D14" pin="1"/>
    </net>
    <net code="29" name="Net-(C11-Pad1)">
      <node ref="C15" pin="2"/>
      <node ref="C11" pin="1"/>
      <node ref="R33" pin="1"/>
      <node ref="U1" pin="10"/>
    </net>
    <net code="30" name="Net-(C15-Pad1)">
      <node ref="C15" pin="1"/>
      <node ref="R41" pin="2"/>
    </net>
    <net code="31" name="Net-(D13-Pad2)">
      <node ref="D13" pin="2"/>
      <node ref="D17" pin="2"/>
    </net>
    <net code="32" name="Net-(D17-Pad1)">
      <node ref="D17" pin="1"/>
      <node ref="R45" pin="2"/>
    </net>
    <net code="33" name="Net-(C12-Pad1)">
      <node ref="U1" pin="12"/>
      <node ref="R34" pin="1"/>
      <node ref="C12" pin="1"/>
      <node ref="C16" pin="2"/>
    </net>
    <net code="34" name="Net-(C16-Pad1)">
      <node ref="R42" pin="2"/>
      <node ref="C16" pin="1"/>
    </net>
    <net code="35" name="Net-(D14-Pad2)">
      <node ref="D18" pin="2"/>
      <node ref="D14" pin="2"/>
    </net>
    <net code="36" name="Net-(D18-Pad1)">
      <node ref="R46" pin="2"/>
      <node ref="D18" pin="1"/>
    </net>
    <net code="37" name="Net-(C13-Pad1)">
      <node ref="U2" pin="10"/>
      <node ref="R35" pin="1"/>
      <node ref="C13" pin="1"/>
      <node ref="C17" pin="2"/>
    </net>
    <net code="38" name="Net-(J4-Pad4)">
      <node ref="R47" pin="1"/>
      <node ref="J4" pin="4"/>
      <node ref="U2" pin="8"/>
      <node ref="R39" pin="1"/>
      <node ref="R43" pin="1"/>
    </net>
    <net code="39" name="Net-(C17-Pad1)">
      <node ref="R43" pin="2"/>
      <node ref="C17" pin="1"/>
    </net>
    <net code="40" name="Net-(D15-Pad2)">
      <node ref="D15" pin="2"/>
      <node ref="D19" pin="2"/>
    </net>
    <net code="41" name="Net-(D19-Pad1)">
      <node ref="D19" pin="1"/>
      <node ref="R47" pin="2"/>
    </net>
    <net code="42" name="Net-(D15-Pad1)">
      <node ref="R31" pin="1"/>
      <node ref="R39" pin="2"/>
      <node ref="D15" pin="1"/>
      <node ref="U2" pin="9"/>
    </net>
    <net code="43" name="Net-(C14-Pad1)">
      <node ref="R36" pin="1"/>
      <node ref="U2" pin="12"/>
      <node ref="C14" pin="1"/>
      <node ref="C18" pin="2"/>
    </net>
    <net code="44" name="Net-(C18-Pad1)">
      <node ref="C18" pin="1"/>
      <node ref="R44" pin="2"/>
    </net>
    <net code="45" name="Net-(D16-Pad2)">
      <node ref="D16" pin="2"/>
      <node ref="D20" pin="2"/>
    </net>
    <net code="46" name="Net-(D20-Pad1)">
      <node ref="D20" pin="1"/>
      <node ref="R48" pin="2"/>
    </net>
    <net code="47" name="Net-(D16-Pad1)">
      <node ref="R40" pin="2"/>
      <node ref="D16" pin="1"/>
      <node ref="R32" pin="1"/>
      <node ref="U2" pin="13"/>
    </net>
    <net code="48" name="Net-(J4-Pad1)">
      <node ref="J4" pin="1"/>
      <node ref="U1" pin="14"/>
      <node ref="R46" pin="1"/>
      <node ref="R38" pin="1"/>
      <node ref="R42" pin="1"/>
    </net>
    <net code="49" name="Net-(J4-Pad2)">
      <node ref="J4" pin="2"/>
      <node ref="U1" pin="8"/>
      <node ref="R41" pin="1"/>
      <node ref="R37" pin="1"/>
      <node ref="R45" pin="1"/>
    </net>
    <net code="50" name="Net-(J4-Pad3)">
      <node ref="R44" pin="1"/>
      <node ref="R40" pin="1"/>
      <node ref="R48" pin="1"/>
      <node ref="U2" pin="14"/>
      <node ref="J4" pin="3"/>
    </net>
    <net code="51" name="Net-(J11-Pad1)">
      <node ref="R53" pin="2"/>
      <node ref="R54" pin="2"/>
      <node ref="J11" pin="1"/>
    </net>
    <net code="52" name="Net-(J11-Pad3)">
      <node ref="J11" pin="3"/>
      <node ref="R28" pin="2"/>
      <node ref="R27" pin="2"/>
    </net>
    <net code="53" name="Net-(J11-Pad4)">
      <node ref="J11" pin="4"/>
      <node ref="R24" pin="2"/>
      <node ref="R23" pin="2"/>
    </net>
    <net code="54" name="Net-(J12-Pad1)">
      <node ref="J12" pin="1"/>
      <node ref="R49" pin="1"/>
    </net>
    <net code="55" name="Net-(LED10-Pad1)">
      <node ref="LED10" pin="1"/>
      <node ref="LED9" pin="2"/>
      <node ref="R50" pin="1"/>
    </net>
    <net code="56" name="Net-(J11-Pad2)">
      <node ref="R50" pin="2"/>
      <node ref="R49" pin="2"/>
      <node ref="J11" pin="2"/>
    </net>
    <net code="57" name="GNDREF">
      <node ref="LED3" pin="1"/>
      <node ref="LED13" pin="1"/>
      <node ref="LED4" pin="2"/>
      <node ref="LED14" pin="2"/>
      <node ref="LED9" pin="1"/>
      <node ref="LED10" pin="2"/>
      <node ref="LED5" pin="1"/>
      <node ref="LED6" pin="2"/>
      <node ref="J10" pin="4"/>
      <node ref="J10" pin="3"/>
      <node ref="J10" pin="2"/>
      <node ref="J10" pin="1"/>
      <node ref="J17" pin="1"/>
      <node ref="LED7" pin="1"/>
      <node ref="J20" pin="1"/>
      <node ref="J21" pin="1"/>
      <node ref="LED8" pin="2"/>
      <node ref="LED15" pin="1"/>
      <node ref="LED16" pin="2"/>
      <node ref="J18" pin="1"/>
      <node ref="J22" pin="1"/>
      <node ref="J19" pin="1"/>
      <node ref="J23" pin="1"/>
      <node ref="LED11" pin="1"/>
      <node ref="LED12" pin="2"/>
      <node ref="J16" pin="1"/>
      <node ref="LED1" pin="1"/>
      <node ref="LED2" pin="2"/>
    </net>
    <net code="58" name="Net-(J13-Pad1)">
      <node ref="R53" pin="1"/>
      <node ref="J13" pin="1"/>
    </net>
    <net code="59" name="Net-(LED11-Pad2)">
      <node ref="LED12" pin="1"/>
      <node ref="LED11" pin="2"/>
      <node ref="R54" pin="1"/>
    </net>
    <net code="60" name="Net-(J14-Pad1)">
      <node ref="J14" pin="1"/>
      <node ref="R23" pin="1"/>
    </net>
    <net code="61" name="Net-(LED13-Pad2)">
      <node ref="R24" pin="1"/>
      <node ref="LED14" pin="1"/>
      <node ref="LED13" pin="2"/>
    </net>
    <net code="62" name="Net-(J15-Pad1)">
      <node ref="R27" pin="1"/>
      <node ref="J15" pin="1"/>
    </net>
    <net code="63" name="Net-(LED15-Pad2)">
      <node ref="LED16" pin="1"/>
      <node ref="LED15" pin="2"/>
      <node ref="R28" pin="1"/>
    </net>
    <net code="64" name="Net-(J2-Pad1)">
      <node ref="R51" pin="1"/>
      <node ref="J2" pin="1"/>
    </net>
    <net code="65" name="Net-(LED1-Pad2)">
      <node ref="R52" pin="1"/>
      <node ref="LED1" pin="2"/>
      <node ref="LED2" pin="1"/>
    </net>
    <net code="66" name="Net-(J5-Pad1)">
      <node ref="J5" pin="1"/>
      <node ref="R55" pin="1"/>
    </net>
    <net code="67" name="Net-(LED3-Pad2)">
      <node ref="LED4" pin="1"/>
      <node ref="LED3" pin="2"/>
      <node ref="R56" pin="1"/>
    </net>
    <net code="68" name="Net-(J1-Pad4)">
      <node ref="J1" pin="4"/>
      <node ref="R25" pin="2"/>
      <node ref="R26" pin="2"/>
    </net>
    <net code="69" name="Net-(J6-Pad1)">
      <node ref="R25" pin="1"/>
      <node ref="J6" pin="1"/>
    </net>
    <net code="70" name="Net-(LED5-Pad2)">
      <node ref="R26" pin="1"/>
      <node ref="LED5" pin="2"/>
      <node ref="LED6" pin="1"/>
    </net>
    <net code="71" name="Net-(J7-Pad1)">
      <node ref="R21" pin="1"/>
      <node ref="J7" pin="1"/>
    </net>
    <net code="72" name="Net-(LED7-Pad2)">
      <node ref="R22" pin="1"/>
      <node ref="LED8" pin="1"/>
      <node ref="LED7" pin="2"/>
    </net>
    <net code="73" name="Net-(J1-Pad1)">
      <node ref="R56" pin="2"/>
      <node ref="R55" pin="2"/>
      <node ref="J1" pin="1"/>
    </net>
    <net code="74" name="Net-(J1-Pad2)">
      <node ref="R51" pin="2"/>
      <node ref="J1" pin="2"/>
      <node ref="R52" pin="2"/>
    </net>
    <net code="75" name="Net-(J1-Pad3)">
      <node ref="J1" pin="3"/>
      <node ref="R22" pin="2"/>
      <node ref="R21" pin="2"/>
    </net>
    <net code="76" name="Net-(D26-Pad2)">
      <node ref="D26" pin="2"/>
      <node ref="J8" pin="1"/>
    </net>
    <net code="77" name="Net-(D25-Pad1)">
      <node ref="D25" pin="1"/>
      <node ref="J8" pin="4"/>
    </net>
    <net code="78" name="+15V">
      <node ref="D25" pin="2"/>
      <node ref="PF1" pin="1"/>
      <node ref="U1" pin="4"/>
      <node ref="BP3" pin="1"/>
      <node ref="U2" pin="4"/>
      <node ref="BP1" pin="1"/>
    </net>
  </nets>
</export>
