<?xml version="1.0" encoding="UTF-8"?>
<export version="D">
  <design>
    <source>/Users/usb/Desktop/Kicad/wavefolder/wavefolder.sch</source>
    <date>Wednesday, December 01, 2021 at 08:56:05 AM</date>
    <tool>Eeschema (5.1.2-1)-1</tool>
    <sheet number="1" name="/" tstamps="/">
      <title_block>
        <title>wavefolder</title>
        <company/>
        <rev>v02</rev>
        <date>2021</date>
        <source>wavefolder.sch</source>
        <comment number="1" value=""/>
        <comment number="2" value="banana remix : matt hartman"/>
        <comment number="3" value="copyright : jürgen haible, yves usson"/>
        <comment number="4" value="based on : yusynth wavefolder"/>
      </title_block>
    </sheet>
  </design>
  <components>
    <comp ref="D15">
      <value>1n4148</value>
      <footprint>Diode_THT:D_DO-35_SOD27_P7.62mm_Horizontal</footprint>
      <datasheet>~</datasheet>
      <libsource lib="Device" part="D" description="Diode"/>
      <sheetpath names="/" tstamps="/"/>
      <tstamp>613C318B</tstamp>
    </comp>
    <comp ref="D16">
      <value>1n4148</value>
      <footprint>Diode_THT:D_DO-35_SOD27_P7.62mm_Horizontal</footprint>
      <datasheet>~</datasheet>
      <libsource lib="Device" part="D" description="Diode"/>
      <sheetpath names="/" tstamps="/"/>
      <tstamp>613C3993</tstamp>
    </comp>
    <comp ref="D13">
      <value>1n4148</value>
      <footprint>Diode_THT:D_DO-35_SOD27_P7.62mm_Horizontal</footprint>
      <datasheet>~</datasheet>
      <libsource lib="Device" part="D" description="Diode"/>
      <sheetpath names="/" tstamps="/"/>
      <tstamp>613C3CB9</tstamp>
    </comp>
    <comp ref="D14">
      <value>1n4148</value>
      <footprint>Diode_THT:D_DO-35_SOD27_P7.62mm_Horizontal</footprint>
      <datasheet>~</datasheet>
      <libsource lib="Device" part="D" description="Diode"/>
      <sheetpath names="/" tstamps="/"/>
      <tstamp>613C4011</tstamp>
    </comp>
    <comp ref="D11">
      <value>1n4148</value>
      <footprint>Diode_THT:D_DO-35_SOD27_P7.62mm_Horizontal</footprint>
      <datasheet>~</datasheet>
      <libsource lib="Device" part="D" description="Diode"/>
      <sheetpath names="/" tstamps="/"/>
      <tstamp>613C4350</tstamp>
    </comp>
    <comp ref="D12">
      <value>1n4148</value>
      <footprint>Diode_THT:D_DO-35_SOD27_P7.62mm_Horizontal</footprint>
      <datasheet>~</datasheet>
      <libsource lib="Device" part="D" description="Diode"/>
      <sheetpath names="/" tstamps="/"/>
      <tstamp>613C46A8</tstamp>
    </comp>
    <comp ref="D9">
      <value>1n4148</value>
      <footprint>Diode_THT:D_DO-35_SOD27_P7.62mm_Horizontal</footprint>
      <datasheet>~</datasheet>
      <libsource lib="Device" part="D" description="Diode"/>
      <sheetpath names="/" tstamps="/"/>
      <tstamp>613C49B5</tstamp>
    </comp>
    <comp ref="D10">
      <value>1n4148</value>
      <footprint>Diode_THT:D_DO-35_SOD27_P7.62mm_Horizontal</footprint>
      <datasheet>~</datasheet>
      <libsource lib="Device" part="D" description="Diode"/>
      <sheetpath names="/" tstamps="/"/>
      <tstamp>613C505F</tstamp>
    </comp>
    <comp ref="D7">
      <value>1n4148</value>
      <footprint>Diode_THT:D_DO-35_SOD27_P7.62mm_Horizontal</footprint>
      <datasheet>~</datasheet>
      <libsource lib="Device" part="D" description="Diode"/>
      <sheetpath names="/" tstamps="/"/>
      <tstamp>613C54BB</tstamp>
    </comp>
    <comp ref="D8">
      <value>1n4148</value>
      <footprint>Diode_THT:D_DO-35_SOD27_P7.62mm_Horizontal</footprint>
      <datasheet>~</datasheet>
      <libsource lib="Device" part="D" description="Diode"/>
      <sheetpath names="/" tstamps="/"/>
      <tstamp>613C5CAA</tstamp>
    </comp>
    <comp ref="D5">
      <value>1n4148</value>
      <footprint>Diode_THT:D_DO-35_SOD27_P7.62mm_Horizontal</footprint>
      <datasheet>~</datasheet>
      <libsource lib="Device" part="D" description="Diode"/>
      <sheetpath names="/" tstamps="/"/>
      <tstamp>613C6179</tstamp>
    </comp>
    <comp ref="D6">
      <value>1n4148</value>
      <footprint>Diode_THT:D_DO-35_SOD27_P7.62mm_Horizontal</footprint>
      <datasheet>~</datasheet>
      <libsource lib="Device" part="D" description="Diode"/>
      <sheetpath names="/" tstamps="/"/>
      <tstamp>613C67A6</tstamp>
    </comp>
    <comp ref="D3">
      <value>1n4148</value>
      <footprint>Diode_THT:D_DO-35_SOD27_P7.62mm_Horizontal</footprint>
      <datasheet>~</datasheet>
      <libsource lib="Device" part="D" description="Diode"/>
      <sheetpath names="/" tstamps="/"/>
      <tstamp>613C6C43</tstamp>
    </comp>
    <comp ref="D4">
      <value>1n4148</value>
      <footprint>Diode_THT:D_DO-35_SOD27_P7.62mm_Horizontal</footprint>
      <datasheet>~</datasheet>
      <libsource lib="Device" part="D" description="Diode"/>
      <sheetpath names="/" tstamps="/"/>
      <tstamp>613C70C7</tstamp>
    </comp>
    <comp ref="R21">
      <value>15k</value>
      <footprint>Resistor_THT:R_Axial_DIN0207_L6.3mm_D2.5mm_P7.62mm_Horizontal</footprint>
      <datasheet>~</datasheet>
      <libsource lib="Device" part="R" description="Resistor"/>
      <sheetpath names="/" tstamps="/"/>
      <tstamp>613CEE53</tstamp>
    </comp>
    <comp ref="R20">
      <value>15k</value>
      <footprint>Resistor_THT:R_Axial_DIN0207_L6.3mm_D2.5mm_P7.62mm_Horizontal</footprint>
      <datasheet>~</datasheet>
      <libsource lib="Device" part="R" description="Resistor"/>
      <sheetpath names="/" tstamps="/"/>
      <tstamp>613CF64E</tstamp>
    </comp>
    <comp ref="R19">
      <value>15k</value>
      <footprint>Resistor_THT:R_Axial_DIN0207_L6.3mm_D2.5mm_P7.62mm_Horizontal</footprint>
      <datasheet>~</datasheet>
      <libsource lib="Device" part="R" description="Resistor"/>
      <sheetpath names="/" tstamps="/"/>
      <tstamp>613CFF88</tstamp>
    </comp>
    <comp ref="R25">
      <value>15k</value>
      <footprint>Resistor_THT:R_Axial_DIN0207_L6.3mm_D2.5mm_P7.62mm_Horizontal</footprint>
      <datasheet>~</datasheet>
      <libsource lib="Device" part="R" description="Resistor"/>
      <sheetpath names="/" tstamps="/"/>
      <tstamp>613D059F</tstamp>
    </comp>
    <comp ref="R24">
      <value>15k</value>
      <footprint>Resistor_THT:R_Axial_DIN0207_L6.3mm_D2.5mm_P7.62mm_Horizontal</footprint>
      <datasheet>~</datasheet>
      <libsource lib="Device" part="R" description="Resistor"/>
      <sheetpath names="/" tstamps="/"/>
      <tstamp>613D1D4B</tstamp>
    </comp>
    <comp ref="R23">
      <value>15k</value>
      <footprint>Resistor_THT:R_Axial_DIN0207_L6.3mm_D2.5mm_P7.62mm_Horizontal</footprint>
      <datasheet>~</datasheet>
      <libsource lib="Device" part="R" description="Resistor"/>
      <sheetpath names="/" tstamps="/"/>
      <tstamp>613D29FD</tstamp>
    </comp>
    <comp ref="R18">
      <value>15k</value>
      <footprint>Resistor_THT:R_Axial_DIN0207_L6.3mm_D2.5mm_P7.62mm_Horizontal</footprint>
      <datasheet>~</datasheet>
      <libsource lib="Device" part="R" description="Resistor"/>
      <sheetpath names="/" tstamps="/"/>
      <tstamp>613D34F1</tstamp>
    </comp>
    <comp ref="R22">
      <value>15k</value>
      <footprint>Resistor_THT:R_Axial_DIN0207_L6.3mm_D2.5mm_P7.62mm_Horizontal</footprint>
      <datasheet>~</datasheet>
      <libsource lib="Device" part="R" description="Resistor"/>
      <sheetpath names="/" tstamps="/"/>
      <tstamp>613D3CAD</tstamp>
    </comp>
    <comp ref="U1">
      <value>TL074</value>
      <footprint>Package_DIP:DIP-14_W7.62mm</footprint>
      <datasheet>http://www.ti.com/lit/ds/symlink/tl071.pdf</datasheet>
      <libsource lib="Amplifier_Operational" part="TL074" description="Quad Low-Noise JFET-Input Operational Amplifiers, DIP-14/SOIC-14"/>
      <sheetpath names="/" tstamps="/"/>
      <tstamp>613E215C</tstamp>
    </comp>
    <comp ref="R16">
      <value>5k6</value>
      <footprint>Resistor_THT:R_Axial_DIN0207_L6.3mm_D2.5mm_P7.62mm_Horizontal</footprint>
      <datasheet>~</datasheet>
      <libsource lib="Device" part="R" description="Resistor"/>
      <sheetpath names="/" tstamps="/"/>
      <tstamp>6140509F</tstamp>
    </comp>
    <comp ref="R17">
      <value>5k6</value>
      <footprint>Resistor_THT:R_Axial_DIN0207_L6.3mm_D2.5mm_P7.62mm_Horizontal</footprint>
      <datasheet>~</datasheet>
      <libsource lib="Device" part="R" description="Resistor"/>
      <sheetpath names="/" tstamps="/"/>
      <tstamp>61409498</tstamp>
    </comp>
    <comp ref="R15">
      <value>27k</value>
      <footprint>Resistor_THT:R_Axial_DIN0207_L6.3mm_D2.5mm_P7.62mm_Horizontal</footprint>
      <datasheet>~</datasheet>
      <libsource lib="Device" part="R" description="Resistor"/>
      <sheetpath names="/" tstamps="/"/>
      <tstamp>614196BC</tstamp>
    </comp>
    <comp ref="R26">
      <value>56k</value>
      <footprint>Resistor_THT:R_Axial_DIN0207_L6.3mm_D2.5mm_P7.62mm_Horizontal</footprint>
      <datasheet>~</datasheet>
      <libsource lib="Device" part="R" description="Resistor"/>
      <sheetpath names="/" tstamps="/"/>
      <tstamp>614223D1</tstamp>
    </comp>
    <comp ref="D20">
      <value>1n4148</value>
      <footprint>Diode_THT:D_DO-35_SOD27_P7.62mm_Horizontal</footprint>
      <datasheet>~</datasheet>
      <libsource lib="Device" part="D" description="Diode"/>
      <sheetpath names="/" tstamps="/"/>
      <tstamp>61422E4B</tstamp>
    </comp>
    <comp ref="D19">
      <value>1n4148</value>
      <footprint>Diode_THT:D_DO-35_SOD27_P7.62mm_Horizontal</footprint>
      <datasheet>~</datasheet>
      <libsource lib="Device" part="D" description="Diode"/>
      <sheetpath names="/" tstamps="/"/>
      <tstamp>61427218</tstamp>
    </comp>
    <comp ref="R27">
      <value>6k8</value>
      <footprint>Resistor_THT:R_Axial_DIN0207_L6.3mm_D2.5mm_P7.62mm_Horizontal</footprint>
      <datasheet>~</datasheet>
      <libsource lib="Device" part="R" description="Resistor"/>
      <sheetpath names="/" tstamps="/"/>
      <tstamp>6142B091</tstamp>
    </comp>
    <comp ref="R28">
      <value>56k*</value>
      <footprint>Resistor_THT:R_Axial_DIN0207_L6.3mm_D2.5mm_P7.62mm_Horizontal</footprint>
      <datasheet>~</datasheet>
      <libsource lib="Device" part="R" description="Resistor"/>
      <sheetpath names="/" tstamps="/"/>
      <tstamp>6143459E</tstamp>
    </comp>
    <comp ref="R12">
      <value>100k</value>
      <footprint>Resistor_THT:R_Axial_DIN0207_L6.3mm_D2.5mm_P7.62mm_Horizontal</footprint>
      <datasheet>~</datasheet>
      <libsource lib="Device" part="R" description="Resistor"/>
      <sheetpath names="/" tstamps="/"/>
      <tstamp>6147045B</tstamp>
    </comp>
    <comp ref="R14">
      <value>33k</value>
      <footprint>Resistor_THT:R_Axial_DIN0207_L6.3mm_D2.5mm_P7.62mm_Horizontal</footprint>
      <datasheet>~</datasheet>
      <libsource lib="Device" part="R" description="Resistor"/>
      <sheetpath names="/" tstamps="/"/>
      <tstamp>614780D2</tstamp>
    </comp>
    <comp ref="D2">
      <value>1n4148</value>
      <footprint>Diode_THT:D_DO-35_SOD27_P7.62mm_Horizontal</footprint>
      <datasheet>~</datasheet>
      <libsource lib="Device" part="D" description="Diode"/>
      <sheetpath names="/" tstamps="/"/>
      <tstamp>6147CB8E</tstamp>
    </comp>
    <comp ref="D1">
      <value>1n4148</value>
      <footprint>Diode_THT:D_DO-35_SOD27_P7.62mm_Horizontal</footprint>
      <datasheet>~</datasheet>
      <libsource lib="Device" part="D" description="Diode"/>
      <sheetpath names="/" tstamps="/"/>
      <tstamp>6147D84B</tstamp>
    </comp>
    <comp ref="R13">
      <value>2k7</value>
      <footprint>Resistor_THT:R_Axial_DIN0207_L6.3mm_D2.5mm_P7.62mm_Horizontal</footprint>
      <datasheet>~</datasheet>
      <libsource lib="Device" part="R" description="Resistor"/>
      <sheetpath names="/" tstamps="/"/>
      <tstamp>61495FC9</tstamp>
    </comp>
    <comp ref="J9">
      <value>1B</value>
      <footprint>Connector_PinHeader_2.54mm:PinHeader_1x04_P2.54mm_Vertical</footprint>
      <datasheet>~</datasheet>
      <libsource lib="Connector" part="Conn_01x04_Male" description="Generic connector, single row, 01x04, script generated (kicad-library-utils/schlib/autogen/connector/)"/>
      <sheetpath names="/" tstamps="/"/>
      <tstamp>614C81BC</tstamp>
    </comp>
    <comp ref="R40">
      <value>390k*</value>
      <footprint>Resistor_THT:R_Axial_DIN0207_L6.3mm_D2.5mm_P7.62mm_Horizontal</footprint>
      <datasheet>~</datasheet>
      <libsource lib="Device" part="R" description="Resistor"/>
      <sheetpath names="/" tstamps="/"/>
      <tstamp>614D33ED</tstamp>
    </comp>
    <comp ref="R11">
      <value>100k</value>
      <footprint>Resistor_THT:R_Axial_DIN0207_L6.3mm_D2.5mm_P7.62mm_Horizontal</footprint>
      <datasheet>~</datasheet>
      <libsource lib="Device" part="R" description="Resistor"/>
      <sheetpath names="/" tstamps="/"/>
      <tstamp>614E4908</tstamp>
    </comp>
    <comp ref="U2">
      <value>TL072</value>
      <footprint>Package_DIP:DIP-8_W7.62mm</footprint>
      <datasheet>http://www.ti.com/lit/ds/symlink/tl071.pdf</datasheet>
      <libsource lib="Amplifier_Operational" part="TL072" description="Dual Low-Noise JFET-Input Operational Amplifiers, DIP-8/SOIC-8"/>
      <sheetpath names="/" tstamps="/"/>
      <tstamp>614E5469</tstamp>
    </comp>
    <comp ref="R10">
      <value>100k</value>
      <footprint>Resistor_THT:R_Axial_DIN0207_L6.3mm_D2.5mm_P7.62mm_Horizontal</footprint>
      <datasheet>~</datasheet>
      <libsource lib="Device" part="R" description="Resistor"/>
      <sheetpath names="/" tstamps="/"/>
      <tstamp>614EE8F6</tstamp>
    </comp>
    <comp ref="R9">
      <value>100k</value>
      <footprint>Resistor_THT:R_Axial_DIN0207_L6.3mm_D2.5mm_P7.62mm_Horizontal</footprint>
      <datasheet>~</datasheet>
      <libsource lib="Device" part="R" description="Resistor"/>
      <sheetpath names="/" tstamps="/"/>
      <tstamp>614EFBD7</tstamp>
    </comp>
    <comp ref="R8">
      <value>10k</value>
      <footprint>Resistor_THT:R_Axial_DIN0207_L6.3mm_D2.5mm_P7.62mm_Horizontal</footprint>
      <datasheet>~</datasheet>
      <libsource lib="Device" part="R" description="Resistor"/>
      <sheetpath names="/" tstamps="/"/>
      <tstamp>614F0D11</tstamp>
    </comp>
    <comp ref="R7">
      <value>10k</value>
      <footprint>Resistor_THT:R_Axial_DIN0207_L6.3mm_D2.5mm_P7.62mm_Horizontal</footprint>
      <datasheet>~</datasheet>
      <libsource lib="Device" part="R" description="Resistor"/>
      <sheetpath names="/" tstamps="/"/>
      <tstamp>614F1B71</tstamp>
    </comp>
    <comp ref="R6">
      <value>17k</value>
      <footprint>Resistor_THT:R_Axial_DIN0207_L6.3mm_D2.5mm_P7.62mm_Horizontal</footprint>
      <datasheet>~</datasheet>
      <libsource lib="Device" part="R" description="Resistor"/>
      <sheetpath names="/" tstamps="/"/>
      <tstamp>6152696F</tstamp>
    </comp>
    <comp ref="A1">
      <value>1k</value>
      <footprint>Potentiometer_THT:Potentiometer_Bourns_3296W_Vertical</footprint>
      <datasheet>~</datasheet>
      <libsource lib="Device" part="R_POT_TRIM" description="Trim-potentiometer"/>
      <sheetpath names="/" tstamps="/"/>
      <tstamp>6153005E</tstamp>
    </comp>
    <comp ref="R5">
      <value>15k</value>
      <footprint>Resistor_THT:R_Axial_DIN0207_L6.3mm_D2.5mm_P7.62mm_Horizontal</footprint>
      <datasheet>~</datasheet>
      <libsource lib="Device" part="R" description="Resistor"/>
      <sheetpath names="/" tstamps="/"/>
      <tstamp>615322EC</tstamp>
    </comp>
    <comp ref="Q2">
      <value>BC547</value>
      <footprint>Package_TO_SOT_THT:TO-92_Inline_Wide</footprint>
      <datasheet>http://www.fairchildsemi.com/ds/BC/BC547.pdf</datasheet>
      <libsource lib="Transistor_BJT" part="BC547" description="0.1A Ic, 45V Vce, Small Signal NPN Transistor, TO-92"/>
      <sheetpath names="/" tstamps="/"/>
      <tstamp>61533533</tstamp>
    </comp>
    <comp ref="Q1">
      <value>BC547</value>
      <footprint>Package_TO_SOT_THT:TO-92_Inline_Wide</footprint>
      <datasheet>http://www.fairchildsemi.com/ds/BC/BC547.pdf</datasheet>
      <libsource lib="Transistor_BJT" part="BC547" description="0.1A Ic, 45V Vce, Small Signal NPN Transistor, TO-92"/>
      <sheetpath names="/" tstamps="/"/>
      <tstamp>615777FF</tstamp>
    </comp>
    <comp ref="R35">
      <value>33k</value>
      <footprint>Resistor_THT:R_Axial_DIN0207_L6.3mm_D2.5mm_P7.62mm_Horizontal</footprint>
      <datasheet>~</datasheet>
      <libsource lib="Device" part="R" description="Resistor"/>
      <sheetpath names="/" tstamps="/"/>
      <tstamp>615A89FB</tstamp>
    </comp>
    <comp ref="Q3">
      <value>BC547</value>
      <footprint>Package_TO_SOT_THT:TO-92_Inline_Wide</footprint>
      <datasheet>http://www.fairchildsemi.com/ds/BC/BC547.pdf</datasheet>
      <libsource lib="Transistor_BJT" part="BC547" description="0.1A Ic, 45V Vce, Small Signal NPN Transistor, TO-92"/>
      <sheetpath names="/" tstamps="/"/>
      <tstamp>615B22C7</tstamp>
    </comp>
    <comp ref="R36">
      <value>15k</value>
      <footprint>Resistor_THT:R_Axial_DIN0207_L6.3mm_D2.5mm_P7.62mm_Horizontal</footprint>
      <datasheet>~</datasheet>
      <libsource lib="Device" part="R" description="Resistor"/>
      <sheetpath names="/" tstamps="/"/>
      <tstamp>615BE955</tstamp>
    </comp>
    <comp ref="R34">
      <value>22k</value>
      <footprint>Resistor_THT:R_Axial_DIN0207_L6.3mm_D2.5mm_P7.62mm_Horizontal</footprint>
      <datasheet>~</datasheet>
      <libsource lib="Device" part="R" description="Resistor"/>
      <sheetpath names="/" tstamps="/"/>
      <tstamp>615E7C59</tstamp>
    </comp>
    <comp ref="A2">
      <value>50k</value>
      <footprint>Potentiometer_THT:Potentiometer_Bourns_3296W_Vertical</footprint>
      <datasheet>~</datasheet>
      <libsource lib="Device" part="R_POT_TRIM" description="Trim-potentiometer"/>
      <sheetpath names="/" tstamps="/"/>
      <tstamp>615E860F</tstamp>
    </comp>
    <comp ref="R33">
      <value>22k</value>
      <footprint>Resistor_THT:R_Axial_DIN0207_L6.3mm_D2.5mm_P7.62mm_Horizontal</footprint>
      <datasheet>~</datasheet>
      <libsource lib="Device" part="R" description="Resistor"/>
      <sheetpath names="/" tstamps="/"/>
      <tstamp>6161605F</tstamp>
    </comp>
    <comp ref="R32">
      <value>100k</value>
      <footprint>Resistor_THT:R_Axial_DIN0207_L6.3mm_D2.5mm_P7.62mm_Horizontal</footprint>
      <datasheet>~</datasheet>
      <libsource lib="Device" part="R" description="Resistor"/>
      <sheetpath names="/" tstamps="/"/>
      <tstamp>6161A4A7</tstamp>
    </comp>
    <comp ref="R4">
      <value>680R*</value>
      <footprint>Resistor_THT:R_Axial_DIN0207_L6.3mm_D2.5mm_P7.62mm_Horizontal</footprint>
      <datasheet>~</datasheet>
      <libsource lib="Device" part="R" description="Resistor"/>
      <sheetpath names="/" tstamps="/"/>
      <tstamp>616736BC</tstamp>
    </comp>
    <comp ref="J5">
      <value>PWR</value>
      <footprint>TerminalBlock_TE-Connectivity:TerminalBlock_TE_282834-4_1x04_P2.54mm_Horizontal</footprint>
      <datasheet>~</datasheet>
      <libsource lib="Connector" part="Conn_01x04_Male" description="Generic connector, single row, 01x04, script generated (kicad-library-utils/schlib/autogen/connector/)"/>
      <sheetpath names="/" tstamps="/"/>
      <tstamp>61793ABB</tstamp>
    </comp>
    <comp ref="R1">
      <value>10R</value>
      <footprint>Resistor_THT:R_Axial_DIN0207_L6.3mm_D2.5mm_P10.16mm_Horizontal</footprint>
      <datasheet>~</datasheet>
      <libsource lib="Device" part="R" description="Resistor"/>
      <sheetpath names="/" tstamps="/"/>
      <tstamp>617954BF</tstamp>
    </comp>
    <comp ref="C1">
      <value>22u</value>
      <footprint>Capacitor_THT:CP_Radial_D6.3mm_P2.50mm</footprint>
      <datasheet>~</datasheet>
      <libsource lib="Device" part="CP" description="Polarized capacitor"/>
      <sheetpath names="/" tstamps="/"/>
      <tstamp>617968C7</tstamp>
    </comp>
    <comp ref="C2">
      <value>22u</value>
      <footprint>Capacitor_THT:CP_Radial_D6.3mm_P2.50mm</footprint>
      <datasheet>~</datasheet>
      <libsource lib="Device" part="CP" description="Polarized capacitor"/>
      <sheetpath names="/" tstamps="/"/>
      <tstamp>61797013</tstamp>
    </comp>
    <comp ref="R2">
      <value>10R</value>
      <footprint>Resistor_THT:R_Axial_DIN0207_L6.3mm_D2.5mm_P10.16mm_Horizontal</footprint>
      <datasheet>~</datasheet>
      <libsource lib="Device" part="R" description="Resistor"/>
      <sheetpath names="/" tstamps="/"/>
      <tstamp>61797394</tstamp>
    </comp>
    <comp ref="BP3">
      <value>100n</value>
      <footprint>Capacitor_THT:C_Disc_D5.0mm_W2.5mm_P2.50mm</footprint>
      <datasheet>~</datasheet>
      <libsource lib="Device" part="C" description="Unpolarized capacitor"/>
      <sheetpath names="/" tstamps="/"/>
      <tstamp>6180AB4C</tstamp>
    </comp>
    <comp ref="BP4">
      <value>100n</value>
      <footprint>Capacitor_THT:C_Disc_D5.0mm_W2.5mm_P2.50mm</footprint>
      <datasheet>~</datasheet>
      <libsource lib="Device" part="C" description="Unpolarized capacitor"/>
      <sheetpath names="/" tstamps="/"/>
      <tstamp>6180B561</tstamp>
    </comp>
    <comp ref="BP1">
      <value>100n</value>
      <footprint>Capacitor_THT:C_Disc_D5.0mm_W2.5mm_P2.50mm</footprint>
      <datasheet>~</datasheet>
      <libsource lib="Device" part="C" description="Unpolarized capacitor"/>
      <sheetpath names="/" tstamps="/"/>
      <tstamp>61810E93</tstamp>
    </comp>
    <comp ref="BP2">
      <value>100n</value>
      <footprint>Capacitor_THT:C_Disc_D5.0mm_W2.5mm_P2.50mm</footprint>
      <datasheet>~</datasheet>
      <libsource lib="Device" part="C" description="Unpolarized capacitor"/>
      <sheetpath names="/" tstamps="/"/>
      <tstamp>61811A19</tstamp>
    </comp>
    <comp ref="R39">
      <value>1k</value>
      <footprint>Resistor_THT:R_Axial_DIN0207_L6.3mm_D2.5mm_P10.16mm_Horizontal</footprint>
      <datasheet>~</datasheet>
      <libsource lib="Device" part="R" description="Resistor"/>
      <sheetpath names="/" tstamps="/"/>
      <tstamp>618F042B</tstamp>
    </comp>
    <comp ref="U4">
      <value>LM4040LP-5</value>
      <footprint>Package_TO_SOT_THT:TO-92_Inline_Wide</footprint>
      <datasheet>http://www.ti.com/lit/ds/symlink/lm4040-n.pdf</datasheet>
      <libsource lib="Reference_Voltage" part="LM4040LP-5" description="5.000V Precision Micropower Shunt Voltage Reference, TO-92"/>
      <sheetpath names="/" tstamps="/"/>
      <tstamp>618F15C6</tstamp>
    </comp>
    <comp ref="BP5">
      <value>10u</value>
      <footprint>Capacitor_THT:CP_Radial_D6.3mm_P2.50mm</footprint>
      <datasheet>~</datasheet>
      <libsource lib="Device" part="CP" description="Polarized capacitor"/>
      <sheetpath names="/" tstamps="/"/>
      <tstamp>6190828B</tstamp>
    </comp>
    <comp ref="U3">
      <value>LF353</value>
      <footprint>Package_DIP:DIP-8_W7.62mm</footprint>
      <datasheet>http://www.ti.com/lit/ds/symlink/tl071.pdf</datasheet>
      <libsource lib="Amplifier_Operational" part="TL072" description="Dual Low-Noise JFET-Input Operational Amplifiers, DIP-8/SOIC-8"/>
      <sheetpath names="/" tstamps="/"/>
      <tstamp>619F63A6</tstamp>
    </comp>
    <comp ref="R38">
      <value>10k</value>
      <footprint>Resistor_THT:R_Axial_DIN0207_L6.3mm_D2.5mm_P10.16mm_Horizontal</footprint>
      <datasheet>~</datasheet>
      <libsource lib="Device" part="R" description="Resistor"/>
      <sheetpath names="/" tstamps="/"/>
      <tstamp>61A4F9AA</tstamp>
    </comp>
    <comp ref="R37">
      <value>10k</value>
      <footprint>Resistor_THT:R_Axial_DIN0207_L6.3mm_D2.5mm_P10.16mm_Horizontal</footprint>
      <datasheet>~</datasheet>
      <libsource lib="Device" part="R" description="Resistor"/>
      <sheetpath names="/" tstamps="/"/>
      <tstamp>61AF6E98</tstamp>
    </comp>
    <comp ref="J1">
      <value>IN</value>
      <footprint>Footprints2:BananaFoFanna4</footprint>
      <datasheet>~</datasheet>
      <libsource lib="Connector" part="Conn_01x01_Female" description="Generic connector, single row, 01x01, script generated (kicad-library-utils/schlib/autogen/connector/)"/>
      <sheetpath names="/" tstamps="/"/>
      <tstamp>61B73E69</tstamp>
    </comp>
    <comp ref="R3">
      <value>100k</value>
      <footprint>Resistor_THT:R_Axial_DIN0207_L6.3mm_D2.5mm_P10.16mm_Horizontal</footprint>
      <datasheet>~</datasheet>
      <libsource lib="Device" part="R" description="Resistor"/>
      <sheetpath names="/" tstamps="/"/>
      <tstamp>61B751B6</tstamp>
    </comp>
    <comp ref="J2">
      <value>CV</value>
      <footprint>Footprints2:BananaFoFanna4</footprint>
      <datasheet>~</datasheet>
      <libsource lib="Connector" part="Conn_01x01_Female" description="Generic connector, single row, 01x01, script generated (kicad-library-utils/schlib/autogen/connector/)"/>
      <sheetpath names="/" tstamps="/"/>
      <tstamp>61B8CBDC</tstamp>
    </comp>
    <comp ref="P3">
      <value>B100k</value>
      <footprint>Footprints2:Potentiometer_Alpha_RD901F-40-00D_Single_Vertical_Center</footprint>
      <datasheet>~</datasheet>
      <libsource lib="Device" part="R_POT" description="Potentiometer"/>
      <sheetpath names="/" tstamps="/"/>
      <tstamp>61B8DF03</tstamp>
    </comp>
    <comp ref="R30">
      <value>68k</value>
      <footprint>Resistor_THT:R_Axial_DIN0207_L6.3mm_D2.5mm_P10.16mm_Horizontal</footprint>
      <datasheet>~</datasheet>
      <libsource lib="Device" part="R" description="Resistor"/>
      <sheetpath names="/" tstamps="/"/>
      <tstamp>61BA6A8F</tstamp>
    </comp>
    <comp ref="P1">
      <value>B100k</value>
      <footprint>Footprints2:Potentiometer_Alpha_RD901F-40-00D_Single_Vertical_Center</footprint>
      <datasheet>~</datasheet>
      <libsource lib="Device" part="R_POT" description="Potentiometer"/>
      <sheetpath names="/" tstamps="/"/>
      <tstamp>61BECEB7</tstamp>
    </comp>
    <comp ref="R31">
      <value>100k</value>
      <footprint>Resistor_THT:R_Axial_DIN0207_L6.3mm_D2.5mm_P10.16mm_Horizontal</footprint>
      <datasheet>~</datasheet>
      <libsource lib="Device" part="R" description="Resistor"/>
      <sheetpath names="/" tstamps="/"/>
      <tstamp>61C4F80B</tstamp>
    </comp>
    <comp ref="J7">
      <value>OFFSET</value>
      <footprint>Footprints2:BananaFoFanna4</footprint>
      <datasheet>~</datasheet>
      <libsource lib="Connector" part="Conn_01x01_Female" description="Generic connector, single row, 01x01, script generated (kicad-library-utils/schlib/autogen/connector/)"/>
      <sheetpath names="/" tstamps="/"/>
      <tstamp>61D5E84D</tstamp>
    </comp>
    <comp ref="SW1">
      <value>ON/ON/ON</value>
      <footprint>Footprints2:DPDT_Taiway_MiniToggle</footprint>
      <libsource lib="Switch" part="SW_DPDT_x2" description="Switch, dual pole double throw, separate symbols"/>
      <sheetpath names="/" tstamps="/"/>
      <tstamp>61D600A1</tstamp>
    </comp>
    <comp ref="P4">
      <value>B100k</value>
      <footprint>Footprints2:Potentiometer_Alpha_RD901F-40-00D_Single_Vertical_Center</footprint>
      <datasheet>~</datasheet>
      <libsource lib="Device" part="R_POT" description="Potentiometer"/>
      <sheetpath names="/" tstamps="/"/>
      <tstamp>61E2E9AD</tstamp>
    </comp>
    <comp ref="P2">
      <value>B50K</value>
      <footprint>Footprints2:Potentiometer_Alpha_RD901F-40-00D_Single_Vertical_Center</footprint>
      <datasheet>~</datasheet>
      <libsource lib="Device" part="R_POT" description="Potentiometer"/>
      <sheetpath names="/" tstamps="/"/>
      <tstamp>61E87AA4</tstamp>
    </comp>
    <comp ref="J8">
      <value>1A</value>
      <footprint>Connector_PinSocket_2.54mm:PinSocket_1x04_P2.54mm_Vertical</footprint>
      <datasheet>~</datasheet>
      <libsource lib="Connector" part="Conn_01x04_Female" description="Generic connector, single row, 01x04, script generated (kicad-library-utils/schlib/autogen/connector/)"/>
      <sheetpath names="/" tstamps="/"/>
      <tstamp>61E8A841</tstamp>
    </comp>
    <comp ref="R29">
      <value>470R</value>
      <footprint>Resistor_THT:R_Axial_DIN0207_L6.3mm_D2.5mm_P10.16mm_Horizontal</footprint>
      <datasheet>~</datasheet>
      <libsource lib="Device" part="R" description="Resistor"/>
      <sheetpath names="/" tstamps="/"/>
      <tstamp>61F5C813</tstamp>
    </comp>
    <comp ref="J4">
      <value>OUT</value>
      <footprint>Footprints2:BananaFoFanna4</footprint>
      <datasheet>~</datasheet>
      <libsource lib="Connector" part="Conn_01x01_Female" description="Generic connector, single row, 01x01, script generated (kicad-library-utils/schlib/autogen/connector/)"/>
      <sheetpath names="/" tstamps="/"/>
      <tstamp>61F5EB19</tstamp>
    </comp>
    <comp ref="BP6">
      <value>100n</value>
      <footprint>Capacitor_THT:C_Disc_D5.0mm_W2.5mm_P2.50mm</footprint>
      <datasheet>~</datasheet>
      <libsource lib="Device" part="C" description="Unpolarized capacitor"/>
      <sheetpath names="/" tstamps="/"/>
      <tstamp>61406ECF</tstamp>
    </comp>
    <comp ref="BP7">
      <value>100n</value>
      <footprint>Capacitor_THT:C_Disc_D5.0mm_W2.5mm_P2.50mm</footprint>
      <datasheet>~</datasheet>
      <libsource lib="Device" part="C" description="Unpolarized capacitor"/>
      <sheetpath names="/" tstamps="/"/>
      <tstamp>614085F6</tstamp>
    </comp>
    <comp ref="J6">
      <value>2A</value>
      <footprint>Connector_PinSocket_2.54mm:PinSocket_1x06_P2.54mm_Vertical</footprint>
      <datasheet>~</datasheet>
      <libsource lib="Connector" part="Conn_01x06_Female" description="Generic connector, single row, 01x06, script generated (kicad-library-utils/schlib/autogen/connector/)"/>
      <sheetpath names="/" tstamps="/"/>
      <tstamp>6152E975</tstamp>
    </comp>
    <comp ref="J3">
      <value>2B</value>
      <footprint>Connector_PinHeader_2.54mm:PinHeader_1x06_P2.54mm_Vertical</footprint>
      <datasheet>~</datasheet>
      <libsource lib="Connector" part="Conn_01x06_Male" description="Generic connector, single row, 01x06, script generated (kicad-library-utils/schlib/autogen/connector/)"/>
      <sheetpath names="/" tstamps="/"/>
      <tstamp>6165A809</tstamp>
    </comp>
    <comp ref="D18">
      <value>1n4148</value>
      <footprint>Diode_THT:D_DO-35_SOD27_P7.62mm_Horizontal</footprint>
      <datasheet>~</datasheet>
      <libsource lib="Device" part="D" description="Diode"/>
      <sheetpath names="/" tstamps="/"/>
      <tstamp>613C2C50</tstamp>
    </comp>
    <comp ref="D17">
      <value>1n4148</value>
      <footprint>Diode_THT:D_DO-35_SOD27_P7.62mm_Horizontal</footprint>
      <datasheet>~</datasheet>
      <libsource lib="Device" part="D" description="Diode"/>
      <sheetpath names="/" tstamps="/"/>
      <tstamp>613C2216</tstamp>
    </comp>
    <comp ref="J10">
      <value>0V</value>
      <footprint>Connector_PinSocket_2.54mm:PinSocket_1x01_P2.54mm_Vertical</footprint>
      <datasheet>~</datasheet>
      <libsource lib="Connector" part="Conn_01x01_Female" description="Generic connector, single row, 01x01, script generated (kicad-library-utils/schlib/autogen/connector/)"/>
      <sheetpath names="/" tstamps="/"/>
      <tstamp>6177B1A4</tstamp>
    </comp>
    <comp ref="J11">
      <value>0V</value>
      <footprint>Connector_PinSocket_2.54mm:PinSocket_1x01_P2.54mm_Vertical</footprint>
      <datasheet>~</datasheet>
      <libsource lib="Connector" part="Conn_01x01_Female" description="Generic connector, single row, 01x01, script generated (kicad-library-utils/schlib/autogen/connector/)"/>
      <sheetpath names="/" tstamps="/"/>
      <tstamp>6177EAF4</tstamp>
    </comp>
  </components>
  <libparts>
    <libpart lib="Amplifier_Operational" part="LM2902">
      <aliases>
        <alias>LM324</alias>
        <alias>TLC274</alias>
        <alias>TLC279</alias>
        <alias>TL074</alias>
        <alias>LM324A</alias>
        <alias>MCP6004</alias>
        <alias>TL084</alias>
        <alias>TL064</alias>
        <alias>LMV324</alias>
        <alias>LMC6484</alias>
        <alias>MCP604</alias>
        <alias>MC33079</alias>
        <alias>MC33174</alias>
        <alias>MC33179</alias>
        <alias>OPA1604</alias>
        <alias>OPA4134</alias>
        <alias>OPA4340UA</alias>
        <alias>OPA4376</alias>
        <alias>MCP6L94</alias>
        <alias>TSV914</alias>
        <alias>ADA4807-4</alias>
        <alias>TSV994</alias>
      </aliases>
      <description>Low-Power, Quad-Operational Amplifiers, DIP-14/SOIC-14/SSOP-14</description>
      <docs>http://www.ti.com/lit/ds/symlink/lm2902-n.pdf</docs>
      <footprints>
        <fp>SOIC*3.9x8.7mm*P1.27mm*</fp>
        <fp>DIP*W7.62mm*</fp>
        <fp>TSSOP*4.4x5mm*P0.65mm*</fp>
        <fp>SSOP*5.3x6.2mm*P0.65mm*</fp>
        <fp>MSOP*3x3mm*P0.5mm*</fp>
      </footprints>
      <fields>
        <field name="Reference">U</field>
        <field name="Value">LM2902</field>
      </fields>
      <pins>
        <pin num="1" name="~" type="output"/>
        <pin num="2" name="-" type="input"/>
        <pin num="3" name="+" type="input"/>
        <pin num="4" name="V+" type="power_in"/>
        <pin num="5" name="+" type="input"/>
        <pin num="6" name="-" type="input"/>
        <pin num="7" name="~" type="output"/>
        <pin num="8" name="~" type="output"/>
        <pin num="9" name="-" type="input"/>
        <pin num="10" name="+" type="input"/>
        <pin num="11" name="V-" type="power_in"/>
        <pin num="12" name="+" type="input"/>
        <pin num="13" name="-" type="input"/>
        <pin num="14" name="~" type="output"/>
      </pins>
    </libpart>
    <libpart lib="Amplifier_Operational" part="LM2904">
      <aliases>
        <alias>LM358</alias>
        <alias>AD8620</alias>
        <alias>LMC6062</alias>
        <alias>LMC6082</alias>
        <alias>TL062</alias>
        <alias>TL072</alias>
        <alias>TL082</alias>
        <alias>NE5532</alias>
        <alias>SA5532</alias>
        <alias>RC4558</alias>
        <alias>RC4560</alias>
        <alias>RC4580</alias>
        <alias>LMV358</alias>
        <alias>TS912</alias>
        <alias>TSV912IDT</alias>
        <alias>TSV912IST</alias>
        <alias>TLC272</alias>
        <alias>TLC277</alias>
        <alias>MCP602</alias>
        <alias>OPA2134</alias>
        <alias>OPA2340</alias>
        <alias>OPA2376xxD</alias>
        <alias>OPA2376xxDGK</alias>
        <alias>MC33078</alias>
        <alias>MC33178</alias>
        <alias>LM4562</alias>
        <alias>OP249</alias>
        <alias>OP275</alias>
        <alias>ADA4075-2</alias>
        <alias>MCP6002-xP</alias>
        <alias>MCP6002-xSN</alias>
        <alias>MCP6002-xMS</alias>
        <alias>LM7332</alias>
        <alias>OPA2333xxD</alias>
        <alias>OPA2333xxDGK</alias>
        <alias>LMC6482</alias>
        <alias>LT1492</alias>
        <alias>LTC6081xMS8</alias>
        <alias>LM6172</alias>
        <alias>MCP6L92</alias>
        <alias>NJM2043</alias>
        <alias>NJM2114</alias>
        <alias>NJM4556A</alias>
        <alias>NJM4558</alias>
        <alias>NJM4559</alias>
        <alias>NJM4560</alias>
        <alias>NJM4580</alias>
        <alias>NJM5532</alias>
        <alias>ADA4807-2ARM</alias>
        <alias>OPA2691</alias>
        <alias>LT6234</alias>
        <alias>OPA2356xxD</alias>
        <alias>OPA2356xxDGK</alias>
        <alias>OPA1612AxD</alias>
        <alias>MC33172</alias>
        <alias>OPA1602</alias>
        <alias>TLV2372</alias>
        <alias>LT6237</alias>
      </aliases>
      <description>Dual Operational Amplifiers, DIP-8/SOIC-8/TSSOP-8/VSSOP-8</description>
      <docs>http://www.ti.com/lit/ds/symlink/lm358.pdf</docs>
      <footprints>
        <fp>SOIC*3.9x4.9mm*P1.27mm*</fp>
        <fp>DIP*W7.62mm*</fp>
        <fp>TO*99*</fp>
        <fp>OnSemi*Micro8*</fp>
        <fp>TSSOP*3x3mm*P0.65mm*</fp>
        <fp>TSSOP*4.4x3mm*P0.65mm*</fp>
        <fp>MSOP*3x3mm*P0.65mm*</fp>
        <fp>SSOP*3.9x4.9mm*P0.635mm*</fp>
        <fp>LFCSP*2x2mm*P0.5mm*</fp>
        <fp>*SIP*</fp>
        <fp>SOIC*5.3x6.2mm*P1.27mm*</fp>
      </footprints>
      <fields>
        <field name="Reference">U</field>
        <field name="Value">LM2904</field>
      </fields>
      <pins>
        <pin num="1" name="~" type="output"/>
        <pin num="2" name="-" type="input"/>
        <pin num="3" name="+" type="input"/>
        <pin num="4" name="V-" type="power_in"/>
        <pin num="5" name="+" type="input"/>
        <pin num="6" name="-" type="input"/>
        <pin num="7" name="~" type="output"/>
        <pin num="8" name="V+" type="power_in"/>
      </pins>
    </libpart>
    <libpart lib="Connector" part="Conn_01x01_Female">
      <description>Generic connector, single row, 01x01, script generated (kicad-library-utils/schlib/autogen/connector/)</description>
      <docs>~</docs>
      <footprints>
        <fp>Connector*:*</fp>
      </footprints>
      <fields>
        <field name="Reference">J</field>
        <field name="Value">Conn_01x01_Female</field>
      </fields>
      <pins>
        <pin num="1" name="Pin_1" type="passive"/>
      </pins>
    </libpart>
    <libpart lib="Connector" part="Conn_01x04_Female">
      <description>Generic connector, single row, 01x04, script generated (kicad-library-utils/schlib/autogen/connector/)</description>
      <docs>~</docs>
      <footprints>
        <fp>Connector*:*_1x??_*</fp>
      </footprints>
      <fields>
        <field name="Reference">J</field>
        <field name="Value">Conn_01x04_Female</field>
      </fields>
      <pins>
        <pin num="1" name="Pin_1" type="passive"/>
        <pin num="2" name="Pin_2" type="passive"/>
        <pin num="3" name="Pin_3" type="passive"/>
        <pin num="4" name="Pin_4" type="passive"/>
      </pins>
    </libpart>
    <libpart lib="Connector" part="Conn_01x04_Male">
      <description>Generic connector, single row, 01x04, script generated (kicad-library-utils/schlib/autogen/connector/)</description>
      <docs>~</docs>
      <footprints>
        <fp>Connector*:*_1x??_*</fp>
      </footprints>
      <fields>
        <field name="Reference">J</field>
        <field name="Value">Conn_01x04_Male</field>
      </fields>
      <pins>
        <pin num="1" name="Pin_1" type="passive"/>
        <pin num="2" name="Pin_2" type="passive"/>
        <pin num="3" name="Pin_3" type="passive"/>
        <pin num="4" name="Pin_4" type="passive"/>
      </pins>
    </libpart>
    <libpart lib="Connector" part="Conn_01x06_Female">
      <description>Generic connector, single row, 01x06, script generated (kicad-library-utils/schlib/autogen/connector/)</description>
      <docs>~</docs>
      <footprints>
        <fp>Connector*:*_1x??_*</fp>
      </footprints>
      <fields>
        <field name="Reference">J</field>
        <field name="Value">Conn_01x06_Female</field>
      </fields>
      <pins>
        <pin num="1" name="Pin_1" type="passive"/>
        <pin num="2" name="Pin_2" type="passive"/>
        <pin num="3" name="Pin_3" type="passive"/>
        <pin num="4" name="Pin_4" type="passive"/>
        <pin num="5" name="Pin_5" type="passive"/>
        <pin num="6" name="Pin_6" type="passive"/>
      </pins>
    </libpart>
    <libpart lib="Connector" part="Conn_01x06_Male">
      <description>Generic connector, single row, 01x06, script generated (kicad-library-utils/schlib/autogen/connector/)</description>
      <docs>~</docs>
      <footprints>
        <fp>Connector*:*_1x??_*</fp>
      </footprints>
      <fields>
        <field name="Reference">J</field>
        <field name="Value">Conn_01x06_Male</field>
      </fields>
      <pins>
        <pin num="1" name="Pin_1" type="passive"/>
        <pin num="2" name="Pin_2" type="passive"/>
        <pin num="3" name="Pin_3" type="passive"/>
        <pin num="4" name="Pin_4" type="passive"/>
        <pin num="5" name="Pin_5" type="passive"/>
        <pin num="6" name="Pin_6" type="passive"/>
      </pins>
    </libpart>
    <libpart lib="Device" part="C">
      <description>Unpolarized capacitor</description>
      <docs>~</docs>
      <footprints>
        <fp>C_*</fp>
      </footprints>
      <fields>
        <field name="Reference">C</field>
        <field name="Value">C</field>
      </fields>
      <pins>
        <pin num="1" name="~" type="passive"/>
        <pin num="2" name="~" type="passive"/>
      </pins>
    </libpart>
    <libpart lib="Device" part="CP">
      <description>Polarized capacitor</description>
      <docs>~</docs>
      <footprints>
        <fp>CP_*</fp>
      </footprints>
      <fields>
        <field name="Reference">C</field>
        <field name="Value">CP</field>
      </fields>
      <pins>
        <pin num="1" name="~" type="passive"/>
        <pin num="2" name="~" type="passive"/>
      </pins>
    </libpart>
    <libpart lib="Device" part="D">
      <description>Diode</description>
      <docs>~</docs>
      <footprints>
        <fp>TO-???*</fp>
        <fp>*_Diode_*</fp>
        <fp>*SingleDiode*</fp>
        <fp>D_*</fp>
      </footprints>
      <fields>
        <field name="Reference">D</field>
        <field name="Value">D</field>
      </fields>
      <pins>
        <pin num="1" name="K" type="passive"/>
        <pin num="2" name="A" type="passive"/>
      </pins>
    </libpart>
    <libpart lib="Device" part="R">
      <description>Resistor</description>
      <docs>~</docs>
      <footprints>
        <fp>R_*</fp>
      </footprints>
      <fields>
        <field name="Reference">R</field>
        <field name="Value">R</field>
      </fields>
      <pins>
        <pin num="1" name="~" type="passive"/>
        <pin num="2" name="~" type="passive"/>
      </pins>
    </libpart>
    <libpart lib="Device" part="R_POT">
      <description>Potentiometer</description>
      <docs>~</docs>
      <footprints>
        <fp>Potentiometer*</fp>
      </footprints>
      <fields>
        <field name="Reference">RV</field>
        <field name="Value">R_POT</field>
      </fields>
      <pins>
        <pin num="1" name="1" type="passive"/>
        <pin num="2" name="2" type="passive"/>
        <pin num="3" name="3" type="passive"/>
      </pins>
    </libpart>
    <libpart lib="Device" part="R_POT_TRIM">
      <description>Trim-potentiometer</description>
      <docs>~</docs>
      <footprints>
        <fp>Potentiometer*</fp>
      </footprints>
      <fields>
        <field name="Reference">RV</field>
        <field name="Value">R_POT_TRIM</field>
      </fields>
      <pins>
        <pin num="1" name="1" type="passive"/>
        <pin num="2" name="2" type="passive"/>
        <pin num="3" name="3" type="passive"/>
      </pins>
    </libpart>
    <libpart lib="Reference_Voltage" part="LM4040LP-2.0">
      <aliases>
        <alias>LM4040LP-2.5</alias>
        <alias>LM4040LP-3</alias>
        <alias>LM4040LP-4.1</alias>
        <alias>LM4040LP-5</alias>
        <alias>LM4040LP-8.2</alias>
        <alias>LM4040LP-10</alias>
      </aliases>
      <description>2.048V Precision Micropower Shunt Voltage Reference, TO-92</description>
      <docs>http://www.ti.com/lit/ds/symlink/lm4040-n.pdf</docs>
      <footprints>
        <fp>TO?92*Inline*</fp>
      </footprints>
      <fields>
        <field name="Reference">U</field>
        <field name="Value">LM4040LP-2.0</field>
        <field name="Footprint">Package_TO_SOT_THT:TO-92_Inline</field>
      </fields>
      <pins>
        <pin num="2" name="K" type="passive"/>
        <pin num="3" name="A" type="passive"/>
      </pins>
    </libpart>
    <libpart lib="Switch" part="SW_DPDT_x2">
      <description>Switch, dual pole double throw, separate symbols</description>
      <docs>~</docs>
      <footprints>
        <fp>SW*DPDT*</fp>
      </footprints>
      <fields>
        <field name="Reference">SW</field>
        <field name="Value">SW_DPDT_x2</field>
      </fields>
      <pins>
        <pin num="1" name="A" type="passive"/>
        <pin num="2" name="B" type="passive"/>
        <pin num="3" name="C" type="passive"/>
        <pin num="4" name="A" type="passive"/>
        <pin num="5" name="B" type="passive"/>
        <pin num="6" name="C" type="passive"/>
      </pins>
    </libpart>
    <libpart lib="Transistor_BJT" part="BC547">
      <aliases>
        <alias>BC546</alias>
        <alias>BC548</alias>
        <alias>BC549</alias>
        <alias>BC550</alias>
        <alias>BC337</alias>
        <alias>BC338</alias>
      </aliases>
      <description>0.1A Ic, 45V Vce, Small Signal NPN Transistor, TO-92</description>
      <docs>http://www.fairchildsemi.com/ds/BC/BC547.pdf</docs>
      <footprints>
        <fp>TO?92*</fp>
      </footprints>
      <fields>
        <field name="Reference">Q</field>
        <field name="Value">BC547</field>
        <field name="Footprint">Package_TO_SOT_THT:TO-92_Inline</field>
      </fields>
      <pins>
        <pin num="1" name="C" type="passive"/>
        <pin num="2" name="B" type="input"/>
        <pin num="3" name="E" type="passive"/>
      </pins>
    </libpart>
  </libparts>
  <libraries>
    <library logical="Amplifier_Operational">
      <uri>/Library/Application Support/kicad/library/Amplifier_Operational.lib</uri>
    </library>
    <library logical="Connector">
      <uri>/Library/Application Support/kicad/library/Connector.lib</uri>
    </library>
    <library logical="Device">
      <uri>/Library/Application Support/kicad/library/Device.lib</uri>
    </library>
    <library logical="Reference_Voltage">
      <uri>/Library/Application Support/kicad/library/Reference_Voltage.lib</uri>
    </library>
    <library logical="Switch">
      <uri>/Library/Application Support/kicad/library/Switch.lib</uri>
    </library>
    <library logical="Transistor_BJT">
      <uri>/Library/Application Support/kicad/library/Transistor_BJT.lib</uri>
    </library>
  </libraries>
  <nets>
    <net code="1" name="Net-(D17-Pad1)">
      <node ref="D17" pin="1"/>
      <node ref="D18" pin="2"/>
      <node ref="R21" pin="1"/>
    </net>
    <net code="2" name="Net-(D13-Pad1)">
      <node ref="R20" pin="1"/>
      <node ref="D14" pin="2"/>
      <node ref="D13" pin="1"/>
      <node ref="D16" pin="1"/>
      <node ref="D15" pin="2"/>
    </net>
    <net code="3" name="Net-(D10-Pad2)">
      <node ref="D11" pin="2"/>
      <node ref="D12" pin="1"/>
      <node ref="D9" pin="1"/>
      <node ref="D10" pin="2"/>
      <node ref="R19" pin="1"/>
    </net>
    <net code="4" name="Net-(D15-Pad1)">
      <node ref="D15" pin="1"/>
      <node ref="D17" pin="2"/>
      <node ref="D18" pin="1"/>
      <node ref="R25" pin="2"/>
      <node ref="D16" pin="2"/>
    </net>
    <net code="5" name="Net-(D11-Pad1)">
      <node ref="R24" pin="2"/>
      <node ref="D12" pin="2"/>
      <node ref="D11" pin="1"/>
      <node ref="D14" pin="1"/>
      <node ref="D13" pin="2"/>
    </net>
    <net code="6" name="Net-(D10-Pad1)">
      <node ref="D9" pin="2"/>
      <node ref="D10" pin="1"/>
      <node ref="R23" pin="2"/>
      <node ref="D7" pin="1"/>
      <node ref="D8" pin="2"/>
    </net>
    <net code="7" name="Net-(D5-Pad1)">
      <node ref="R18" pin="1"/>
      <node ref="D7" pin="2"/>
      <node ref="D8" pin="1"/>
      <node ref="D6" pin="2"/>
      <node ref="D5" pin="1"/>
    </net>
    <net code="8" name="Net-(D3-Pad1)">
      <node ref="D5" pin="2"/>
      <node ref="D6" pin="1"/>
      <node ref="D3" pin="1"/>
      <node ref="D4" pin="2"/>
      <node ref="R22" pin="2"/>
    </net>
    <net code="9" name="GND">
      <node ref="R13" pin="2"/>
      <node ref="BP2" pin="1"/>
      <node ref="BP1" pin="2"/>
      <node ref="BP4" pin="1"/>
      <node ref="BP3" pin="2"/>
      <node ref="R9" pin="2"/>
      <node ref="U1" pin="5"/>
      <node ref="Q2" pin="2"/>
      <node ref="Q3" pin="1"/>
      <node ref="U1" pin="3"/>
      <node ref="U1" pin="10"/>
      <node ref="C2" pin="1"/>
      <node ref="C1" pin="2"/>
      <node ref="J5" pin="3"/>
      <node ref="J5" pin="2"/>
      <node ref="U1" pin="12"/>
      <node ref="J3" pin="2"/>
      <node ref="J3" pin="3"/>
      <node ref="R4" pin="2"/>
      <node ref="U2" pin="5"/>
    </net>
    <net code="10" name="Net-(D19-Pad2)">
      <node ref="D19" pin="2"/>
      <node ref="D20" pin="1"/>
      <node ref="R26" pin="2"/>
      <node ref="U1" pin="2"/>
      <node ref="R23" pin="1"/>
      <node ref="R24" pin="1"/>
      <node ref="R25" pin="1"/>
      <node ref="R17" pin="1"/>
      <node ref="R22" pin="1"/>
    </net>
    <net code="11" name="Net-(R16-Pad1)">
      <node ref="U1" pin="7"/>
      <node ref="R16" pin="1"/>
      <node ref="R17" pin="2"/>
    </net>
    <net code="12" name="Net-(R15-Pad1)">
      <node ref="R15" pin="1"/>
      <node ref="R16" pin="2"/>
      <node ref="U1" pin="6"/>
      <node ref="R19" pin="2"/>
      <node ref="R18" pin="2"/>
      <node ref="R21" pin="2"/>
      <node ref="R20" pin="2"/>
    </net>
    <net code="13" name="Net-(D19-Pad1)">
      <node ref="U1" pin="1"/>
      <node ref="R26" pin="1"/>
      <node ref="D20" pin="2"/>
      <node ref="D19" pin="1"/>
      <node ref="R27" pin="2"/>
    </net>
    <net code="14" name="Net-(R27-Pad1)">
      <node ref="R28" pin="2"/>
      <node ref="R27" pin="1"/>
      <node ref="U1" pin="13"/>
    </net>
    <net code="15" name="Net-(D1-Pad1)">
      <node ref="R13" pin="1"/>
      <node ref="D1" pin="1"/>
      <node ref="D2" pin="2"/>
      <node ref="R14" pin="1"/>
    </net>
    <net code="16" name="Net-(J9-Pad1)">
      <node ref="U1" pin="14"/>
      <node ref="R28" pin="1"/>
      <node ref="J9" pin="1"/>
    </net>
    <net code="17" name="Net-(J9-Pad2)">
      <node ref="J9" pin="2"/>
      <node ref="R15" pin="2"/>
    </net>
    <net code="18" name="Net-(D1-Pad2)">
      <node ref="R12" pin="2"/>
      <node ref="D1" pin="2"/>
      <node ref="R11" pin="1"/>
      <node ref="D2" pin="1"/>
      <node ref="R40" pin="2"/>
      <node ref="U1" pin="9"/>
    </net>
    <net code="19" name="Net-(R10-Pad2)">
      <node ref="R7" pin="1"/>
      <node ref="R10" pin="2"/>
      <node ref="U2" pin="2"/>
    </net>
    <net code="20" name="Net-(R8-Pad1)">
      <node ref="R8" pin="1"/>
      <node ref="R9" pin="1"/>
      <node ref="U2" pin="3"/>
    </net>
    <net code="21" name="Net-(R10-Pad1)">
      <node ref="R10" pin="1"/>
      <node ref="U2" pin="1"/>
      <node ref="R11" pin="2"/>
    </net>
    <net code="22" name="Net-(Q2-Pad1)">
      <node ref="Q2" pin="1"/>
      <node ref="R6" pin="2"/>
      <node ref="R8" pin="2"/>
    </net>
    <net code="23" name="Net-(A1-Pad1)">
      <node ref="A1" pin="1"/>
      <node ref="R5" pin="1"/>
    </net>
    <net code="24" name="Net-(A1-Pad3)">
      <node ref="A1" pin="3"/>
      <node ref="R6" pin="1"/>
    </net>
    <net code="25" name="+15V">
      <node ref="BP1" pin="1"/>
      <node ref="U2" pin="8"/>
      <node ref="A2" pin="1"/>
      <node ref="A1" pin="2"/>
      <node ref="BP3" pin="1"/>
      <node ref="U1" pin="4"/>
      <node ref="C1" pin="1"/>
      <node ref="R1" pin="2"/>
      <node ref="J3" pin="1"/>
    </net>
    <net code="26" name="Net-(Q1-Pad1)">
      <node ref="R7" pin="2"/>
      <node ref="R5" pin="2"/>
      <node ref="Q1" pin="1"/>
    </net>
    <net code="27" name="Net-(Q1-Pad3)">
      <node ref="R35" pin="1"/>
      <node ref="Q2" pin="3"/>
      <node ref="Q1" pin="3"/>
    </net>
    <net code="28" name="Net-(Q3-Pad3)">
      <node ref="R35" pin="2"/>
      <node ref="R36" pin="1"/>
      <node ref="Q3" pin="3"/>
    </net>
    <net code="29" name="-15V">
      <node ref="R2" pin="2"/>
      <node ref="C2" pin="2"/>
      <node ref="R36" pin="2"/>
      <node ref="U1" pin="11"/>
      <node ref="BP4" pin="2"/>
      <node ref="U2" pin="4"/>
      <node ref="J3" pin="4"/>
      <node ref="BP2" pin="2"/>
      <node ref="A2" pin="3"/>
    </net>
    <net code="30" name="Net-(A2-Pad2)">
      <node ref="A2" pin="2"/>
      <node ref="R34" pin="2"/>
    </net>
    <net code="31" name="Net-(Q3-Pad2)">
      <node ref="R33" pin="1"/>
      <node ref="R34" pin="1"/>
      <node ref="Q3" pin="2"/>
    </net>
    <net code="32" name="Net-(R32-Pad1)">
      <node ref="R33" pin="2"/>
      <node ref="U2" pin="7"/>
      <node ref="R32" pin="1"/>
    </net>
    <net code="33" name="Net-(J3-Pad5)">
      <node ref="R4" pin="1"/>
      <node ref="J3" pin="5"/>
      <node ref="Q1" pin="2"/>
    </net>
    <net code="34" name="Net-(J3-Pad6)">
      <node ref="J3" pin="6"/>
      <node ref="U2" pin="6"/>
      <node ref="R32" pin="2"/>
    </net>
    <net code="35" name="Net-(J5-Pad1)">
      <node ref="R2" pin="1"/>
      <node ref="J5" pin="1"/>
    </net>
    <net code="36" name="Net-(J5-Pad4)">
      <node ref="J5" pin="4"/>
      <node ref="R1" pin="1"/>
    </net>
    <net code="37" name="+VDC">
      <node ref="R39" pin="1"/>
      <node ref="J6" pin="1"/>
      <node ref="BP6" pin="1"/>
      <node ref="U3" pin="8"/>
      <node ref="P1" pin="3"/>
    </net>
    <net code="38" name="GNDREF">
      <node ref="J11" pin="1"/>
      <node ref="J10" pin="1"/>
      <node ref="U4" pin="3"/>
      <node ref="BP5" pin="2"/>
      <node ref="P3" pin="1"/>
      <node ref="P1" pin="1"/>
      <node ref="J6" pin="3"/>
      <node ref="J6" pin="2"/>
      <node ref="U3" pin="5"/>
      <node ref="BP7" pin="1"/>
      <node ref="BP6" pin="2"/>
      <node ref="P4" pin="1"/>
    </net>
    <net code="39" name="+5V">
      <node ref="SW1" pin="4"/>
      <node ref="U3" pin="1"/>
      <node ref="U3" pin="2"/>
    </net>
    <net code="40" name="-5V">
      <node ref="U3" pin="7"/>
      <node ref="SW1" pin="3"/>
      <node ref="R38" pin="1"/>
    </net>
    <net code="41" name="Net-(R37-Pad2)">
      <node ref="R38" pin="2"/>
      <node ref="R37" pin="2"/>
      <node ref="U3" pin="6"/>
    </net>
    <net code="42" name="Net-(BP5-Pad1)">
      <node ref="R39" pin="2"/>
      <node ref="U4" pin="2"/>
      <node ref="BP5" pin="1"/>
      <node ref="R37" pin="1"/>
      <node ref="U3" pin="3"/>
    </net>
    <net code="43" name="Net-(J1-Pad1)">
      <node ref="R3" pin="2"/>
      <node ref="J1" pin="1"/>
    </net>
    <net code="44" name="Net-(J2-Pad1)">
      <node ref="J2" pin="1"/>
      <node ref="P3" pin="3"/>
    </net>
    <net code="45" name="Net-(P3-Pad2)">
      <node ref="R30" pin="2"/>
      <node ref="P3" pin="2"/>
    </net>
    <net code="46" name="Net-(P1-Pad2)">
      <node ref="R31" pin="2"/>
      <node ref="P1" pin="2"/>
    </net>
    <net code="47" name="Net-(J7-Pad1)">
      <node ref="J7" pin="1"/>
      <node ref="SW1" pin="1"/>
    </net>
    <net code="48" name="Net-(SW1-Pad2)">
      <node ref="SW1" pin="6"/>
      <node ref="SW1" pin="2"/>
    </net>
    <net code="49" name="Net-(P4-Pad3)">
      <node ref="SW1" pin="5"/>
      <node ref="P4" pin="3"/>
    </net>
    <net code="50" name="Net-(J8-Pad3)">
      <node ref="J8" pin="3"/>
      <node ref="P2" pin="1"/>
    </net>
    <net code="51" name="Net-(P2-Pad3)">
      <node ref="P2" pin="3"/>
    </net>
    <net code="52" name="Net-(J8-Pad1)">
      <node ref="R29" pin="1"/>
      <node ref="J8" pin="1"/>
    </net>
    <net code="53" name="Net-(J8-Pad2)">
      <node ref="P2" pin="2"/>
      <node ref="J8" pin="2"/>
    </net>
    <net code="54" name="Net-(J8-Pad4)">
      <node ref="P4" pin="2"/>
      <node ref="J8" pin="4"/>
    </net>
    <net code="55" name="Net-(J4-Pad1)">
      <node ref="J4" pin="1"/>
      <node ref="R29" pin="2"/>
    </net>
    <net code="56" name="Net-(J9-Pad4)">
      <node ref="J9" pin="4"/>
      <node ref="R40" pin="1"/>
    </net>
    <net code="57" name="-VDC">
      <node ref="BP7" pin="2"/>
      <node ref="U3" pin="4"/>
      <node ref="J6" pin="4"/>
    </net>
    <net code="58" name="Net-(J6-Pad5)">
      <node ref="R3" pin="1"/>
      <node ref="J6" pin="5"/>
    </net>
    <net code="59" name="Net-(J6-Pad6)">
      <node ref="R31" pin="1"/>
      <node ref="R30" pin="1"/>
      <node ref="J6" pin="6"/>
    </net>
    <net code="60" name="Net-(D3-Pad2)">
      <node ref="R14" pin="2"/>
      <node ref="R12" pin="1"/>
      <node ref="U1" pin="8"/>
      <node ref="D4" pin="1"/>
      <node ref="D3" pin="2"/>
      <node ref="J9" pin="3"/>
    </net>
  </nets>
</export>
